   Compiling proc-macro2 v1.0.107
   Compiling quote v1.0.47
   Compiling unicode-ident v1.0.24
   Compiling libc v0.2.189
   Compiling cfg-if v1.0.4
   Compiling shlex v2.0.1
   Compiling find-msvc-tools v0.1.9
   Compiling pin-project-lite v0.2.17
   Compiling memchr v2.8.3
   Compiling futures-core v0.3.33
   Compiling itoa v1.0.18
   Compiling smallvec v1.15.2
   Compiling once_cell v1.21.4
   Compiling serde_core v1.0.229
   Compiling zerocopy v0.8.55
   Compiling futures-io v0.3.33
   Compiling bytes v1.12.1
   Compiling serde v1.0.229
   Compiling version_check v0.9.5
   Compiling hashbrown v0.17.1
   Compiling bitflags v2.13.1
   Compiling equivalent v1.0.2
   Compiling crossbeam-utils v0.8.22
   Compiling futures-sink v0.3.33
   Compiling atomic-waker v1.1.2
   Compiling log v0.4.33
   Compiling stable_deref_trait v1.2.1
   Compiling percent-encoding v2.3.2
   Compiling regex-syntax v0.8.11
   Compiling slab v0.4.12
   Compiling getrandom v0.3.4
   Compiling autocfg v1.5.1
   Compiling zmij v1.0.23
   Compiling lazy_static v1.5.0
   Compiling futures-channel v0.3.33
   Compiling tracing-core v0.1.36
   Compiling bytemuck v1.25.2
   Compiling indexmap v2.14.0
   Compiling serde_json v1.0.151
   Compiling http v1.5.0
   Compiling aho-corasick v1.1.4
   Compiling scratch v1.0.9
   Compiling anyhow v1.0.104
   Compiling futures-task v0.3.33
   Compiling either v1.17.0
   Compiling cxxbridge-flags v1.0.198
   Compiling unicode-width v0.2.2
   Compiling termcolor v1.4.1
   Compiling encoding_rs v0.8.35
   Compiling regex-automata v0.4.16
   Compiling codespan-reporting v0.13.1
   Compiling strsim v0.11.1
   Compiling ident_case v1.0.1
   Compiling typenum v1.20.1
   Compiling crossbeam-epoch v0.9.20
   Compiling parking v2.2.1
   Compiling fnv v1.0.7
   Compiling event-listener v5.4.2
   Compiling http-body v1.1.0
   Compiling num-traits v0.2.19
   Compiling generic-array v0.14.7
   Compiling litemap v0.8.2
   Compiling paste v1.0.15
   Compiling jobserver v0.1.35
   Compiling socket2 v0.6.5
   Compiling mio v1.2.2
   Compiling cc v1.4.0
   Compiling getrandom v0.2.17
   Compiling crossbeam-deque v0.8.7
   Compiling rustversion v1.0.23
   Compiling thiserror v2.0.19
   Compiling zeroize v1.9.0
   Compiling writeable v0.6.3
   Compiling httparse v1.10.1
   Compiling rustls-pki-types v1.15.1
   Compiling link-cplusplus v1.0.12
   Compiling syn v2.0.119
   Compiling syn v3.0.3
   Compiling cxx v1.0.198
   Compiling ring v0.17.14
   Compiling concurrent-queue v2.5.0
   Compiling event-listener-strategy v0.5.4
   Compiling pkg-config v0.3.33
   Compiling synstructure v0.13.2
   Compiling serde_derive v1.0.229
   Compiling tokio-macros v2.7.2
   Compiling displaydoc v0.2.7
   Compiling tokio v1.53.1
   Compiling darling_core v0.20.11
   Compiling zerocopy-derive v0.8.55
   Compiling zerofrom-derive v0.1.7
   Compiling yoke-derive v0.8.2
   Compiling zerovec-derive v0.11.3
   Compiling zerofrom v0.1.8
   Compiling futures-macro v0.3.33
   Compiling tracing-attributes v0.1.31
   Compiling cxx-build v1.0.198
   Compiling futures-util v0.3.33
   Compiling tracing v0.1.44
   Compiling darling_macro v0.20.11
   Compiling thiserror-impl v2.0.19
   Compiling cxxbridge-macro v1.0.198
   Compiling tower-service v0.3.3
   Compiling icu_properties_data v2.2.0
   Compiling system-configuration-sys v0.6.0
   Compiling minimal-lexical v0.2.1
   Compiling icu_normalizer_data v2.2.0
   Compiling core-foundation-sys v0.8.7
   Compiling fastrand v2.5.0
   Compiling foldhash v0.2.0
   Compiling base64 v0.22.1
   Compiling utf8_iter v1.0.4
   Compiling mlx-sys v0.2.0 (/Users/xin/workspace/perf-dflash2-cache-miss-prefill/mlx-sys)
   Compiling rayon-core v1.13.0
   Compiling heck v0.5.0
   Compiling piper v0.2.5
   Compiling nom v7.1.3
   Compiling darling v0.20.11
   Compiling onig_sys v69.9.3
   Compiling async-channel v2.5.0
   Compiling ahash v0.8.12
   Compiling futures-lite v2.6.1
   Compiling untrusted v0.9.0
   Compiling arrayvec v0.7.8
   Compiling simd-adler32 v0.3.10
   Compiling parking_lot_core v0.9.12
   Compiling try-lock v0.2.5
   Compiling ref-cast v1.0.26
   Compiling async-task v4.7.1
   Compiling bitflags v1.3.2
   Compiling crc32fast v1.5.0
   Compiling symphonia-core v0.5.5
   Compiling blocking v1.6.2
   Compiling want v0.3.1
   Compiling tokio-util v0.7.19
   Compiling ppv-lite86 v0.2.21
   Compiling half v2.7.1
   Compiling yoke v0.8.3
   Compiling core-foundation v0.9.4
   Compiling ref-cast-impl v1.0.26
   Compiling regex v1.13.1
   Compiling h2 v0.4.16
   Compiling rand_core v0.6.4
   Compiling rustls v0.23.45
   Compiling scopeguard v1.2.0
   Compiling thiserror v1.0.69
   Compiling httpdate v1.0.3
   Compiling esaxx-rs v0.1.10
   Compiling adler2 v2.0.1
   Compiling miniz_oxide v0.8.9
   Compiling hyper v1.11.0
   Compiling system-configuration v0.7.0
   Compiling lock_api v0.4.14
   Compiling rand_chacha v0.3.1
   Compiling rayon v1.12.0
   Compiling rustls-webpki v0.103.15
   Compiling symphonia-metadata v0.5.5
   Compiling crypto-common v0.1.7
   Compiling block-buffer v0.10.4
   Compiling strum_macros v0.28.0
   Compiling monostate-impl v0.1.18
   Compiling thiserror-impl v1.0.69
   Compiling bytemuck_derive v1.11.0
   Compiling rand_core v0.9.5
   Compiling itertools v0.11.0
   Compiling derive_builder_core v0.20.2
   Compiling sync_wrapper v1.0.2
   Compiling macro_rules_attribute-proc_macro v0.2.3
   Compiling borrow-or-share v0.2.4
   Compiling base64 v0.13.1
   Compiling mime v0.3.17
   Compiling subtle v2.6.1
   Compiling unicode-segmentation v1.13.3
   Compiling ipnet v2.12.1
   Compiling pastey v0.2.3
   Compiling tower-layer v0.3.3
   Compiling strum v0.28.0
   Compiling spm_precompiled v0.1.4
   Compiling derive_builder_macro v0.20.2
   Compiling macro_rules_attribute v0.2.3
   Compiling rayon-cond v0.3.0
   Compiling derive_builder v0.20.2
   Compiling hyper-util v0.1.20
   Compiling rand_chacha v0.9.0
   Compiling monostate v0.1.18
   Compiling digest v0.10.7
   Compiling rand v0.8.7
   Compiling flate2 v1.1.9
   Compiling fdeflate v0.3.7
   Compiling cpufeatures v0.2.17
   Compiling parking_lot v0.12.5
   Compiling itertools v0.12.1
   Compiling form_urlencoded v1.2.2
   Compiling unicode-normalization-alignments v0.1.12
   Compiling bit-vec v0.8.0
   Compiling pxfm v0.1.30
   Compiling llguidance v1.7.6
   Compiling byteorder-lite v0.1.0
   Compiling quick-error v2.0.1
   Compiling unicase v2.9.0
   Compiling unicode_categories v0.1.1
   Compiling zune-core v0.5.1
   Compiling mime_guess v2.0.5
   Compiling image-webp v0.2.4
   Compiling zune-jpeg v0.5.15
   Compiling bit-set v0.8.0
   Compiling sha2 v0.10.9
   Compiling png v0.18.1
   Compiling moxcms v0.8.1
   Compiling rand v0.9.5
   Compiling zerovec v0.11.6
   Compiling zerotrie v0.2.4
   Compiling tower v0.5.3
   Compiling toktrie v1.7.6
   Compiling symphonia-utils-xiph v0.5.5
   Compiling mecab-sys v0.1.0
   Compiling http-body-util v0.1.4
   Compiling utf8parse v0.2.2
   Compiling portable-atomic v1.14.0
   Compiling getrandom v0.4.3
   Compiling memo-map v0.3.3
   Compiling option-ext v0.2.0
   Compiling dirs-sys v0.5.0
   Compiling image v0.25.10
   Compiling derivre v0.3.12
   Compiling minijinja v2.21.0
   Compiling fluent-uri v0.3.2
   Compiling referencing v0.29.1
   Compiling tokio-rustls v0.26.4
   Compiling anstyle-parse v1.0.0
   Compiling symphonia-bundle-flac v0.5.5
   Compiling fancy-regex v0.17.0
   Compiling symphonia-bundle-mp3 v0.5.5
   Compiling tinystr v0.8.3
   Compiling icu_locale_core v2.2.0
   Compiling potential_utf v0.1.5
   Compiling icu_collections v2.2.0
   Compiling icu_provider v2.2.0
   Compiling turboquant v0.2.0 (/Users/xin/workspace/perf-dflash2-cache-miss-prefill/turboquant)
   Compiling icu_properties v2.2.0
   Compiling icu_normalizer v2.2.0
   Compiling onig v6.5.3
   Compiling ordered-float v5.5.0
   Compiling generic-array v1.4.5
   Compiling webpki-roots v1.0.9
   Compiling bstr v1.13.1
   Compiling itertools v0.14.0
   Compiling idna_adapter v1.2.2
   Compiling idna v1.1.0
   Compiling fs-err v3.3.1
   Compiling multer v3.1.0
   Compiling anstyle-query v1.1.5
   Compiling bimap v0.6.3
   Compiling colorchoice v1.0.5
   Compiling superslice v1.0.0
   Compiling is_terminal_polyfill v1.70.2
   Compiling ryu v1.0.23
   Compiling url v2.5.8
   Compiling rustc-hash v2.1.3
   Compiling anstyle v1.0.14
   Compiling console v0.15.11
   Compiling tiktoken-rs v0.12.0
   Compiling serde_urlencoded v0.7.1
   Compiling anstream v1.0.0
   Compiling tower-http v0.6.11
   Compiling tokenizers v0.20.4
   Compiling hyper-rustls v0.27.9
   Compiling symphonia v0.5.5
   Compiling dirs v6.0.0
   Compiling futures-executor v0.3.33
   Compiling async-trait v0.1.91
   Compiling clap_lex v1.1.0
   Compiling spin v0.9.9
   Compiling number_prefix v0.4.0
   Compiling indicatif v0.17.11
   Compiling uuid v1.24.0
   Compiling clap_builder v4.6.5
   Compiling axum-core v0.4.5
   Compiling futures v0.3.33
   Compiling arc-swap v1.9.2
   Compiling clap_derive v4.6.4
   Compiling axum-macros v0.4.2
   Compiling rustls-pemfile v2.2.0
   Compiling reqwest v0.12.28
   Compiling matchers v0.2.0
   Compiling serde_path_to_error v0.1.20
   Compiling num_cpus v1.17.0
   Compiling tracing-log v0.2.0
   Compiling sharded-slab v0.1.7
   Compiling thread_local v1.1.10
   Compiling matchit v0.7.3
   Compiling nu-ansi-term v0.50.3
   Compiling clap v4.6.5
   Compiling tracing-subscriber v0.3.23
   Compiling tokio-stream v0.1.19
   Compiling rustfst v1.3.1
   Compiling hf-hub v0.4.3
   Compiling axum-server v0.7.3
   Compiling axum v0.7.9
warning: mlx-sys@0.2.0: In file included from /Users/xin/workspace/perf-dflash2-cache-miss-prefill/target/release/build/mlx-sys-ede23095b4887794/out/cxxbridge/sources/mlx-sys/src/bridge/array.rs.cc:1:
warning: mlx-sys@0.2.0: In file included from shim/include/cxx_mlx_shim/array.h:7:
warning: mlx-sys@0.2.0: In file included from /Users/xin/.local/mlx/include/mlx/array.h:10:
warning: mlx-sys@0.2.0: /Users/xin/.local/mlx/include/mlx/allocator.h:39:36: warning: unused parameter 'ptr' [-Wunused-parameter]
warning: mlx-sys@0.2.0:    39 |   virtual Buffer make_buffer(void* ptr, size_t size) {
warning: mlx-sys@0.2.0:       |                                    ^
warning: mlx-sys@0.2.0: /Users/xin/.local/mlx/include/mlx/allocator.h:39:48: warning: unused parameter 'size' [-Wunused-parameter]
warning: mlx-sys@0.2.0:    39 |   virtual Buffer make_buffer(void* ptr, size_t size) {
warning: mlx-sys@0.2.0:       |                                                ^
warning: mlx-sys@0.2.0: /Users/xin/.local/mlx/include/mlx/allocator.h:42:31: warning: unused parameter 'buffer' [-Wunused-parameter]
warning: mlx-sys@0.2.0:    42 |   virtual void release(Buffer buffer) {}
warning: mlx-sys@0.2.0:       |                               ^
warning: mlx-sys@0.2.0: In file included from /Users/xin/workspace/perf-dflash2-cache-miss-prefill/target/release/build/mlx-sys-ede23095b4887794/out/cxxbridge/sources/mlx-sys/src/bridge/array.rs.cc:1:
warning: mlx-sys@0.2.0: In file included from shim/include/cxx_mlx_shim/array.h:7:
warning: mlx-sys@0.2.0: In file included from /Users/xin/.local/mlx/include/mlx/array.h:12:
warning: mlx-sys@0.2.0: In file included from /Users/xin/.local/mlx/include/mlx/dtype.h:9:
warning: mlx-sys@0.2.0: In file included from /Users/xin/.local/mlx/include/mlx/types/complex.h:5:
warning: mlx-sys@0.2.0: In file included from /Users/xin/.local/mlx/include/mlx/types/half_types.h:32:
warning: mlx-sys@0.2.0: /Users/xin/.local/mlx/include/mlx/types/bf16.h:29:3: warning: definition of implicit copy assignment operator for '_MLX_BFloat16' is deprecated because it has a user-declared copy constructor [-Wdeprecated-copy]
warning: mlx-sys@0.2.0:    29 |   _MLX_BFloat16(_MLX_BFloat16 const&) = default;
warning: mlx-sys@0.2.0:       |   ^
warning: mlx-sys@0.2.0: /Users/xin/.local/mlx/include/mlx/types/bf16.h:38:19: note: in implicit copy assignment operator for 'mlx::core::_MLX_BFloat16' first required here
warning: mlx-sys@0.2.0:    38 |     return (*this = _MLX_BFloat16(x));
warning: mlx-sys@0.2.0:       |                   ^
warning: mlx-sys@0.2.0: 4 warnings generated.
warning: mlx-sys@0.2.0: In file included from /Users/xin/workspace/perf-dflash2-cache-miss-prefill/target/release/build/mlx-sys-ede23095b4887794/out/cxxbridge/sources/mlx-sys/src/bridge/compile.rs.cc:1:
warning: mlx-sys@0.2.0: In file included from shim/include/cxx_mlx_shim/compile.h:9:
warning: mlx-sys@0.2.0: In file included from /Users/xin/.local/mlx/include/mlx/array.h:10:
warning: mlx-sys@0.2.0: /Users/xin/.local/mlx/include/mlx/allocator.h:39:36: warning: unused parameter 'ptr' [-Wunused-parameter]
warning: mlx-sys@0.2.0:    39 |   virtual Buffer make_buffer(void* ptr, size_t size) {
warning: mlx-sys@0.2.0:       |                                    ^
warning: mlx-sys@0.2.0: /Users/xin/.local/mlx/include/mlx/allocator.h:39:48: warning: unused parameter 'size' [-Wunused-parameter]
warning: mlx-sys@0.2.0:    39 |   virtual Buffer make_buffer(void* ptr, size_t size) {
warning: mlx-sys@0.2.0:       |                                                ^
warning: mlx-sys@0.2.0: /Users/xin/.local/mlx/include/mlx/allocator.h:42:31: warning: unused parameter 'buffer' [-Wunused-parameter]
warning: mlx-sys@0.2.0:    42 |   virtual void release(Buffer buffer) {}
warning: mlx-sys@0.2.0:       |                               ^
warning: mlx-sys@0.2.0: In file included from /Users/xin/workspace/perf-dflash2-cache-miss-prefill/target/release/build/mlx-sys-ede23095b4887794/out/cxxbridge/sources/mlx-sys/src/bridge/compile.rs.cc:1:
warning: mlx-sys@0.2.0: In file included from shim/include/cxx_mlx_shim/compile.h:9:
warning: mlx-sys@0.2.0: In file included from /Users/xin/.local/mlx/include/mlx/array.h:12:
warning: mlx-sys@0.2.0: In file included from /Users/xin/.local/mlx/include/mlx/dtype.h:9:
warning: mlx-sys@0.2.0: In file included from /Users/xin/.local/mlx/include/mlx/types/complex.h:5:
warning: mlx-sys@0.2.0: In file included from /Users/xin/.local/mlx/include/mlx/types/half_types.h:32:
warning: mlx-sys@0.2.0: /Users/xin/.local/mlx/include/mlx/types/bf16.h:29:3: warning: definition of implicit copy assignment operator for '_MLX_BFloat16' is deprecated because it has a user-declared copy constructor [-Wdeprecated-copy]
warning: mlx-sys@0.2.0:    29 |   _MLX_BFloat16(_MLX_BFloat16 const&) = default;
warning: mlx-sys@0.2.0:       |   ^
warning: mlx-sys@0.2.0: /Users/xin/.local/mlx/include/mlx/types/bf16.h:38:19: note: in implicit copy assignment operator for 'mlx::core::_MLX_BFloat16' first required here
warning: mlx-sys@0.2.0:    38 |     return (*this = _MLX_BFloat16(x));
warning: mlx-sys@0.2.0:       |                   ^
warning: mlx-sys@0.2.0: 4 warnings generated.
warning: mlx-sys@0.2.0: In file included from /Users/xin/workspace/perf-dflash2-cache-miss-prefill/target/release/build/mlx-sys-ede23095b4887794/out/cxxbridge/sources/mlx-sys/src/bridge/conv.rs.cc:1:
warning: mlx-sys@0.2.0: In file included from shim/include/cxx_mlx_shim/conv.h:6:
warning: mlx-sys@0.2.0: In file included from /Users/xin/.local/mlx/include/mlx/array.h:10:
warning: mlx-sys@0.2.0: /Users/xin/.local/mlx/include/mlx/allocator.h:39:36: warning: unused parameter 'ptr' [-Wunused-parameter]
warning: mlx-sys@0.2.0:    39 |   virtual Buffer make_buffer(void* ptr, size_t size) {
warning: mlx-sys@0.2.0:       |                                    ^
warning: mlx-sys@0.2.0: /Users/xin/.local/mlx/include/mlx/allocator.h:39:48: warning: unused parameter 'size' [-Wunused-parameter]
warning: mlx-sys@0.2.0:    39 |   virtual Buffer make_buffer(void* ptr, size_t size) {
warning: mlx-sys@0.2.0:       |                                                ^
warning: mlx-sys@0.2.0: /Users/xin/.local/mlx/include/mlx/allocator.h:42:31: warning: unused parameter 'buffer' [-Wunused-parameter]
warning: mlx-sys@0.2.0:    42 |   virtual void release(Buffer buffer) {}
warning: mlx-sys@0.2.0:       |                               ^
warning: mlx-sys@0.2.0: In file included from /Users/xin/workspace/perf-dflash2-cache-miss-prefill/target/release/build/mlx-sys-ede23095b4887794/out/cxxbridge/sources/mlx-sys/src/bridge/conv.rs.cc:1:
warning: mlx-sys@0.2.0: In file included from shim/include/cxx_mlx_shim/conv.h:6:
warning: mlx-sys@0.2.0: In file included from /Users/xin/.local/mlx/include/mlx/array.h:12:
warning: mlx-sys@0.2.0: In file included from /Users/xin/.local/mlx/include/mlx/dtype.h:9:
warning: mlx-sys@0.2.0: In file included from /Users/xin/.local/mlx/include/mlx/types/complex.h:5:
warning: mlx-sys@0.2.0: In file included from /Users/xin/.local/mlx/include/mlx/types/half_types.h:32:
warning: mlx-sys@0.2.0: /Users/xin/.local/mlx/include/mlx/types/bf16.h:29:3: warning: definition of implicit copy assignment operator for '_MLX_BFloat16' is deprecated because it has a user-declared copy constructor [-Wdeprecated-copy]
warning: mlx-sys@0.2.0:    29 |   _MLX_BFloat16(_MLX_BFloat16 const&) = default;
warning: mlx-sys@0.2.0:       |   ^
warning: mlx-sys@0.2.0: /Users/xin/.local/mlx/include/mlx/types/bf16.h:38:19: note: in implicit copy assignment operator for 'mlx::core::_MLX_BFloat16' first required here
warning: mlx-sys@0.2.0:    38 |     return (*this = _MLX_BFloat16(x));
warning: mlx-sys@0.2.0:       |                   ^
warning: mlx-sys@0.2.0: 4 warnings generated.
warning: mlx-sys@0.2.0: In file included from /Users/xin/workspace/perf-dflash2-cache-miss-prefill/target/release/build/mlx-sys-ede23095b4887794/out/cxxbridge/sources/mlx-sys/src/bridge/fft.rs.cc:1:
warning: mlx-sys@0.2.0: In file included from shim/include/cxx_mlx_shim/fft.h:2:
warning: mlx-sys@0.2.0: In file included from /Users/xin/.local/mlx/include/mlx/array.h:10:
warning: mlx-sys@0.2.0: /Users/xin/.local/mlx/include/mlx/allocator.h:39:36: warning: unused parameter 'ptr' [-Wunused-parameter]
warning: mlx-sys@0.2.0:    39 |   virtual Buffer make_buffer(void* ptr, size_t size) {
warning: mlx-sys@0.2.0:       |                                    ^
warning: mlx-sys@0.2.0: /Users/xin/.local/mlx/include/mlx/allocator.h:39:48: warning: unused parameter 'size' [-Wunused-parameter]
warning: mlx-sys@0.2.0:    39 |   virtual Buffer make_buffer(void* ptr, size_t size) {
warning: mlx-sys@0.2.0:       |                                                ^
warning: mlx-sys@0.2.0: /Users/xin/.local/mlx/include/mlx/allocator.h:42:31: warning: unused parameter 'buffer' [-Wunused-parameter]
warning: mlx-sys@0.2.0:    42 |   virtual void release(Buffer buffer) {}
warning: mlx-sys@0.2.0:       |                               ^
warning: mlx-sys@0.2.0: In file included from /Users/xin/workspace/perf-dflash2-cache-miss-prefill/target/release/build/mlx-sys-ede23095b4887794/out/cxxbridge/sources/mlx-sys/src/bridge/fft.rs.cc:1:
warning: mlx-sys@0.2.0: In file included from shim/include/cxx_mlx_shim/fft.h:2:
warning: mlx-sys@0.2.0: In file included from /Users/xin/.local/mlx/include/mlx/array.h:12:
warning: mlx-sys@0.2.0: In file included from /Users/xin/.local/mlx/include/mlx/dtype.h:9:
warning: mlx-sys@0.2.0: In file included from /Users/xin/.local/mlx/include/mlx/types/complex.h:5:
warning: mlx-sys@0.2.0: In file included from /Users/xin/.local/mlx/include/mlx/types/half_types.h:32:
warning: mlx-sys@0.2.0: /Users/xin/.local/mlx/include/mlx/types/bf16.h:29:3: warning: definition of implicit copy assignment operator for '_MLX_BFloat16' is deprecated because it has a user-declared copy constructor [-Wdeprecated-copy]
warning: mlx-sys@0.2.0:    29 |   _MLX_BFloat16(_MLX_BFloat16 const&) = default;
warning: mlx-sys@0.2.0:       |   ^
warning: mlx-sys@0.2.0: /Users/xin/.local/mlx/include/mlx/types/bf16.h:38:19: note: in implicit copy assignment operator for 'mlx::core::_MLX_BFloat16' first required here
warning: mlx-sys@0.2.0:    38 |     return (*this = _MLX_BFloat16(x));
warning: mlx-sys@0.2.0:       |                   ^
warning: mlx-sys@0.2.0: 4 warnings generated.
warning: mlx-sys@0.2.0: In file included from /Users/xin/workspace/perf-dflash2-cache-miss-prefill/target/release/build/mlx-sys-ede23095b4887794/out/cxxbridge/sources/mlx-sys/src/bridge/stream.rs.cc:1:
warning: mlx-sys@0.2.0: In file included from shim/include/cxx_mlx_shim/stream.h:8:
warning: mlx-sys@0.2.0: In file included from /Users/xin/.local/mlx/include/mlx/array.h:10:
warning: mlx-sys@0.2.0: /Users/xin/.local/mlx/include/mlx/allocator.h:39:36: warning: unused parameter 'ptr' [-Wunused-parameter]
warning: mlx-sys@0.2.0:    39 |   virtual Buffer make_buffer(void* ptr, size_t size) {
warning: mlx-sys@0.2.0:       |                                    ^
warning: mlx-sys@0.2.0: /Users/xin/.local/mlx/include/mlx/allocator.h:39:48: warning: unused parameter 'size' [-Wunused-parameter]
warning: mlx-sys@0.2.0:    39 |   virtual Buffer make_buffer(void* ptr, size_t size) {
warning: mlx-sys@0.2.0:       |                                                ^
warning: mlx-sys@0.2.0: /Users/xin/.local/mlx/include/mlx/allocator.h:42:31: warning: unused parameter 'buffer' [-Wunused-parameter]
warning: mlx-sys@0.2.0:    42 |   virtual void release(Buffer buffer) {}
warning: mlx-sys@0.2.0:       |                               ^
warning: mlx-sys@0.2.0: In file included from /Users/xin/workspace/perf-dflash2-cache-miss-prefill/target/release/build/mlx-sys-ede23095b4887794/out/cxxbridge/sources/mlx-sys/src/bridge/stream.rs.cc:1:
warning: mlx-sys@0.2.0: In file included from shim/include/cxx_mlx_shim/stream.h:8:
warning: mlx-sys@0.2.0: In file included from /Users/xin/.local/mlx/include/mlx/array.h:12:
warning: mlx-sys@0.2.0: In file included from /Users/xin/.local/mlx/include/mlx/dtype.h:9:
warning: mlx-sys@0.2.0: In file included from /Users/xin/.local/mlx/include/mlx/types/complex.h:5:
warning: mlx-sys@0.2.0: In file included from /Users/xin/.local/mlx/include/mlx/types/half_types.h:32:
warning: mlx-sys@0.2.0: /Users/xin/.local/mlx/include/mlx/types/bf16.h:29:3: warning: definition of implicit copy assignment operator for '_MLX_BFloat16' is deprecated because it has a user-declared copy constructor [-Wdeprecated-copy]
warning: mlx-sys@0.2.0:    29 |   _MLX_BFloat16(_MLX_BFloat16 const&) = default;
warning: mlx-sys@0.2.0:       |   ^
warning: mlx-sys@0.2.0: /Users/xin/.local/mlx/include/mlx/types/bf16.h:38:19: note: in implicit copy assignment operator for 'mlx::core::_MLX_BFloat16' first required here
warning: mlx-sys@0.2.0:    38 |     return (*this = _MLX_BFloat16(x));
warning: mlx-sys@0.2.0:       |                   ^
warning: mlx-sys@0.2.0: 4 warnings generated.
warning: mlx-sys@0.2.0: In file included from /Users/xin/workspace/perf-dflash2-cache-miss-prefill/target/release/build/mlx-sys-ede23095b4887794/out/cxxbridge/sources/mlx-sys/src/bridge/fast.rs.cc:1:
warning: mlx-sys@0.2.0: In file included from shim/include/cxx_mlx_shim/fast.h:8:
warning: mlx-sys@0.2.0: In file included from /Users/xin/.local/mlx/include/mlx/array.h:10:
warning: mlx-sys@0.2.0: /Users/xin/.local/mlx/include/mlx/allocator.h:39:36: warning: unused parameter 'ptr' [-Wunused-parameter]
warning: mlx-sys@0.2.0:    39 |   virtual Buffer make_buffer(void* ptr, size_t size) {
warning: mlx-sys@0.2.0:       |                                    ^
warning: mlx-sys@0.2.0: /Users/xin/.local/mlx/include/mlx/allocator.h:39:48: warning: unused parameter 'size' [-Wunused-parameter]
warning: mlx-sys@0.2.0:    39 |   virtual Buffer make_buffer(void* ptr, size_t size) {
warning: mlx-sys@0.2.0:       |                                                ^
warning: mlx-sys@0.2.0: /Users/xin/.local/mlx/include/mlx/allocator.h:42:31: warning: unused parameter 'buffer' [-Wunused-parameter]
warning: mlx-sys@0.2.0:    42 |   virtual void release(Buffer buffer) {}
warning: mlx-sys@0.2.0:       |                               ^
warning: mlx-sys@0.2.0: In file included from /Users/xin/workspace/perf-dflash2-cache-miss-prefill/target/release/build/mlx-sys-ede23095b4887794/out/cxxbridge/sources/mlx-sys/src/bridge/fast.rs.cc:1:
warning: mlx-sys@0.2.0: In file included from shim/include/cxx_mlx_shim/fast.h:8:
warning: mlx-sys@0.2.0: In file included from /Users/xin/.local/mlx/include/mlx/array.h:12:
warning: mlx-sys@0.2.0: In file included from /Users/xin/.local/mlx/include/mlx/dtype.h:9:
warning: mlx-sys@0.2.0: In file included from /Users/xin/.local/mlx/include/mlx/types/complex.h:5:
warning: mlx-sys@0.2.0: In file included from /Users/xin/.local/mlx/include/mlx/types/half_types.h:32:
warning: mlx-sys@0.2.0: /Users/xin/.local/mlx/include/mlx/types/bf16.h:29:3: warning: definition of implicit copy assignment operator for '_MLX_BFloat16' is deprecated because it has a user-declared copy constructor [-Wdeprecated-copy]
warning: mlx-sys@0.2.0:    29 |   _MLX_BFloat16(_MLX_BFloat16 const&) = default;
warning: mlx-sys@0.2.0:       |   ^
warning: mlx-sys@0.2.0: /Users/xin/.local/mlx/include/mlx/types/bf16.h:38:19: note: in implicit copy assignment operator for 'mlx::core::_MLX_BFloat16' first required here
warning: mlx-sys@0.2.0:    38 |     return (*this = _MLX_BFloat16(x));
warning: mlx-sys@0.2.0:       |                   ^
warning: mlx-sys@0.2.0: 4 warnings generated.
warning: mlx-sys@0.2.0: In file included from /Users/xin/workspace/perf-dflash2-cache-miss-prefill/target/release/build/mlx-sys-ede23095b4887794/out/cxxbridge/sources/mlx-sys/src/bridge/io.rs.cc:1:
warning: mlx-sys@0.2.0: In file included from shim/include/cxx_mlx_shim/io.h:14:
warning: mlx-sys@0.2.0: In file included from /Users/xin/.local/mlx/include/mlx/io.h:9:
warning: mlx-sys@0.2.0: In file included from /Users/xin/.local/mlx/include/mlx/array.h:10:
warning: mlx-sys@0.2.0: /Users/xin/.local/mlx/include/mlx/allocator.h:39:36: warning: unused parameter 'ptr' [-Wunused-parameter]
warning: mlx-sys@0.2.0:    39 |   virtual Buffer make_buffer(void* ptr, size_t size) {
warning: mlx-sys@0.2.0:       |                                    ^
warning: mlx-sys@0.2.0: /Users/xin/.local/mlx/include/mlx/allocator.h:39:48: warning: unused parameter 'size' [-Wunused-parameter]
warning: mlx-sys@0.2.0:    39 |   virtual Buffer make_buffer(void* ptr, size_t size) {
warning: mlx-sys@0.2.0:       |                                                ^
warning: mlx-sys@0.2.0: /Users/xin/.local/mlx/include/mlx/allocator.h:42:31: warning: unused parameter 'buffer' [-Wunused-parameter]
warning: mlx-sys@0.2.0:    42 |   virtual void release(Buffer buffer) {}
warning: mlx-sys@0.2.0:       |                               ^
warning: mlx-sys@0.2.0: In file included from /Users/xin/workspace/perf-dflash2-cache-miss-prefill/target/release/build/mlx-sys-ede23095b4887794/out/cxxbridge/sources/mlx-sys/src/bridge/io.rs.cc:1:
warning: mlx-sys@0.2.0: In file included from shim/include/cxx_mlx_shim/io.h:14:
warning: mlx-sys@0.2.0: In file included from /Users/xin/.local/mlx/include/mlx/io.h:9:
warning: mlx-sys@0.2.0: In file included from /Users/xin/.local/mlx/include/mlx/array.h:12:
warning: mlx-sys@0.2.0: In file included from /Users/xin/.local/mlx/include/mlx/dtype.h:9:
warning: mlx-sys@0.2.0: In file included from /Users/xin/.local/mlx/include/mlx/types/complex.h:5:
warning: mlx-sys@0.2.0: In file included from /Users/xin/.local/mlx/include/mlx/types/half_types.h:32:
warning: mlx-sys@0.2.0: /Users/xin/.local/mlx/include/mlx/types/bf16.h:29:3: warning: definition of implicit copy assignment operator for '_MLX_BFloat16' is deprecated because it has a user-declared copy constructor [-Wdeprecated-copy]
warning: mlx-sys@0.2.0:    29 |   _MLX_BFloat16(_MLX_BFloat16 const&) = default;
warning: mlx-sys@0.2.0:       |   ^
warning: mlx-sys@0.2.0: /Users/xin/.local/mlx/include/mlx/types/bf16.h:38:19: note: in implicit copy assignment operator for 'mlx::core::_MLX_BFloat16' first required here
warning: mlx-sys@0.2.0:    38 |     return (*this = _MLX_BFloat16(x));
warning: mlx-sys@0.2.0:       |                   ^
warning: mlx-sys@0.2.0: 4 warnings generated.
warning: mlx-sys@0.2.0: In file included from /Users/xin/workspace/perf-dflash2-cache-miss-prefill/target/release/build/mlx-sys-ede23095b4887794/out/cxxbridge/sources/mlx-sys/src/bridge/quantization.rs.cc:1:
warning: mlx-sys@0.2.0: In file included from shim/include/cxx_mlx_shim/quantization.h:10:
warning: mlx-sys@0.2.0: In file included from /Users/xin/.local/mlx/include/mlx/array.h:10:
warning: mlx-sys@0.2.0: /Users/xin/.local/mlx/include/mlx/allocator.h:39:36: warning: unused parameter 'ptr' [-Wunused-parameter]
warning: mlx-sys@0.2.0:    39 |   virtual Buffer make_buffer(void* ptr, size_t size) {
warning: mlx-sys@0.2.0:       |                                    ^
warning: mlx-sys@0.2.0: /Users/xin/.local/mlx/include/mlx/allocator.h:39:48: warning: unused parameter 'size' [-Wunused-parameter]
warning: mlx-sys@0.2.0:    39 |   virtual Buffer make_buffer(void* ptr, size_t size) {
warning: mlx-sys@0.2.0:       |                                                ^
warning: mlx-sys@0.2.0: /Users/xin/.local/mlx/include/mlx/allocator.h:42:31: warning: unused parameter 'buffer' [-Wunused-parameter]
warning: mlx-sys@0.2.0:    42 |   virtual void release(Buffer buffer) {}
warning: mlx-sys@0.2.0:       |                               ^
warning: mlx-sys@0.2.0: In file included from /Users/xin/workspace/perf-dflash2-cache-miss-prefill/target/release/build/mlx-sys-ede23095b4887794/out/cxxbridge/sources/mlx-sys/src/bridge/quantization.rs.cc:1:
warning: mlx-sys@0.2.0: In file included from shim/include/cxx_mlx_shim/quantization.h:10:
warning: mlx-sys@0.2.0: In file included from /Users/xin/.local/mlx/include/mlx/array.h:12:
warning: mlx-sys@0.2.0: In file included from /Users/xin/.local/mlx/include/mlx/dtype.h:9:
warning: mlx-sys@0.2.0: In file included from /Users/xin/.local/mlx/include/mlx/types/complex.h:5:
warning: mlx-sys@0.2.0: In file included from /Users/xin/.local/mlx/include/mlx/types/half_types.h:32:
warning: mlx-sys@0.2.0: /Users/xin/.local/mlx/include/mlx/types/bf16.h:29:3: warning: definition of implicit copy assignment operator for '_MLX_BFloat16' is deprecated because it has a user-declared copy constructor [-Wdeprecated-copy]
warning: mlx-sys@0.2.0:    29 |   _MLX_BFloat16(_MLX_BFloat16 const&) = default;
warning: mlx-sys@0.2.0:       |   ^
warning: mlx-sys@0.2.0: /Users/xin/.local/mlx/include/mlx/types/bf16.h:38:19: note: in implicit copy assignment operator for 'mlx::core::_MLX_BFloat16' first required here
warning: mlx-sys@0.2.0:    38 |     return (*this = _MLX_BFloat16(x));
warning: mlx-sys@0.2.0:       |                   ^
warning: mlx-sys@0.2.0: 4 warnings generated.
warning: mlx-sys@0.2.0: In file included from /Users/xin/workspace/perf-dflash2-cache-miss-prefill/target/release/build/mlx-sys-ede23095b4887794/out/cxxbridge/sources/mlx-sys/src/bridge/random.rs.cc:1:
warning: mlx-sys@0.2.0: In file included from shim/include/cxx_mlx_shim/random.h:7:
warning: mlx-sys@0.2.0: In file included from /Users/xin/.local/mlx/include/mlx/array.h:10:
warning: mlx-sys@0.2.0: /Users/xin/.local/mlx/include/mlx/allocator.h:39:36: warning: unused parameter 'ptr' [-Wunused-parameter]
warning: mlx-sys@0.2.0:    39 |   virtual Buffer make_buffer(void* ptr, size_t size) {
warning: mlx-sys@0.2.0:       |                                    ^
warning: mlx-sys@0.2.0: /Users/xin/.local/mlx/include/mlx/allocator.h:39:48: warning: unused parameter 'size' [-Wunused-parameter]
warning: mlx-sys@0.2.0:    39 |   virtual Buffer make_buffer(void* ptr, size_t size) {
warning: mlx-sys@0.2.0:       |                                                ^
warning: mlx-sys@0.2.0: /Users/xin/.local/mlx/include/mlx/allocator.h:42:31: warning: unused parameter 'buffer' [-Wunused-parameter]
warning: mlx-sys@0.2.0:    42 |   virtual void release(Buffer buffer) {}
warning: mlx-sys@0.2.0:       |                               ^
warning: mlx-sys@0.2.0: In file included from /Users/xin/workspace/perf-dflash2-cache-miss-prefill/target/release/build/mlx-sys-ede23095b4887794/out/cxxbridge/sources/mlx-sys/src/bridge/random.rs.cc:1:
warning: mlx-sys@0.2.0: In file included from shim/include/cxx_mlx_shim/random.h:7:
warning: mlx-sys@0.2.0: In file included from /Users/xin/.local/mlx/include/mlx/array.h:12:
warning: mlx-sys@0.2.0: In file included from /Users/xin/.local/mlx/include/mlx/dtype.h:9:
warning: mlx-sys@0.2.0: In file included from /Users/xin/.local/mlx/include/mlx/types/complex.h:5:
warning: mlx-sys@0.2.0: In file included from /Users/xin/.local/mlx/include/mlx/types/half_types.h:32:
warning: mlx-sys@0.2.0: /Users/xin/.local/mlx/include/mlx/types/bf16.h:29:3: warning: definition of implicit copy assignment operator for '_MLX_BFloat16' is deprecated because it has a user-declared copy constructor [-Wdeprecated-copy]
warning: mlx-sys@0.2.0:    29 |   _MLX_BFloat16(_MLX_BFloat16 const&) = default;
warning: mlx-sys@0.2.0:       |   ^
warning: mlx-sys@0.2.0: /Users/xin/.local/mlx/include/mlx/types/bf16.h:38:19: note: in implicit copy assignment operator for 'mlx::core::_MLX_BFloat16' first required here
warning: mlx-sys@0.2.0:    38 |     return (*this = _MLX_BFloat16(x));
warning: mlx-sys@0.2.0:       |                   ^
warning: mlx-sys@0.2.0: 4 warnings generated.
warning: mlx-sys@0.2.0: In file included from shim/src/array.cc:1:
warning: mlx-sys@0.2.0: In file included from shim/include/cxx_mlx_shim/array.h:7:
warning: mlx-sys@0.2.0: In file included from /Users/xin/.local/mlx/include/mlx/array.h:10:
warning: mlx-sys@0.2.0: /Users/xin/.local/mlx/include/mlx/allocator.h:39:36: warning: unused parameter 'ptr' [-Wunused-parameter]
warning: mlx-sys@0.2.0:    39 |   virtual Buffer make_buffer(void* ptr, size_t size) {
warning: mlx-sys@0.2.0:       |                                    ^
warning: mlx-sys@0.2.0: /Users/xin/.local/mlx/include/mlx/allocator.h:39:48: warning: unused parameter 'size' [-Wunused-parameter]
warning: mlx-sys@0.2.0:    39 |   virtual Buffer make_buffer(void* ptr, size_t size) {
warning: mlx-sys@0.2.0:       |                                                ^
warning: mlx-sys@0.2.0: /Users/xin/.local/mlx/include/mlx/allocator.h:42:31: warning: unused parameter 'buffer' [-Wunused-parameter]
warning: mlx-sys@0.2.0:    42 |   virtual void release(Buffer buffer) {}
warning: mlx-sys@0.2.0:       |                               ^
warning: mlx-sys@0.2.0: In file included from shim/src/array.cc:1:
warning: mlx-sys@0.2.0: In file included from shim/include/cxx_mlx_shim/array.h:7:
warning: mlx-sys@0.2.0: In file included from /Users/xin/.local/mlx/include/mlx/array.h:12:
warning: mlx-sys@0.2.0: In file included from /Users/xin/.local/mlx/include/mlx/dtype.h:9:
warning: mlx-sys@0.2.0: In file included from /Users/xin/.local/mlx/include/mlx/types/complex.h:5:
warning: mlx-sys@0.2.0: In file included from /Users/xin/.local/mlx/include/mlx/types/half_types.h:32:
warning: mlx-sys@0.2.0: /Users/xin/.local/mlx/include/mlx/types/bf16.h:29:3: warning: definition of implicit copy assignment operator for '_MLX_BFloat16' is deprecated because it has a user-declared copy constructor [-Wdeprecated-copy]
warning: mlx-sys@0.2.0:    29 |   _MLX_BFloat16(_MLX_BFloat16 const&) = default;
warning: mlx-sys@0.2.0:       |   ^
warning: mlx-sys@0.2.0: /Users/xin/.local/mlx/include/mlx/types/bf16.h:38:19: note: in implicit copy assignment operator for 'mlx::core::_MLX_BFloat16' first required here
warning: mlx-sys@0.2.0:    38 |     return (*this = _MLX_BFloat16(x));
warning: mlx-sys@0.2.0:       |                   ^
warning: mlx-sys@0.2.0: In file included from shim/src/compile.cc:1:
warning: mlx-sys@0.2.0: In file included from shim/include/cxx_mlx_shim/compile.h:9:
warning: mlx-sys@0.2.0: In file included from /Users/xin/.local/mlx/include/mlx/array.h:10:
warning: mlx-sys@0.2.0: /Users/xin/.local/mlx/include/mlx/allocator.h:39:36: warning: unused parameter 'ptr' [-Wunused-parameter]
warning: mlx-sys@0.2.0:    39 |   virtual Buffer make_buffer(void* ptr, size_t size) {
warning: mlx-sys@0.2.0:       |                                    ^
warning: mlx-sys@0.2.0: /Users/xin/.local/mlx/include/mlx/allocator.h:39:48: warning: unused parameter 'size' [-Wunused-parameter]
warning: mlx-sys@0.2.0:    39 |   virtual Buffer make_buffer(void* ptr, size_t size) {
warning: mlx-sys@0.2.0:       |                                                ^
warning: mlx-sys@0.2.0: /Users/xin/.local/mlx/include/mlx/allocator.h:42:31: warning: unused parameter 'buffer' [-Wunused-parameter]
warning: mlx-sys@0.2.0:    42 |   virtual void release(Buffer buffer) {}
warning: mlx-sys@0.2.0:       |                               ^
warning: mlx-sys@0.2.0: In file included from shim/src/compile.cc:1:
warning: mlx-sys@0.2.0: In file included from shim/include/cxx_mlx_shim/compile.h:9:
warning: mlx-sys@0.2.0: In file included from /Users/xin/.local/mlx/include/mlx/array.h:12:
warning: mlx-sys@0.2.0: In file included from /Users/xin/.local/mlx/include/mlx/dtype.h:9:
warning: mlx-sys@0.2.0: In file included from /Users/xin/.local/mlx/include/mlx/types/complex.h:5:
warning: mlx-sys@0.2.0: In file included from /Users/xin/.local/mlx/include/mlx/types/half_types.h:32:
warning: mlx-sys@0.2.0: /Users/xin/.local/mlx/include/mlx/types/bf16.h:29:3: warning: definition of implicit copy assignment operator for '_MLX_BFloat16' is deprecated because it has a user-declared copy constructor [-Wdeprecated-copy]
warning: mlx-sys@0.2.0:    29 |   _MLX_BFloat16(_MLX_BFloat16 const&) = default;
warning: mlx-sys@0.2.0:       |   ^
warning: mlx-sys@0.2.0: /Users/xin/.local/mlx/include/mlx/types/bf16.h:38:19: note: in implicit copy assignment operator for 'mlx::core::_MLX_BFloat16' first required here
warning: mlx-sys@0.2.0:    38 |     return (*this = _MLX_BFloat16(x));
warning: mlx-sys@0.2.0:       |                   ^
warning: mlx-sys@0.2.0: 4 warnings generated.
warning: mlx-sys@0.2.0: 4 warnings generated.
warning: mlx-sys@0.2.0: In file included from shim/src/conv.cc:1:
warning: mlx-sys@0.2.0: In file included from shim/include/cxx_mlx_shim/conv.h:6:
warning: mlx-sys@0.2.0: In file included from /Users/xin/.local/mlx/include/mlx/array.h:10:
warning: mlx-sys@0.2.0: /Users/xin/.local/mlx/include/mlx/allocator.h:39:36: warning: unused parameter 'ptr' [-Wunused-parameter]
warning: mlx-sys@0.2.0:    39 |   virtual Buffer make_buffer(void* ptr, size_t size) {
warning: mlx-sys@0.2.0:       |                                    ^
warning: mlx-sys@0.2.0: /Users/xin/.local/mlx/include/mlx/allocator.h:39:48: warning: unused parameter 'size' [-Wunused-parameter]
warning: mlx-sys@0.2.0:    39 |   virtual Buffer make_buffer(void* ptr, size_t size) {
warning: mlx-sys@0.2.0:       |                                                ^
warning: mlx-sys@0.2.0: /Users/xin/.local/mlx/include/mlx/allocator.h:42:31: warning: unused parameter 'buffer' [-Wunused-parameter]
warning: mlx-sys@0.2.0:    42 |   virtual void release(Buffer buffer) {}
warning: mlx-sys@0.2.0:       |                               ^
warning: mlx-sys@0.2.0: In file included from shim/src/conv.cc:1:
warning: mlx-sys@0.2.0: In file included from shim/include/cxx_mlx_shim/conv.h:6:
warning: mlx-sys@0.2.0: In file included from /Users/xin/.local/mlx/include/mlx/array.h:12:
warning: mlx-sys@0.2.0: In file included from /Users/xin/.local/mlx/include/mlx/dtype.h:9:
warning: mlx-sys@0.2.0: In file included from /Users/xin/.local/mlx/include/mlx/types/complex.h:5:
warning: mlx-sys@0.2.0: In file included from /Users/xin/.local/mlx/include/mlx/types/half_types.h:32:
warning: mlx-sys@0.2.0: /Users/xin/.local/mlx/include/mlx/types/bf16.h:29:3: warning: definition of implicit copy assignment operator for '_MLX_BFloat16' is deprecated because it has a user-declared copy constructor [-Wdeprecated-copy]
warning: mlx-sys@0.2.0:    29 |   _MLX_BFloat16(_MLX_BFloat16 const&) = default;
warning: mlx-sys@0.2.0:       |   ^
warning: mlx-sys@0.2.0: /Users/xin/.local/mlx/include/mlx/types/bf16.h:38:19: note: in implicit copy assignment operator for 'mlx::core::_MLX_BFloat16' first required here
warning: mlx-sys@0.2.0:    38 |     return (*this = _MLX_BFloat16(x));
warning: mlx-sys@0.2.0:       |                   ^
warning: mlx-sys@0.2.0: 4 warnings generated.
warning: mlx-sys@0.2.0: In file included from shim/src/fft.cc:1:
warning: mlx-sys@0.2.0: In file included from shim/include/cxx_mlx_shim/fft.h:2:
warning: mlx-sys@0.2.0: In file included from /Users/xin/.local/mlx/include/mlx/array.h:10:
warning: mlx-sys@0.2.0: /Users/xin/.local/mlx/include/mlx/allocator.h:39:36: warning: unused parameter 'ptr' [-Wunused-parameter]
warning: mlx-sys@0.2.0:    39 |   virtual Buffer make_buffer(void* ptr, size_t size) {
warning: mlx-sys@0.2.0:       |                                    ^
warning: mlx-sys@0.2.0: /Users/xin/.local/mlx/include/mlx/allocator.h:39:48: warning: unused parameter 'size' [-Wunused-parameter]
warning: mlx-sys@0.2.0:    39 |   virtual Buffer make_buffer(void* ptr, size_t size) {
warning: mlx-sys@0.2.0:       |                                                ^
warning: mlx-sys@0.2.0: /Users/xin/.local/mlx/include/mlx/allocator.h:42:31: warning: unused parameter 'buffer' [-Wunused-parameter]
warning: mlx-sys@0.2.0:    42 |   virtual void release(Buffer buffer) {}
warning: mlx-sys@0.2.0:       |                               ^
warning: mlx-sys@0.2.0: In file included from shim/src/transforms.cc:3:
warning: mlx-sys@0.2.0: In file included from /Users/xin/.local/mlx/include/mlx/array.h:10:
warning: mlx-sys@0.2.0: /Users/xin/.local/mlx/include/mlx/allocator.h:39:36: warning: unused parameter 'ptr' [-Wunused-parameter]
warning: mlx-sys@0.2.0:    39 |   virtual Buffer make_buffer(void* ptr, size_t size) {
warning: mlx-sys@0.2.0:       |                                    ^
warning: mlx-sys@0.2.0: /Users/xin/.local/mlx/include/mlx/allocator.h:39:48: warning: unused parameter 'size' [-Wunused-parameter]
warning: mlx-sys@0.2.0:    39 |   virtual Buffer make_buffer(void* ptr, size_t size) {
warning: mlx-sys@0.2.0:       |                                                ^
warning: mlx-sys@0.2.0: /Users/xin/.local/mlx/include/mlx/allocator.h:42:31: warning: unused parameter 'buffer' [-Wunused-parameter]
warning: mlx-sys@0.2.0:    42 |   virtual void release(Buffer buffer) {}
warning: mlx-sys@0.2.0:       |                               ^
warning: mlx-sys@0.2.0: In file included from shim/src/stream.cc:1:
warning: mlx-sys@0.2.0: In file included from shim/include/cxx_mlx_shim/stream.h:8:
warning: mlx-sys@0.2.0: In file included from /Users/xin/.local/mlx/include/mlx/array.h:10:
warning: mlx-sys@0.2.0: /Users/xin/.local/mlx/include/mlx/allocator.h:39:36: warning: unused parameter 'ptr' [-Wunused-parameter]
warning: mlx-sys@0.2.0:    39 |   virtual Buffer make_buffer(void* ptr, size_t size) {
warning: mlx-sys@0.2.0:       |                                    ^
warning: mlx-sys@0.2.0: /Users/xin/.local/mlx/include/mlx/allocator.h:39:48: warning: unused parameter 'size' [-Wunused-parameter]
warning: mlx-sys@0.2.0:    39 |   virtual Buffer make_buffer(void* ptr, size_t size) {
warning: mlx-sys@0.2.0:       |                                                ^
warning: mlx-sys@0.2.0: /Users/xin/.local/mlx/include/mlx/allocator.h:42:31: warning: unused parameter 'buffer' [-Wunused-parameter]
warning: mlx-sys@0.2.0:    42 |   virtual void release(Buffer buffer) {}
warning: mlx-sys@0.2.0:       |                               ^
warning: mlx-sys@0.2.0: In file included from shim/src/fft.cc:1:
warning: mlx-sys@0.2.0: In file included from shim/include/cxx_mlx_shim/fft.h:2:
warning: mlx-sys@0.2.0: In file included from /Users/xin/.local/mlx/include/mlx/array.h:12:
warning: mlx-sys@0.2.0: In file included from /Users/xin/.local/mlx/include/mlx/dtype.h:9:
warning: mlx-sys@0.2.0: In file included from /Users/xin/.local/mlx/include/mlx/types/complex.h:5:
warning: mlx-sys@0.2.0: In file included from /Users/xin/.local/mlx/include/mlx/types/half_types.h:32:
warning: mlx-sys@0.2.0: /Users/xin/.local/mlx/include/mlx/types/bf16.h:29:3: warning: definition of implicit copy assignment operator for '_MLX_BFloat16' is deprecated because it has a user-declared copy constructor [-Wdeprecated-copy]
warning: mlx-sys@0.2.0:    29 |   _MLX_BFloat16(_MLX_BFloat16 const&) = default;
warning: mlx-sys@0.2.0:       |   ^
warning: mlx-sys@0.2.0: /Users/xin/.local/mlx/include/mlx/types/bf16.h:38:19: note: in implicit copy assignment operator for 'mlx::core::_MLX_BFloat16' first required here
warning: mlx-sys@0.2.0:    38 |     return (*this = _MLX_BFloat16(x));
warning: mlx-sys@0.2.0:       |                   ^
warning: mlx-sys@0.2.0: 4 warnings generated.
warning: mlx-sys@0.2.0: In file included from shim/src/transforms.cc:3:
warning: mlx-sys@0.2.0: In file included from /Users/xin/.local/mlx/include/mlx/array.h:12:
warning: mlx-sys@0.2.0: In file included from /Users/xin/.local/mlx/include/mlx/dtype.h:9:
warning: mlx-sys@0.2.0: In file included from /Users/xin/.local/mlx/include/mlx/types/complex.h:5:
warning: mlx-sys@0.2.0: In file included from /Users/xin/.local/mlx/include/mlx/types/half_types.h:32:
warning: mlx-sys@0.2.0: /Users/xin/.local/mlx/include/mlx/types/bf16.h:29:3: warning: definition of implicit copy assignment operator for '_MLX_BFloat16' is deprecated because it has a user-declared copy constructor [-Wdeprecated-copy]
warning: mlx-sys@0.2.0:    29 |   _MLX_BFloat16(_MLX_BFloat16 const&) = default;
warning: mlx-sys@0.2.0:       |   ^
warning: mlx-sys@0.2.0: /Users/xin/.local/mlx/include/mlx/types/bf16.h:38:19: note: in implicit copy assignment operator for 'mlx::core::_MLX_BFloat16' first required here
warning: mlx-sys@0.2.0:    38 |     return (*this = _MLX_BFloat16(x));
warning: mlx-sys@0.2.0:       |                   ^
warning: mlx-sys@0.2.0: 4 warnings generated.
warning: mlx-sys@0.2.0: In file included from shim/src/stream.cc:1:
warning: mlx-sys@0.2.0: In file included from shim/include/cxx_mlx_shim/stream.h:8:
warning: mlx-sys@0.2.0: In file included from /Users/xin/.local/mlx/include/mlx/array.h:12:
warning: mlx-sys@0.2.0: In file included from /Users/xin/.local/mlx/include/mlx/dtype.h:9:
warning: mlx-sys@0.2.0: In file included from /Users/xin/.local/mlx/include/mlx/types/complex.h:5:
warning: mlx-sys@0.2.0: In file included from /Users/xin/.local/mlx/include/mlx/types/half_types.h:32:
warning: mlx-sys@0.2.0: /Users/xin/.local/mlx/include/mlx/types/bf16.h:29:3: warning: definition of implicit copy assignment operator for '_MLX_BFloat16' is deprecated because it has a user-declared copy constructor [-Wdeprecated-copy]
warning: mlx-sys@0.2.0:    29 |   _MLX_BFloat16(_MLX_BFloat16 const&) = default;
warning: mlx-sys@0.2.0:       |   ^
warning: mlx-sys@0.2.0: /Users/xin/.local/mlx/include/mlx/types/bf16.h:38:19: note: in implicit copy assignment operator for 'mlx::core::_MLX_BFloat16' first required here
warning: mlx-sys@0.2.0:    38 |     return (*this = _MLX_BFloat16(x));
warning: mlx-sys@0.2.0:       |                   ^
warning: mlx-sys@0.2.0: 4 warnings generated.
warning: mlx-sys@0.2.0: In file included from shim/src/fast.cc:1:
warning: mlx-sys@0.2.0: In file included from shim/include/cxx_mlx_shim/fast.h:8:
warning: mlx-sys@0.2.0: In file included from /Users/xin/.local/mlx/include/mlx/array.h:10:
warning: mlx-sys@0.2.0: /Users/xin/.local/mlx/include/mlx/allocator.h:39:36: warning: unused parameter 'ptr' [-Wunused-parameter]
warning: mlx-sys@0.2.0:    39 |   virtual Buffer make_buffer(void* ptr, size_t size) {
warning: mlx-sys@0.2.0:       |                                    ^
warning: mlx-sys@0.2.0: /Users/xin/.local/mlx/include/mlx/allocator.h:39:48: warning: unused parameter 'size' [-Wunused-parameter]
warning: mlx-sys@0.2.0:    39 |   virtual Buffer make_buffer(void* ptr, size_t size) {
warning: mlx-sys@0.2.0:       |                                                ^
warning: mlx-sys@0.2.0: /Users/xin/.local/mlx/include/mlx/allocator.h:42:31: warning: unused parameter 'buffer' [-Wunused-parameter]
warning: mlx-sys@0.2.0:    42 |   virtual void release(Buffer buffer) {}
warning: mlx-sys@0.2.0:       |                               ^
warning: mlx-sys@0.2.0: In file included from shim/src/prefill_d256_nax.cc:1:
warning: mlx-sys@0.2.0: In file included from shim/include/cxx_mlx_shim/prefill_d256_nax.h:4:
warning: mlx-sys@0.2.0: In file included from /Users/xin/.local/mlx/include/mlx/array.h:10:
warning: mlx-sys@0.2.0: /Users/xin/.local/mlx/include/mlx/allocator.h:39:36: warning: unused parameter 'ptr' [-Wunused-parameter]
warning: mlx-sys@0.2.0:    39 |   virtual Buffer make_buffer(void* ptr, size_t size) {
warning: mlx-sys@0.2.0:       |                                    ^
warning: mlx-sys@0.2.0: /Users/xin/.local/mlx/include/mlx/allocator.h:39:48: warning: unused parameter 'size' [-Wunused-parameter]
warning: mlx-sys@0.2.0:    39 |   virtual Buffer make_buffer(void* ptr, size_t size) {
warning: mlx-sys@0.2.0:       |                                                ^
warning: mlx-sys@0.2.0: /Users/xin/.local/mlx/include/mlx/allocator.h:42:31: warning: unused parameter 'buffer' [-Wunused-parameter]
warning: mlx-sys@0.2.0:    42 |   virtual void release(Buffer buffer) {}
warning: mlx-sys@0.2.0:       |                               ^
warning: mlx-sys@0.2.0: In file included from shim/src/prefill_masked_softmax.cc:1:
warning: mlx-sys@0.2.0: In file included from shim/include/cxx_mlx_shim/prefill_masked_softmax.h:4:
warning: mlx-sys@0.2.0: In file included from /Users/xin/.local/mlx/include/mlx/array.h:10:
warning: mlx-sys@0.2.0: /Users/xin/.local/mlx/include/mlx/allocator.h:39:36: warning: unused parameter 'ptr' [-Wunused-parameter]
warning: mlx-sys@0.2.0:    39 |   virtual Buffer make_buffer(void* ptr, size_t size) {
warning: mlx-sys@0.2.0:       |                                    ^
warning: mlx-sys@0.2.0: /Users/xin/.local/mlx/include/mlx/allocator.h:39:48: warning: unused parameter 'size' [-Wunused-parameter]
warning: mlx-sys@0.2.0:    39 |   virtual Buffer make_buffer(void* ptr, size_t size) {
warning: mlx-sys@0.2.0:       |                                                ^
warning: mlx-sys@0.2.0: /Users/xin/.local/mlx/include/mlx/allocator.h:42:31: warning: unused parameter 'buffer' [-Wunused-parameter]
warning: mlx-sys@0.2.0:    42 |   virtual void release(Buffer buffer) {}
warning: mlx-sys@0.2.0:       |                               ^
warning: mlx-sys@0.2.0: In file included from shim/src/prefill_qmm_mtile.cc:1:
warning: mlx-sys@0.2.0: In file included from shim/include/cxx_mlx_shim/prefill_qmm_mtile.h:4:
warning: mlx-sys@0.2.0: In file included from /Users/xin/.local/mlx/include/mlx/array.h:10:
warning: mlx-sys@0.2.0: /Users/xin/.local/mlx/include/mlx/allocator.h:39:36: warning: unused parameter 'ptr' [-Wunused-parameter]
warning: mlx-sys@0.2.0:    39 |   virtual Buffer make_buffer(void* ptr, size_t size) {
warning: mlx-sys@0.2.0:       |                                    ^
warning: mlx-sys@0.2.0: /Users/xin/.local/mlx/include/mlx/allocator.h:39:48: warning: unused parameter 'size' [-Wunused-parameter]
warning: mlx-sys@0.2.0:    39 |   virtual Buffer make_buffer(void* ptr, size_t size) {
warning: mlx-sys@0.2.0:       |                                                ^
warning: mlx-sys@0.2.0: /Users/xin/.local/mlx/include/mlx/allocator.h:42:31: warning: unused parameter 'buffer' [-Wunused-parameter]
warning: mlx-sys@0.2.0:    42 |   virtual void release(Buffer buffer) {}
warning: mlx-sys@0.2.0:       |                               ^
warning: mlx-sys@0.2.0: In file included from shim/src/prefill_qmm_mtile.cc:1:
warning: mlx-sys@0.2.0: In file included from shim/include/cxx_mlx_shim/prefill_qmm_mtile.h:4:
warning: mlx-sys@0.2.0: In file included from /Users/xin/.local/mlx/include/mlx/array.h:12:
warning: mlx-sys@0.2.0: In file included from /Users/xin/.local/mlx/include/mlx/dtype.h:9:
warning: mlx-sys@0.2.0: In file included from /Users/xin/.local/mlx/include/mlx/types/complex.h:5:
warning: mlx-sys@0.2.0: In file included from /Users/xin/.local/mlx/include/mlx/types/half_types.h:32:
warning: mlx-sys@0.2.0: /Users/xin/.local/mlx/include/mlx/types/bf16.h:29:3: warning: definition of implicit copy assignment operator for '_MLX_BFloat16' is deprecated because it has a user-declared copy constructor [-Wdeprecated-copy]
warning: mlx-sys@0.2.0:    29 |   _MLX_BFloat16(_MLX_BFloat16 const&) = default;
warning: mlx-sys@0.2.0:       |   ^
warning: mlx-sys@0.2.0: /Users/xin/.local/mlx/include/mlx/types/bf16.h:38:19: note: in implicit copy assignment operator for 'mlx::core::_MLX_BFloat16' first required here
warning: mlx-sys@0.2.0:    38 |     return (*this = _MLX_BFloat16(x));
warning: mlx-sys@0.2.0:       |                   ^
warning: mlx-sys@0.2.0: In file included from shim/src/io.cc:1:
warning: mlx-sys@0.2.0: In file included from shim/include/cxx_mlx_shim/io.h:14:
warning: mlx-sys@0.2.0: In file included from /Users/xin/.local/mlx/include/mlx/io.h:9:
warning: mlx-sys@0.2.0: In file included from /Users/xin/.local/mlx/include/mlx/array.h:10:
warning: mlx-sys@0.2.0: /Users/xin/.local/mlx/include/mlx/allocator.h:39:36: warning: unused parameter 'ptr' [-Wunused-parameter]
warning: mlx-sys@0.2.0:    39 |   virtual Buffer make_buffer(void* ptr, size_t size) {
warning: mlx-sys@0.2.0:       |                                    ^
warning: mlx-sys@0.2.0: /Users/xin/.local/mlx/include/mlx/allocator.h:39:48: warning: unused parameter 'size' [-Wunused-parameter]
warning: mlx-sys@0.2.0:    39 |   virtual Buffer make_buffer(void* ptr, size_t size) {
warning: mlx-sys@0.2.0:       |                                                ^
warning: mlx-sys@0.2.0: /Users/xin/.local/mlx/include/mlx/allocator.h:42:31: warning: unused parameter 'buffer' [-Wunused-parameter]
warning: mlx-sys@0.2.0:    42 |   virtual void release(Buffer buffer) {}
warning: mlx-sys@0.2.0:       |                               ^
warning: mlx-sys@0.2.0: In file included from shim/src/io.cc:1:
warning: mlx-sys@0.2.0: In file included from shim/include/cxx_mlx_shim/io.h:14:
warning: mlx-sys@0.2.0: In file included from /Users/xin/.local/mlx/include/mlx/io.h:9:
warning: mlx-sys@0.2.0: In file included from /Users/xin/.local/mlx/include/mlx/array.h:12:
warning: mlx-sys@0.2.0: In file included from /Users/xin/.local/mlx/include/mlx/dtype.h:9:
warning: mlx-sys@0.2.0: In file included from /Users/xin/.local/mlx/include/mlx/types/complex.h:5:
warning: mlx-sys@0.2.0: In file included from /Users/xin/.local/mlx/include/mlx/types/half_types.h:32:
warning: mlx-sys@0.2.0: /Users/xin/.local/mlx/include/mlx/types/bf16.h:29:3: warning: definition of implicit copy assignment operator for '_MLX_BFloat16' is deprecated because it has a user-declared copy constructor [-Wdeprecated-copy]
warning: mlx-sys@0.2.0:    29 |   _MLX_BFloat16(_MLX_BFloat16 const&) = default;
warning: mlx-sys@0.2.0:       |   ^
warning: mlx-sys@0.2.0: /Users/xin/.local/mlx/include/mlx/types/bf16.h:38:19: note: in implicit copy assignment operator for 'mlx::core::_MLX_BFloat16' first required here
warning: mlx-sys@0.2.0: In file included from shim/src/fast.cc:1:
warning: mlx-sys@0.2.0: In file included from shim/include/cxx_mlx_shim/fast.h:8:
warning: mlx-sys@0.2.0: In file included from /Users/xin/.local/mlx/include/mlx/array.h:12:
warning: mlx-sys@0.2.0: In file included from /Users/xin/.local/mlx/include/mlx/dtype.h:9:
warning: mlx-sys@0.2.0: In file included from /Users/xin/.local/mlx/include/mlx/types/complex.h:5:
warning: mlx-sys@0.2.0: In file included from /Users/xin/.local/mlx/include/mlx/types/half_types.h:32:
warning: mlx-sys@0.2.0: /Users/xin/.local/mlx/include/mlx/types/bf16.h:29:3: warning: definition of implicit copy assignment operator for '_MLX_BFloat16' is deprecated because it has a user-declared copy constructor [-Wdeprecated-copy]
warning: mlx-sys@0.2.0:    29 |   _MLX_BFloat16(_MLX_BFloat16 const&) = default;
warning: mlx-sys@0.2.0:       |   ^
warning: mlx-sys@0.2.0: /Users/xin/.local/mlx/include/mlx/types/bf16.h:38:19: note: in implicit copy assignment operator for 'mlx::core::_MLX_BFloat16' first required here
warning: mlx-sys@0.2.0:    38 |     return (*this = _MLX_BFloat16(x));
warning: mlx-sys@0.2.0:       |                   ^
warning: mlx-sys@0.2.0: In file included from shim/src/prefill_d256_nax.cc:1:
warning: mlx-sys@0.2.0: In file included from shim/include/cxx_mlx_shim/prefill_d256_nax.h:4:
warning: mlx-sys@0.2.0: In file included from /Users/xin/.local/mlx/include/mlx/array.h:12:
warning: mlx-sys@0.2.0: In file included from /Users/xin/.local/mlx/include/mlx/dtype.h:9:
warning: mlx-sys@0.2.0: In file included from /Users/xin/.local/mlx/include/mlx/types/complex.h:5:
warning: mlx-sys@0.2.0: In file included from /Users/xin/.local/mlx/include/mlx/types/half_types.h:32:
warning: mlx-sys@0.2.0: /Users/xin/.local/mlx/include/mlx/types/bf16.h:29:3: warning: definition of implicit copy assignment operator for '_MLX_BFloat16' is deprecated because it has a user-declared copy constructor [-Wdeprecated-copy]
warning: mlx-sys@0.2.0:    29 |   _MLX_BFloat16(_MLX_BFloat16 const&) = default;
warning: mlx-sys@0.2.0:       |   ^
warning: mlx-sys@0.2.0: /Users/xin/.local/mlx/include/mlx/types/bf16.h:38:19: note: in implicit copy assignment operator for 'mlx::core::_MLX_BFloat16' first required here
warning: mlx-sys@0.2.0:    38 |     return (*this = _MLX_BFloat16(x));
warning: mlx-sys@0.2.0:       |                   ^
warning: mlx-sys@0.2.0: In file included from shim/src/prefill_masked_softmax.cc:1:
warning: mlx-sys@0.2.0: In file included from shim/include/cxx_mlx_shim/prefill_masked_softmax.h:4:
warning: mlx-sys@0.2.0: In file included from /Users/xin/.local/mlx/include/mlx/array.h:12:
warning: mlx-sys@0.2.0: In file included from /Users/xin/.local/mlx/include/mlx/dtype.h:9:
warning: mlx-sys@0.2.0: In file included from /Users/xin/.local/mlx/include/mlx/types/complex.h:5:
warning: mlx-sys@0.2.0: In file included from /Users/xin/.local/mlx/include/mlx/types/half_types.h:32:
warning: mlx-sys@0.2.0: /Users/xin/.local/mlx/include/mlx/types/bf16.h:29:3: warning: definition of implicit copy assignment operator for '_MLX_BFloat16' is deprecated because it has a user-declared copy constructor [-Wdeprecated-copy]
warning: mlx-sys@0.2.0:    29 |   _MLX_BFloat16(_MLX_BFloat16 const&) = default;
warning: mlx-sys@0.2.0:       |   ^
warning: mlx-sys@0.2.0: /Users/xin/.local/mlx/include/mlx/types/bf16.h:38:19: note: in implicit copy assignment operator for 'mlx::core::_MLX_BFloat16' first required here
warning: mlx-sys@0.2.0:    38 |     return (*this = _MLX_BFloat16(x));
warning: mlx-sys@0.2.0:       |                   ^
warning: mlx-sys@0.2.0:    38 |     return (*this = _MLX_BFloat16(x));
warning: mlx-sys@0.2.0:       |                   ^
warning: mlx-sys@0.2.0: In file included from shim/src/quantization.cc:1:
warning: mlx-sys@0.2.0: In file included from shim/include/cxx_mlx_shim/quantization.h:10:
warning: mlx-sys@0.2.0: In file included from /Users/xin/.local/mlx/include/mlx/array.h:10:
warning: mlx-sys@0.2.0: /Users/xin/.local/mlx/include/mlx/allocator.h:39:36: warning: unused parameter 'ptr' [-Wunused-parameter]
warning: mlx-sys@0.2.0:    39 |   virtual Buffer make_buffer(void* ptr, size_t size) {
warning: mlx-sys@0.2.0:       |                                    ^
warning: mlx-sys@0.2.0: /Users/xin/.local/mlx/include/mlx/allocator.h:39:48: warning: unused parameter 'size' [-Wunused-parameter]
warning: mlx-sys@0.2.0:    39 |   virtual Buffer make_buffer(void* ptr, size_t size) {
warning: mlx-sys@0.2.0:       |                                                ^
warning: mlx-sys@0.2.0: /Users/xin/.local/mlx/include/mlx/allocator.h:42:31: warning: unused parameter 'buffer' [-Wunused-parameter]
warning: mlx-sys@0.2.0:    42 |   virtual void release(Buffer buffer) {}
warning: mlx-sys@0.2.0:       |                               ^
warning: mlx-sys@0.2.0: In file included from shim/src/random.cc:1:
warning: mlx-sys@0.2.0: In file included from shim/include/cxx_mlx_shim/random.h:7:
warning: mlx-sys@0.2.0: In file included from /Users/xin/.local/mlx/include/mlx/array.h:10:
warning: mlx-sys@0.2.0: /Users/xin/.local/mlx/include/mlx/allocator.h:39:36: warning: unused parameter 'ptr' [-Wunused-parameter]
warning: mlx-sys@0.2.0:    39 |   virtual Buffer make_buffer(void* ptr, size_t size) {
warning: mlx-sys@0.2.0:       |                                    ^
warning: mlx-sys@0.2.0: /Users/xin/.local/mlx/include/mlx/allocator.h:39:48: warning: unused parameter 'size' [-Wunused-parameter]
warning: mlx-sys@0.2.0:    39 |   virtual Buffer make_buffer(void* ptr, size_t size) {
warning: mlx-sys@0.2.0:       |                                                ^
warning: mlx-sys@0.2.0: /Users/xin/.local/mlx/include/mlx/allocator.h:42:31: warning: unused parameter 'buffer' [-Wunused-parameter]
warning: mlx-sys@0.2.0:    42 |   virtual void release(Buffer buffer) {}
warning: mlx-sys@0.2.0:       |                               ^
warning: mlx-sys@0.2.0: 4 warnings generated.
warning: mlx-sys@0.2.0: In file included from shim/src/prefill_d256_nax.cc:14:
warning: mlx-sys@0.2.0: /Users/xin/.local/mlx/include/mlx/primitives.h:108:47: warning: unused parameter 'other' [-Wunused-parameter]
warning: mlx-sys@0.2.0:   108 |   virtual bool is_equivalent(const Primitive& other) const {
warning: mlx-sys@0.2.0:       |                                               ^
warning: mlx-sys@0.2.0: /Users/xin/.local/mlx/include/mlx/primitives.h:172:3: warning: unused parameter 'other' [-Wunused-parameter]
warning: mlx-sys@0.2.0:   172 |   DEFINE_DEFAULT_IS_EQUIVALENT()
warning: mlx-sys@0.2.0:       |   ^
warning: mlx-sys@0.2.0: /Users/xin/.local/mlx/include/mlx/primitives.h:36:39: note: expanded from macro 'DEFINE_DEFAULT_IS_EQUIVALENT'
warning: mlx-sys@0.2.0:    36 |   bool is_equivalent(const Primitive& other) const override { \
warning: mlx-sys@0.2.0:       |                                       ^
warning: mlx-sys@0.2.0: /Users/xin/.local/mlx/include/mlx/primitives.h:186:3: warning: unused parameter 'other' [-Wunused-parameter]
warning: mlx-sys@0.2.0:   186 |   DEFINE_DEFAULT_IS_EQUIVALENT()
warning: mlx-sys@0.2.0:       |   ^
warning: mlx-sys@0.2.0: /Users/xin/.local/mlx/include/mlx/primitives.h:36:39: note: expanded from macro 'DEFINE_DEFAULT_IS_EQUIVALENT'
warning: mlx-sys@0.2.0:    36 |   bool is_equivalent(const Primitive& other) const override { \
warning: mlx-sys@0.2.0:       |                                       ^
warning: mlx-sys@0.2.0: /Users/xin/.local/mlx/include/mlx/primitives.h:244:3: warning: unused parameter 'other' [-Wunused-parameter]
warning: mlx-sys@0.2.0:   244 |   DEFINE_DEFAULT_IS_EQUIVALENT()
warning: mlx-sys@0.2.0:       |   ^
warning: mlx-sys@0.2.0: /Users/xin/.local/mlx/include/mlx/primitives.h:36:39: note: expanded from macro 'DEFINE_DEFAULT_IS_EQUIVALENT'
warning: mlx-sys@0.2.0:    36 |   bool is_equivalent(const Primitive& other) const override { \
warning: mlx-sys@0.2.0:       |                                       ^
warning: mlx-sys@0.2.0: /Users/xin/.local/mlx/include/mlx/primitives.h:258:3: warning: unused parameter 'other' [-Wunused-parameter]
warning: mlx-sys@0.2.0:   258 |   DEFINE_DEFAULT_IS_EQUIVALENT()
warning: mlx-sys@0.2.0:       |   ^
warning: mlx-sys@0.2.0: /Users/xin/.local/mlx/include/mlx/primitives.h:36:39: note: expanded from macro 'DEFINE_DEFAULT_IS_EQUIVALENT'
warning: mlx-sys@0.2.0:    36 |   bool is_equivalent(const Primitive& other) const override { \
warning: mlx-sys@0.2.0:       |                                       ^
warning: mlx-sys@0.2.0: /Users/xin/.local/mlx/include/mlx/primitives.h:272:3: warning: unused parameter 'other' [-Wunused-parameter]
warning: mlx-sys@0.2.0:   272 |   DEFINE_DEFAULT_IS_EQUIVALENT()
warning: mlx-sys@0.2.0:       |   ^
warning: mlx-sys@0.2.0: /Users/xin/.local/mlx/include/mlx/primitives.h:36:39: note: expanded from macro 'DEFINE_DEFAULT_IS_EQUIVALENT'
warning: mlx-sys@0.2.0:    36 |   bool is_equivalent(const Primitive& other) const override { \
warning: mlx-sys@0.2.0:       |                                       ^
warning: mlx-sys@0.2.0: /Users/xin/.local/mlx/include/mlx/primitives.h:286:3: warning: unused parameter 'other' [-Wunused-parameter]
warning: mlx-sys@0.2.0:   286 |   DEFINE_DEFAULT_IS_EQUIVALENT()
warning: mlx-sys@0.2.0:       |   ^
warning: mlx-sys@0.2.0: /Users/xin/.local/mlx/include/mlx/primitives.h:36:39: note: expanded from macro 'DEFINE_DEFAULT_IS_EQUIVALENT'
warning: mlx-sys@0.2.0:    36 |   bool is_equivalent(const Primitive& other) const override { \
warning: mlx-sys@0.2.0:       |                                       ^
warning: mlx-sys@0.2.0: /Users/xin/.local/mlx/include/mlx/primitives.h:300:3: warning: unused parameter 'other' [-Wunused-parameter]
warning: mlx-sys@0.2.0:   300 |   DEFINE_DEFAULT_IS_EQUIVALENT()
warning: mlx-sys@0.2.0:       |   ^
warning: mlx-sys@0.2.0: /Users/xin/.local/mlx/include/mlx/primitives.h:36:39: note: expanded from macro 'DEFINE_DEFAULT_IS_EQUIVALENT'
warning: mlx-sys@0.2.0:    36 |   bool is_equivalent(const Primitive& other) const override { \
warning: mlx-sys@0.2.0:       |                                       ^
warning: mlx-sys@0.2.0: /Users/xin/.local/mlx/include/mlx/primitives.h:314:3: warning: unused parameter 'other' [-Wunused-parameter]
warning: mlx-sys@0.2.0:   314 |   DEFINE_DEFAULT_IS_EQUIVALENT()
warning: mlx-sys@0.2.0:       |   ^
warning: mlx-sys@0.2.0: /Users/xin/.local/mlx/include/mlx/primitives.h:36:39: note: expanded from macro 'DEFINE_DEFAULT_IS_EQUIVALENT'
warning: mlx-sys@0.2.0:    36 |   bool is_equivalent(const Primitive& other) const override { \
warning: mlx-sys@0.2.0:       |                                       ^
warning: mlx-sys@0.2.0: /Users/xin/.local/mlx/include/mlx/primitives.h:328:3: warning: unused parameter 'other' [-Wunused-parameter]
warning: mlx-sys@0.2.0:   328 |   DEFINE_DEFAULT_IS_EQUIVALENT()
warning: mlx-sys@0.2.0:       |   ^
warning: mlx-sys@0.2.0: /Users/xin/.local/mlx/include/mlx/primitives.h:36:39: note: expanded from macro 'DEFINE_DEFAULT_IS_EQUIVALENT'
warning: mlx-sys@0.2.0:    36 |   bool is_equivalent(const Primitive& other) const override { \
warning: mlx-sys@0.2.0:       |                                       ^
warning: mlx-sys@0.2.0: /Users/xin/.local/mlx/include/mlx/primitives.h:497:3: warning: unused parameter 'other' [-Wunused-parameter]
warning: mlx-sys@0.2.0:   497 |   DEFINE_DEFAULT_IS_EQUIVALENT()
warning: mlx-sys@0.2.0:       |   ^
warning: mlx-sys@0.2.0: /Users/xin/.local/mlx/include/mlx/primitives.h:36:39: note: expanded from macro 'DEFINE_DEFAULT_IS_EQUIVALENT'
warning: mlx-sys@0.2.0:    36 |   bool is_equivalent(const Primitive& other) const override { \
warning: mlx-sys@0.2.0:       |                                       ^
warning: mlx-sys@0.2.0: /Users/xin/.local/mlx/include/mlx/primitives.h:625:3: warning: unused parameter 'other' [-Wunused-parameter]
warning: mlx-sys@0.2.0:   625 |   DEFINE_DEFAULT_IS_EQUIVALENT()
warning: mlx-sys@0.2.0:       |   ^
warning: mlx-sys@0.2.0: /Users/xin/.local/mlx/include/mlx/primitives.h:36:39: note: expanded from macro 'DEFINE_DEFAULT_IS_EQUIVALENT'
warning: mlx-sys@0.2.0:    36 |   bool is_equivalent(const Primitive& other) const override { \
warning: mlx-sys@0.2.0:       |                                       ^
warning: mlx-sys@0.2.0: /Users/xin/.local/mlx/include/mlx/primitives.h:704:3: warning: unused parameter 'other' [-Wunused-parameter]
warning: mlx-sys@0.2.0:   704 |   DEFINE_DEFAULT_IS_EQUIVALENT()
warning: mlx-sys@0.2.0:       |   ^
warning: mlx-sys@0.2.0: /Users/xin/.local/mlx/include/mlx/primitives.h:36:39: note: expanded from macro 'DEFINE_DEFAULT_IS_EQUIVALENT'
warning: mlx-sys@0.2.0:    36 |   bool is_equivalent(const Primitive& other) const override { \
warning: mlx-sys@0.2.0:       |                                       ^
warning: mlx-sys@0.2.0: /Users/xin/.local/mlx/include/mlx/primitives.h:800:3: warning: unused parameter 'other' [-Wunused-parameter]
warning: mlx-sys@0.2.0:   800 |   DEFINE_DEFAULT_IS_EQUIVALENT()
warning: mlx-sys@0.2.0:       |   ^
warning: mlx-sys@0.2.0: /Users/xin/.local/mlx/include/mlx/primitives.h:36:39: note: expanded from macro 'DEFINE_DEFAULT_IS_EQUIVALENT'
warning: mlx-sys@0.2.0:    36 |   bool is_equivalent(const Primitive& other) const override { \
warning: mlx-sys@0.2.0:       |                                       ^
warning: mlx-sys@0.2.0: /Users/xin/.local/mlx/include/mlx/primitives.h:817:3: warning: unused parameter 'other' [-Wunused-parameter]
warning: mlx-sys@0.2.0:   817 |   DEFINE_DEFAULT_IS_EQUIVALENT()
warning: mlx-sys@0.2.0:       |   ^
warning: mlx-sys@0.2.0: /Users/xin/.local/mlx/include/mlx/primitives.h:36:39: note: expanded from macro 'DEFINE_DEFAULT_IS_EQUIVALENT'
warning: mlx-sys@0.2.0:    36 |   bool is_equivalent(const Primitive& other) const override { \
warning: mlx-sys@0.2.0:       |                                       ^
warning: mlx-sys@0.2.0: /Users/xin/.local/mlx/include/mlx/primitives.h:831:3: warning: unused parameter 'other' [-Wunused-parameter]
warning: mlx-sys@0.2.0:   831 |   DEFINE_DEFAULT_IS_EQUIVALENT()
warning: mlx-sys@0.2.0:       |   ^
warning: mlx-sys@0.2.0: /Users/xin/.local/mlx/include/mlx/primitives.h:36:39: note: expanded from macro 'DEFINE_DEFAULT_IS_EQUIVALENT'
warning: mlx-sys@0.2.0:    36 |   bool is_equivalent(const Primitive& other) const override { \
warning: mlx-sys@0.2.0:       |                                       ^
warning: mlx-sys@0.2.0: /Users/xin/.local/mlx/include/mlx/primitives.h:918:3: warning: unused parameter 'other' [-Wunused-parameter]
warning: mlx-sys@0.2.0:   918 |   DEFINE_DEFAULT_IS_EQUIVALENT()
warning: mlx-sys@0.2.0:       |   ^
warning: mlx-sys@0.2.0: /Users/xin/.local/mlx/include/mlx/primitives.h:36:39: note: expanded from macro 'DEFINE_DEFAULT_IS_EQUIVALENT'
warning: mlx-sys@0.2.0:    36 |   bool is_equivalent(const Primitive& other) const override { \
warning: mlx-sys@0.2.0:       |                                       ^
warning: mlx-sys@0.2.0: /Users/xin/.local/mlx/include/mlx/primitives.h:934:3: warning: unused parameter 'other' [-Wunused-parameter]
warning: mlx-sys@0.2.0:   934 |   DEFINE_DEFAULT_IS_EQUIVALENT()
warning: mlx-sys@0.2.0:       |   ^
warning: mlx-sys@0.2.0: /Users/xin/.local/mlx/include/mlx/primitives.h:36:39: note: expanded from macro 'DEFINE_DEFAULT_IS_EQUIVALENT'
warning: mlx-sys@0.2.0:    36 |   bool is_equivalent(const Primitive& other) const override { \
warning: mlx-sys@0.2.0:       |                                       ^
warning: mlx-sys@0.2.0: /Users/xin/.local/mlx/include/mlx/primitives.h:950:3: warning: unused parameter 'other' [-Wunused-parameter]
warning: mlx-sys@0.2.0:   950 |   DEFINE_DEFAULT_IS_EQUIVALENT()
warning: mlx-sys@0.2.0:       |   ^
warning: mlx-sys@0.2.0: /Users/xin/.local/mlx/include/mlx/primitives.h:36:39: note: expanded from macro 'DEFINE_DEFAULT_IS_EQUIVALENT'
warning: mlx-sys@0.2.0:    36 |   bool is_equivalent(const Primitive& other) const override { \
warning: mlx-sys@0.2.0:       |                                       ^
warning: mlx-sys@0.2.0: /Users/xin/.local/mlx/include/mlx/primitives.h:964:3: warning: unused parameter 'other' [-Wunused-parameter]
warning: mlx-sys@0.2.0:   964 |   DEFINE_DEFAULT_IS_EQUIVALENT()
warning: mlx-sys@0.2.0:       |   ^
warning: mlx-sys@0.2.0: /Users/xin/.local/mlx/include/mlx/primitives.h:36:39: note: expanded from macro 'DEFINE_DEFAULT_IS_EQUIVALENT'
warning: mlx-sys@0.2.0:    36 |   bool is_equivalent(const Primitive& other) const override { \
warning: mlx-sys@0.2.0:       |                                       ^
warning: mlx-sys@0.2.0: /Users/xin/.local/mlx/include/mlx/primitives.h:978:3: warning: unused parameter 'other' [-Wunused-parameter]
warning: mlx-sys@0.2.0:   978 |   DEFINE_DEFAULT_IS_EQUIVALENT()
warning: mlx-sys@0.2.0:       |   ^
warning: mlx-sys@0.2.0: /Users/xin/.local/mlx/include/mlx/primitives.h:36:39: note: expanded from macro 'DEFINE_DEFAULT_IS_EQUIVALENT'
warning: mlx-sys@0.2.0:    36 |   bool is_equivalent(const Primitive& other) const override { \
warning: mlx-sys@0.2.0:       |                                       ^
warning: mlx-sys@0.2.0: /Users/xin/.local/mlx/include/mlx/primitives.h:1006:3: warning: unused parameter 'other' [-Wunused-parameter]
warning: mlx-sys@0.2.0:  1006 |   DEFINE_DEFAULT_IS_EQUIVALENT()
warning: mlx-sys@0.2.0:       |   ^
warning: mlx-sys@0.2.0: /Users/xin/.local/mlx/include/mlx/primitives.h:36:39: note: expanded from macro 'DEFINE_DEFAULT_IS_EQUIVALENT'
warning: mlx-sys@0.2.0:    36 |   bool is_equivalent(const Primitive& other) const override { \
warning: mlx-sys@0.2.0:       |                                       ^
warning: mlx-sys@0.2.0: /Users/xin/.local/mlx/include/mlx/primitives.h:1020:3: warning: unused parameter 'other' [-Wunused-parameter]
warning: mlx-sys@0.2.0:  1020 |   DEFINE_DEFAULT_IS_EQUIVALENT()
warning: mlx-sys@0.2.0:       |   ^
warning: mlx-sys@0.2.0: /Users/xin/.local/mlx/include/mlx/primitives.h:36:39: note: expanded from macro 'DEFINE_DEFAULT_IS_EQUIVALENT'
warning: mlx-sys@0.2.0:    36 |   bool is_equivalent(const Primitive& other) const override { \
warning: mlx-sys@0.2.0:       |                                       ^
warning: mlx-sys@0.2.0: /Users/xin/.local/mlx/include/mlx/primitives.h:1034:3: warning: unused parameter 'other' [-Wunused-parameter]
warning: mlx-sys@0.2.0:  1034 |   DEFINE_DEFAULT_IS_EQUIVALENT()
warning: mlx-sys@0.2.0:       |   ^
warning: mlx-sys@0.2.0: /Users/xin/.local/mlx/include/mlx/primitives.h:36:39: note: expanded from macro 'DEFINE_DEFAULT_IS_EQUIVALENT'
warning: mlx-sys@0.2.0:    36 |   bool is_equivalent(const Primitive& other) const override { \
warning: mlx-sys@0.2.0:       |                                       ^
warning: mlx-sys@0.2.0: /Users/xin/.local/mlx/include/mlx/primitives.h:1138:3: warning: unused parameter 'other' [-Wunused-parameter]
warning: mlx-sys@0.2.0:  1138 |   DEFINE_DEFAULT_IS_EQUIVALENT()
warning: mlx-sys@0.2.0:       |   ^
warning: mlx-sys@0.2.0: /Users/xin/.local/mlx/include/mlx/primitives.h:36:39: note: expanded from macro 'DEFINE_DEFAULT_IS_EQUIVALENT'
warning: mlx-sys@0.2.0:    36 |   bool is_equivalent(const Primitive& other) const override { \
warning: mlx-sys@0.2.0:       |                                       ^
warning: mlx-sys@0.2.0: /Users/xin/.local/mlx/include/mlx/primitives.h:1152:3: warning: unused parameter 'other' [-Wunused-parameter]
warning: mlx-sys@0.2.0:  1152 |   DEFINE_DEFAULT_IS_EQUIVALENT()
warning: mlx-sys@0.2.0:       |   ^
warning: mlx-sys@0.2.0: /Users/xin/.local/mlx/include/mlx/primitives.h:36:39: note: expanded from macro 'DEFINE_DEFAULT_IS_EQUIVALENT'
warning: mlx-sys@0.2.0:    36 |   bool is_equivalent(const Primitive& other) const override { \
warning: mlx-sys@0.2.0:       |                                       ^
warning: mlx-sys@0.2.0: /Users/xin/.local/mlx/include/mlx/primitives.h:1211:3: warning: unused parameter 'other' [-Wunused-parameter]
warning: mlx-sys@0.2.0:  1211 |   DEFINE_DEFAULT_IS_EQUIVALENT()
warning: mlx-sys@0.2.0:       |   ^
warning: mlx-sys@0.2.0: /Users/xin/.local/mlx/include/mlx/primitives.h:36:39: note: expanded from macro 'DEFINE_DEFAULT_IS_EQUIVALENT'
warning: mlx-sys@0.2.0:    36 |   bool is_equivalent(const Primitive& other) const override { \
warning: mlx-sys@0.2.0:       |                                       ^
warning: mlx-sys@0.2.0: /Users/xin/.local/mlx/include/mlx/primitives.h:1225:3: warning: unused parameter 'other' [-Wunused-parameter]
warning: mlx-sys@0.2.0:  1225 |   DEFINE_DEFAULT_IS_EQUIVALENT()
warning: mlx-sys@0.2.0:       |   ^
warning: mlx-sys@0.2.0: /Users/xin/.local/mlx/include/mlx/primitives.h:36:39: note: expanded from macro 'DEFINE_DEFAULT_IS_EQUIVALENT'
warning: mlx-sys@0.2.0:    36 |   bool is_equivalent(const Primitive& other) const override { \
warning: mlx-sys@0.2.0:       |                                       ^
warning: mlx-sys@0.2.0: /Users/xin/.local/mlx/include/mlx/primitives.h:1261:3: warning: unused parameter 'other' [-Wunused-parameter]
warning: mlx-sys@0.2.0:  1261 |   DEFINE_DEFAULT_IS_EQUIVALENT()
warning: mlx-sys@0.2.0:       |   ^
warning: mlx-sys@0.2.0: /Users/xin/.local/mlx/include/mlx/primitives.h:36:39: note: expanded from macro 'DEFINE_DEFAULT_IS_EQUIVALENT'
warning: mlx-sys@0.2.0:    36 |   bool is_equivalent(const Primitive& other) const override { \
warning: mlx-sys@0.2.0:       |                                       ^
warning: mlx-sys@0.2.0: /Users/xin/.local/mlx/include/mlx/primitives.h:1275:3: warning: unused parameter 'other' [-Wunused-parameter]
warning: mlx-sys@0.2.0:  1275 |   DEFINE_DEFAULT_IS_EQUIVALENT()
warning: mlx-sys@0.2.0:       |   ^
warning: mlx-sys@0.2.0: /Users/xin/.local/mlx/include/mlx/primitives.h:36:39: note: expanded from macro 'DEFINE_DEFAULT_IS_EQUIVALENT'
warning: mlx-sys@0.2.0:    36 |   bool is_equivalent(const Primitive& other) const override { \
warning: mlx-sys@0.2.0:       |                                       ^
warning: mlx-sys@0.2.0: /Users/xin/.local/mlx/include/mlx/primitives.h:1289:3: warning: unused parameter 'other' [-Wunused-parameter]
warning: mlx-sys@0.2.0:  1289 |   DEFINE_DEFAULT_IS_EQUIVALENT()
warning: mlx-sys@0.2.0:       |   ^
warning: mlx-sys@0.2.0: /Users/xin/.local/mlx/include/mlx/primitives.h:36:39: note: expanded from macro 'DEFINE_DEFAULT_IS_EQUIVALENT'
warning: mlx-sys@0.2.0:    36 |   bool is_equivalent(const Primitive& other) const override { \
warning: mlx-sys@0.2.0:       |                                       ^
warning: mlx-sys@0.2.0: /Users/xin/.local/mlx/include/mlx/primitives.h:1328:3: warning: unused parameter 'other' [-Wunused-parameter]
warning: mlx-sys@0.2.0:  1328 |   DEFINE_DEFAULT_IS_EQUIVALENT()
warning: mlx-sys@0.2.0:       |   ^
warning: mlx-sys@0.2.0: /Users/xin/.local/mlx/include/mlx/primitives.h:36:39: note: expanded from macro 'DEFINE_DEFAULT_IS_EQUIVALENT'
warning: mlx-sys@0.2.0:    36 |   bool is_equivalent(const Primitive& other) const override { \
warning: mlx-sys@0.2.0:       |                                       ^
warning: mlx-sys@0.2.0: /Users/xin/.local/mlx/include/mlx/primitives.h:1374:3: warning: unused parameter 'other' [-Wunused-parameter]
warning: mlx-sys@0.2.0:  1374 |   DEFINE_DEFAULT_IS_EQUIVALENT()
warning: mlx-sys@0.2.0:       |   ^
warning: mlx-sys@0.2.0: /Users/xin/.local/mlx/include/mlx/primitives.h:36:39: note: expanded from macro 'DEFINE_DEFAULT_IS_EQUIVALENT'
warning: mlx-sys@0.2.0:    36 |   bool is_equivalent(const Primitive& other) const override { \
warning: mlx-sys@0.2.0:       |                                       ^
warning: mlx-sys@0.2.0: /Users/xin/.local/mlx/include/mlx/primitives.h:1388:3: warning: unused parameter 'other' [-Wunused-parameter]
warning: mlx-sys@0.2.0:  1388 |   DEFINE_DEFAULT_IS_EQUIVALENT()
warning: mlx-sys@0.2.0:       |   ^
warning: mlx-sys@0.2.0: /Users/xin/.local/mlx/include/mlx/primitives.h:36:39: note: expanded from macro 'DEFINE_DEFAULT_IS_EQUIVALENT'
warning: mlx-sys@0.2.0:    36 |   bool is_equivalent(const Primitive& other) const override { \
warning: mlx-sys@0.2.0:       |                                       ^
warning: mlx-sys@0.2.0: /Users/xin/.local/mlx/include/mlx/primitives.h:1402:3: warning: unused parameter 'other' [-Wunused-parameter]
warning: mlx-sys@0.2.0:  1402 |   DEFINE_DEFAULT_IS_EQUIVALENT()
warning: mlx-sys@0.2.0:       |   ^
warning: mlx-sys@0.2.0: /Users/xin/.local/mlx/include/mlx/primitives.h:36:39: note: expanded from macro 'DEFINE_DEFAULT_IS_EQUIVALENT'
warning: mlx-sys@0.2.0:    36 |   bool is_equivalent(const Primitive& other) const override { \
warning: mlx-sys@0.2.0:       |                                       ^
warning: mlx-sys@0.2.0: /Users/xin/.local/mlx/include/mlx/primitives.h:1416:3: warning: unused parameter 'other' [-Wunused-parameter]
warning: mlx-sys@0.2.0:  1416 |   DEFINE_DEFAULT_IS_EQUIVALENT()
warning: mlx-sys@0.2.0:       |   ^
warning: mlx-sys@0.2.0: /Users/xin/.local/mlx/include/mlx/primitives.h:36:39: note: expanded from macro 'DEFINE_DEFAULT_IS_EQUIVALENT'
warning: mlx-sys@0.2.0:    36 |   bool is_equivalent(const Primitive& other) const override { \
warning: mlx-sys@0.2.0:       |                                       ^
warning: mlx-sys@0.2.0: /Users/xin/.local/mlx/include/mlx/primitives.h:1430:3: warning: unused parameter 'other' [-Wunused-parameter]
warning: mlx-sys@0.2.0:  1430 |   DEFINE_DEFAULT_IS_EQUIVALENT()
warning: mlx-sys@0.2.0:       |   ^
warning: mlx-sys@0.2.0: /Users/xin/.local/mlx/include/mlx/primitives.h:36:39: note: expanded from macro 'DEFINE_DEFAULT_IS_EQUIVALENT'
warning: mlx-sys@0.2.0:    36 |   bool is_equivalent(const Primitive& other) const override { \
warning: mlx-sys@0.2.0:       |                                       ^
warning: mlx-sys@0.2.0: /Users/xin/.local/mlx/include/mlx/primitives.h:1444:3: warning: unused parameter 'other' [-Wunused-parameter]
warning: mlx-sys@0.2.0:  1444 |   DEFINE_DEFAULT_IS_EQUIVALENT()
warning: mlx-sys@0.2.0:       |   ^
warning: mlx-sys@0.2.0: /Users/xin/.local/mlx/include/mlx/primitives.h:36:39: note: expanded from macro 'DEFINE_DEFAULT_IS_EQUIVALENT'
warning: mlx-sys@0.2.0:    36 |   bool is_equivalent(const Primitive& other) const override { \
warning: mlx-sys@0.2.0:       |                                       ^
warning: mlx-sys@0.2.0: /Users/xin/.local/mlx/include/mlx/primitives.h:1458:3: warning: unused parameter 'other' [-Wunused-parameter]
warning: mlx-sys@0.2.0:  1458 |   DEFINE_DEFAULT_IS_EQUIVALENT()
warning: mlx-sys@0.2.0:       |   ^
warning: mlx-sys@0.2.0: /Users/xin/.local/mlx/include/mlx/primitives.h:36:39: note: expanded from macro 'DEFINE_DEFAULT_IS_EQUIVALENT'
warning: mlx-sys@0.2.0:    36 |   bool is_equivalent(const Primitive& other) const override { \
warning: mlx-sys@0.2.0:       |                                       ^
warning: mlx-sys@0.2.0: /Users/xin/.local/mlx/include/mlx/primitives.h:1472:3: warning: unused parameter 'other' [-Wunused-parameter]
warning: mlx-sys@0.2.0:  1472 |   DEFINE_DEFAULT_IS_EQUIVALENT()
warning: mlx-sys@0.2.0:       |   ^
warning: mlx-sys@0.2.0: /Users/xin/.local/mlx/include/mlx/primitives.h:36:39: note: expanded from macro 'DEFINE_DEFAULT_IS_EQUIVALENT'
warning: mlx-sys@0.2.0:    36 |   bool is_equivalent(const Primitive& other) const override { \
warning: mlx-sys@0.2.0:       |                                       ^
warning: mlx-sys@0.2.0: /Users/xin/.local/mlx/include/mlx/primitives.h:1486:3: warning: unused parameter 'other' [-Wunused-parameter]
warning: mlx-sys@0.2.0:  1486 |   DEFINE_DEFAULT_IS_EQUIVALENT()
warning: mlx-sys@0.2.0:       |   ^
warning: mlx-sys@0.2.0: /Users/xin/.local/mlx/include/mlx/primitives.h:36:39: note: expanded from macro 'DEFINE_DEFAULT_IS_EQUIVALENT'
warning: mlx-sys@0.2.0:    36 |   bool is_equivalent(const Primitive& other) const override { \
warning: mlx-sys@0.2.0:       |                                       ^
warning: mlx-sys@0.2.0: /Users/xin/.local/mlx/include/mlx/primitives.h:1500:3: warning: unused parameter 'other' [-Wunused-parameter]
warning: mlx-sys@0.2.0:  1500 |   DEFINE_DEFAULT_IS_EQUIVALENT()
warning: mlx-sys@0.2.0:       |   ^
warning: mlx-sys@0.2.0: /Users/xin/.local/mlx/include/mlx/primitives.h:36:39: note: expanded from macro 'DEFINE_DEFAULT_IS_EQUIVALENT'
warning: mlx-sys@0.2.0:    36 |   bool is_equivalent(const Primitive& other) const override { \
warning: mlx-sys@0.2.0:       |                                       ^
warning: mlx-sys@0.2.0: /Users/xin/.local/mlx/include/mlx/primitives.h:1514:3: warning: unused parameter 'other' [-Wunused-parameter]
warning: mlx-sys@0.2.0:  1514 |   DEFINE_DEFAULT_IS_EQUIVALENT()
warning: mlx-sys@0.2.0:       |   ^
warning: mlx-sys@0.2.0: /Users/xin/.local/mlx/include/mlx/primitives.h:36:39: note: expanded from macro 'DEFINE_DEFAULT_IS_EQUIVALENT'
warning: mlx-sys@0.2.0:    36 |   bool is_equivalent(const Primitive& other) const override { \
warning: mlx-sys@0.2.0:       |                                       ^
warning: mlx-sys@0.2.0: /Users/xin/.local/mlx/include/mlx/primitives.h:1536:62: warning: unused parameter 'inputs' [-Wunused-parameter]
warning: mlx-sys@0.2.0:  1536 |   std::vector<Shape> output_shapes(const std::vector<array>& inputs) override {
warning: mlx-sys@0.2.0:       |                                                              ^
warning: mlx-sys@0.2.0: /Users/xin/.local/mlx/include/mlx/primitives.h:1612:3: warning: unused parameter 'other' [-Wunused-parameter]
warning: mlx-sys@0.2.0:  1612 |   DEFINE_DEFAULT_IS_EQUIVALENT()
warning: mlx-sys@0.2.0:       |   ^
warning: mlx-sys@0.2.0: /Users/xin/.local/mlx/include/mlx/primitives.h:36:39: note: expanded from macro 'DEFINE_DEFAULT_IS_EQUIVALENT'
warning: mlx-sys@0.2.0:    36 |   bool is_equivalent(const Primitive& other) const override { \
warning: mlx-sys@0.2.0:       |                                       ^
warning: mlx-sys@0.2.0: /Users/xin/.local/mlx/include/mlx/primitives.h:1796:3: warning: unused parameter 'other' [-Wunused-parameter]
warning: mlx-sys@0.2.0:  1796 |   DEFINE_DEFAULT_IS_EQUIVALENT()
warning: mlx-sys@0.2.0:       |   ^
warning: mlx-sys@0.2.0: /Users/xin/.local/mlx/include/mlx/primitives.h:36:39: note: expanded from macro 'DEFINE_DEFAULT_IS_EQUIVALENT'
warning: mlx-sys@0.2.0:    36 |   bool is_equivalent(const Primitive& other) const override { \
warning: mlx-sys@0.2.0:       |                                       ^
warning: mlx-sys@0.2.0: /Users/xin/.local/mlx/include/mlx/primitives.h:1878:3: warning: unused parameter 'other' [-Wunused-parameter]
warning: mlx-sys@0.2.0:  1878 |   DEFINE_DEFAULT_IS_EQUIVALENT()
warning: mlx-sys@0.2.0:       |   ^
warning: mlx-sys@0.2.0: /Users/xin/.local/mlx/include/mlx/primitives.h:36:39: note: expanded from macro 'DEFINE_DEFAULT_IS_EQUIVALENT'
warning: mlx-sys@0.2.0:    36 |   bool is_equivalent(const Primitive& other) const override { \
warning: mlx-sys@0.2.0:       |                                       ^
warning: mlx-sys@0.2.0: /Users/xin/.local/mlx/include/mlx/primitives.h:2018:3: warning: unused parameter 'other' [-Wunused-parameter]
warning: mlx-sys@0.2.0:  2018 |   DEFINE_DEFAULT_IS_EQUIVALENT();
warning: mlx-sys@0.2.0:       |   ^
warning: mlx-sys@0.2.0: /Users/xin/.local/mlx/include/mlx/primitives.h:36:39: note: expanded from macro 'DEFINE_DEFAULT_IS_EQUIVALENT'
warning: mlx-sys@0.2.0:    36 |   bool is_equivalent(const Primitive& other) const override { \
warning: mlx-sys@0.2.0:       |                                       ^
warning: mlx-sys@0.2.0: /Users/xin/.local/mlx/include/mlx/primitives.h:2032:3: warning: unused parameter 'other' [-Wunused-parameter]
warning: mlx-sys@0.2.0:  2032 |   DEFINE_DEFAULT_IS_EQUIVALENT()
warning: mlx-sys@0.2.0:       |   ^
warning: mlx-sys@0.2.0: /Users/xin/.local/mlx/include/mlx/primitives.h:36:39: note: expanded from macro 'DEFINE_DEFAULT_IS_EQUIVALENT'
warning: mlx-sys@0.2.0:    36 |   bool is_equivalent(const Primitive& other) const override { \
warning: mlx-sys@0.2.0:       |                                       ^
warning: mlx-sys@0.2.0: /Users/xin/.local/mlx/include/mlx/primitives.h:2046:3: warning: unused parameter 'other' [-Wunused-parameter]
warning: mlx-sys@0.2.0:  2046 |   DEFINE_DEFAULT_IS_EQUIVALENT()
warning: mlx-sys@0.2.0:       |   ^
warning: mlx-sys@0.2.0: /Users/xin/.local/mlx/include/mlx/primitives.h:36:39: note: expanded from macro 'DEFINE_DEFAULT_IS_EQUIVALENT'
warning: mlx-sys@0.2.0:    36 |   bool is_equivalent(const Primitive& other) const override { \
warning: mlx-sys@0.2.0:       |                                       ^
warning: mlx-sys@0.2.0: /Users/xin/.local/mlx/include/mlx/primitives.h:2060:3: warning: unused parameter 'other' [-Wunused-parameter]
warning: mlx-sys@0.2.0:  2060 |   DEFINE_DEFAULT_IS_EQUIVALENT()
warning: mlx-sys@0.2.0:       |   ^
warning: mlx-sys@0.2.0: /Users/xin/.local/mlx/include/mlx/primitives.h:36:39: note: expanded from macro 'DEFINE_DEFAULT_IS_EQUIVALENT'
warning: mlx-sys@0.2.0:    36 |   bool is_equivalent(const Primitive& other) const override { \
warning: mlx-sys@0.2.0:       |                                       ^
warning: mlx-sys@0.2.0: /Users/xin/.local/mlx/include/mlx/primitives.h:2074:3: warning: unused parameter 'other' [-Wunused-parameter]
warning: mlx-sys@0.2.0:  2074 |   DEFINE_DEFAULT_IS_EQUIVALENT()
warning: mlx-sys@0.2.0:       |   ^
warning: mlx-sys@0.2.0: /Users/xin/.local/mlx/include/mlx/primitives.h:36:39: note: expanded from macro 'DEFINE_DEFAULT_IS_EQUIVALENT'
warning: mlx-sys@0.2.0:    36 |   bool is_equivalent(const Primitive& other) const override { \
warning: mlx-sys@0.2.0:       |                                       ^
warning: mlx-sys@0.2.0: /Users/xin/.local/mlx/include/mlx/primitives.h:2303:3: warning: unused parameter 'other' [-Wunused-parameter]
warning: mlx-sys@0.2.0:  2303 |   DEFINE_DEFAULT_IS_EQUIVALENT()
warning: mlx-sys@0.2.0:       |   ^
warning: mlx-sys@0.2.0: /Users/xin/.local/mlx/include/mlx/primitives.h:36:39: note: expanded from macro 'DEFINE_DEFAULT_IS_EQUIVALENT'
warning: mlx-sys@0.2.0:    36 |   bool is_equivalent(const Primitive& other) const override { \
warning: mlx-sys@0.2.0:       |                                       ^
warning: mlx-sys@0.2.0: /Users/xin/.local/mlx/include/mlx/primitives.h:2344:3: warning: unused parameter 'other' [-Wunused-parameter]
warning: mlx-sys@0.2.0:  2344 |   DEFINE_DEFAULT_IS_EQUIVALENT()
warning: mlx-sys@0.2.0:       |   ^
warning: mlx-sys@0.2.0: /Users/xin/.local/mlx/include/mlx/primitives.h:36:39: note: expanded from macro 'DEFINE_DEFAULT_IS_EQUIVALENT'
warning: mlx-sys@0.2.0:    36 |   bool is_equivalent(const Primitive& other) const override { \
warning: mlx-sys@0.2.0:       |                                       ^
warning: mlx-sys@0.2.0: /Users/xin/.local/mlx/include/mlx/primitives.h:2361:3: warning: unused parameter 'other' [-Wunused-parameter]
warning: mlx-sys@0.2.0:  2361 |   DEFINE_DEFAULT_IS_EQUIVALENT()
warning: mlx-sys@0.2.0:       |   ^
warning: mlx-sys@0.2.0: /Users/xin/.local/mlx/include/mlx/primitives.h:36:39: note: expanded from macro 'DEFINE_DEFAULT_IS_EQUIVALENT'
warning: mlx-sys@0.2.0:    36 |   bool is_equivalent(const Primitive& other) const override { \
warning: mlx-sys@0.2.0:       |                                       ^
warning: mlx-sys@0.2.0: /Users/xin/.local/mlx/include/mlx/primitives.h:2400:3: warning: unused parameter 'other' [-Wunused-parameter]
warning: mlx-sys@0.2.0:  2400 |   DEFINE_DEFAULT_IS_EQUIVALENT()
warning: mlx-sys@0.2.0:       |   ^
warning: mlx-sys@0.2.0: /Users/xin/.local/mlx/include/mlx/primitives.h:36:39: note: expanded from macro 'DEFINE_DEFAULT_IS_EQUIVALENT'
warning: mlx-sys@0.2.0:    36 |   bool is_equivalent(const Primitive& other) const override { \
warning: mlx-sys@0.2.0:       |                                       ^
warning: mlx-sys@0.2.0: /Users/xin/.local/mlx/include/mlx/primitives.h:2414:3: warning: unused parameter 'other' [-Wunused-parameter]
warning: mlx-sys@0.2.0:  2414 |   DEFINE_DEFAULT_IS_EQUIVALENT()
warning: mlx-sys@0.2.0:       |   ^
warning: mlx-sys@0.2.0: /Users/xin/.local/mlx/include/mlx/primitives.h:36:39: note: expanded from macro 'DEFINE_DEFAULT_IS_EQUIVALENT'
warning: mlx-sys@0.2.0:    36 |   bool is_equivalent(const Primitive& other) const override { \
warning: mlx-sys@0.2.0:       |                                       ^
warning: mlx-sys@0.2.0: In file included from shim/src/prefill_masked_softmax.cc:13:
warning: mlx-sys@0.2.0: In file included from /Users/xin/.local/mlx/include/mlx/fast_primitives.h:7:
warning: mlx-sys@0.2.0: /Users/xin/.local/mlx/include/mlx/primitives.h:108:47: warning: unused parameter 'other' [-Wunused-parameter]
warning: mlx-sys@0.2.0:   108 |   virtual bool is_equivalent(const Primitive& other) const {
warning: mlx-sys@0.2.0:       |                                               ^
warning: mlx-sys@0.2.0: /Users/xin/.local/mlx/include/mlx/primitives.h:172:3: warning: unused parameter 'other' [-Wunused-parameter]
warning: mlx-sys@0.2.0:   172 |   DEFINE_DEFAULT_IS_EQUIVALENT()
warning: mlx-sys@0.2.0:       |   ^
warning: mlx-sys@0.2.0: /Users/xin/.local/mlx/include/mlx/primitives.h:36:39: note: expanded from macro 'DEFINE_DEFAULT_IS_EQUIVALENT'
warning: mlx-sys@0.2.0:    36 |   bool is_equivalent(const Primitive& other) const override { \
warning: mlx-sys@0.2.0:       |                                       ^
warning: mlx-sys@0.2.0: /Users/xin/.local/mlx/include/mlx/primitives.h:186:3: warning: unused parameter 'other' [-Wunused-parameter]
warning: mlx-sys@0.2.0:   186 |   DEFINE_DEFAULT_IS_EQUIVALENT()
warning: mlx-sys@0.2.0:       |   ^
warning: mlx-sys@0.2.0: /Users/xin/.local/mlx/include/mlx/primitives.h:36:39: note: expanded from macro 'DEFINE_DEFAULT_IS_EQUIVALENT'
warning: mlx-sys@0.2.0:    36 |   bool is_equivalent(const Primitive& other) const override { \
warning: mlx-sys@0.2.0:       |                                       ^
warning: mlx-sys@0.2.0: /Users/xin/.local/mlx/include/mlx/primitives.h:244:3: warning: unused parameter 'other' [-Wunused-parameter]
warning: mlx-sys@0.2.0:   244 |   DEFINE_DEFAULT_IS_EQUIVALENT()
warning: mlx-sys@0.2.0:       |   ^
warning: mlx-sys@0.2.0: /Users/xin/.local/mlx/include/mlx/primitives.h:36:39: note: expanded from macro 'DEFINE_DEFAULT_IS_EQUIVALENT'
warning: mlx-sys@0.2.0:    36 |   bool is_equivalent(const Primitive& other) const override { \
warning: mlx-sys@0.2.0:       |                                       ^
warning: mlx-sys@0.2.0: /Users/xin/.local/mlx/include/mlx/primitives.h:258:3: warning: unused parameter 'other' [-Wunused-parameter]
warning: mlx-sys@0.2.0:   258 |   DEFINE_DEFAULT_IS_EQUIVALENT()
warning: mlx-sys@0.2.0:       |   ^
warning: mlx-sys@0.2.0: /Users/xin/.local/mlx/include/mlx/primitives.h:36:39: note: expanded from macro 'DEFINE_DEFAULT_IS_EQUIVALENT'
warning: mlx-sys@0.2.0:    36 |   bool is_equivalent(const Primitive& other) const override { \
warning: mlx-sys@0.2.0:       |                                       ^
warning: mlx-sys@0.2.0: /Users/xin/.local/mlx/include/mlx/primitives.h:272:3: warning: unused parameter 'other' [-Wunused-parameter]
warning: mlx-sys@0.2.0:   272 |   DEFINE_DEFAULT_IS_EQUIVALENT()
warning: mlx-sys@0.2.0:       |   ^
warning: mlx-sys@0.2.0: /Users/xin/.local/mlx/include/mlx/primitives.h:36:39: note: expanded from macro 'DEFINE_DEFAULT_IS_EQUIVALENT'
warning: mlx-sys@0.2.0:    36 |   bool is_equivalent(const Primitive& other) const override { \
warning: mlx-sys@0.2.0:       |                                       ^
warning: mlx-sys@0.2.0: /Users/xin/.local/mlx/include/mlx/primitives.h:286:3: warning: unused parameter 'other' [-Wunused-parameter]
warning: mlx-sys@0.2.0:   286 |   DEFINE_DEFAULT_IS_EQUIVALENT()
warning: mlx-sys@0.2.0:       |   ^
warning: mlx-sys@0.2.0: /Users/xin/.local/mlx/include/mlx/primitives.h:36:39: note: expanded from macro 'DEFINE_DEFAULT_IS_EQUIVALENT'
warning: mlx-sys@0.2.0:    36 |   bool is_equivalent(const Primitive& other) const override { \
warning: mlx-sys@0.2.0:       |                                       ^
warning: mlx-sys@0.2.0: /Users/xin/.local/mlx/include/mlx/primitives.h:300:3: warning: unused parameter 'other' [-Wunused-parameter]
warning: mlx-sys@0.2.0:   300 |   DEFINE_DEFAULT_IS_EQUIVALENT()
warning: mlx-sys@0.2.0:       |   ^
warning: mlx-sys@0.2.0: /Users/xin/.local/mlx/include/mlx/primitives.h:36:39: note: expanded from macro 'DEFINE_DEFAULT_IS_EQUIVALENT'
warning: mlx-sys@0.2.0:    36 |   bool is_equivalent(const Primitive& other) const override { \
warning: mlx-sys@0.2.0:       |                                       ^
warning: mlx-sys@0.2.0: /Users/xin/.local/mlx/include/mlx/primitives.h:314:3: warning: unused parameter 'other' [-Wunused-parameter]
warning: mlx-sys@0.2.0:   314 |   DEFINE_DEFAULT_IS_EQUIVALENT()
warning: mlx-sys@0.2.0:       |   ^
warning: mlx-sys@0.2.0: /Users/xin/.local/mlx/include/mlx/primitives.h:36:39: note: expanded from macro 'DEFINE_DEFAULT_IS_EQUIVALENT'
warning: mlx-sys@0.2.0:    36 |   bool is_equivalent(const Primitive& other) const override { \
warning: mlx-sys@0.2.0:       |                                       ^
warning: mlx-sys@0.2.0: /Users/xin/.local/mlx/include/mlx/primitives.h:328:3: warning: unused parameter 'other' [-Wunused-parameter]
warning: mlx-sys@0.2.0:   328 |   DEFINE_DEFAULT_IS_EQUIVALENT()
warning: mlx-sys@0.2.0:       |   ^
warning: mlx-sys@0.2.0: /Users/xin/.local/mlx/include/mlx/primitives.h:36:39: note: expanded from macro 'DEFINE_DEFAULT_IS_EQUIVALENT'
warning: mlx-sys@0.2.0:    36 |   bool is_equivalent(const Primitive& other) const override { \
warning: mlx-sys@0.2.0:       |                                       ^
warning: mlx-sys@0.2.0: /Users/xin/.local/mlx/include/mlx/primitives.h:497:3: warning: unused parameter 'other' [-Wunused-parameter]
warning: mlx-sys@0.2.0:   497 |   DEFINE_DEFAULT_IS_EQUIVALENT()
warning: mlx-sys@0.2.0:       |   ^
warning: mlx-sys@0.2.0: /Users/xin/.local/mlx/include/mlx/primitives.h:36:39: note: expanded from macro 'DEFINE_DEFAULT_IS_EQUIVALENT'
warning: mlx-sys@0.2.0:    36 |   bool is_equivalent(const Primitive& other) const override { \
warning: mlx-sys@0.2.0:       |                                       ^
warning: mlx-sys@0.2.0: /Users/xin/.local/mlx/include/mlx/primitives.h:625:3: warning: unused parameter 'other' [-Wunused-parameter]
warning: mlx-sys@0.2.0:   625 |   DEFINE_DEFAULT_IS_EQUIVALENT()
warning: mlx-sys@0.2.0:       |   ^
warning: mlx-sys@0.2.0: /Users/xin/.local/mlx/include/mlx/primitives.h:36:39: note: expanded from macro 'DEFINE_DEFAULT_IS_EQUIVALENT'
warning: mlx-sys@0.2.0:    36 |   bool is_equivalent(const Primitive& other) const override { \
warning: mlx-sys@0.2.0:       |                                       ^
warning: mlx-sys@0.2.0: /Users/xin/.local/mlx/include/mlx/primitives.h:704:3: warning: unused parameter 'other' [-Wunused-parameter]
warning: mlx-sys@0.2.0:   704 |   DEFINE_DEFAULT_IS_EQUIVALENT()
warning: mlx-sys@0.2.0:       |   ^
warning: mlx-sys@0.2.0: /Users/xin/.local/mlx/include/mlx/primitives.h:36:39: note: expanded from macro 'DEFINE_DEFAULT_IS_EQUIVALENT'
warning: mlx-sys@0.2.0:    36 |   bool is_equivalent(const Primitive& other) const override { \
warning: mlx-sys@0.2.0:       |                                       ^
warning: mlx-sys@0.2.0: /Users/xin/.local/mlx/include/mlx/primitives.h:800:3: warning: unused parameter 'other' [-Wunused-parameter]
warning: mlx-sys@0.2.0:   800 |   DEFINE_DEFAULT_IS_EQUIVALENT()
warning: mlx-sys@0.2.0:       |   ^
warning: mlx-sys@0.2.0: /Users/xin/.local/mlx/include/mlx/primitives.h:36:39: note: expanded from macro 'DEFINE_DEFAULT_IS_EQUIVALENT'
warning: mlx-sys@0.2.0:    36 |   bool is_equivalent(const Primitive& other) const override { \
warning: mlx-sys@0.2.0:       |                                       ^
warning: mlx-sys@0.2.0: /Users/xin/.local/mlx/include/mlx/primitives.h:817:3: warning: unused parameter 'other' [-Wunused-parameter]
warning: mlx-sys@0.2.0:   817 |   DEFINE_DEFAULT_IS_EQUIVALENT()
warning: mlx-sys@0.2.0:       |   ^
warning: mlx-sys@0.2.0: /Users/xin/.local/mlx/include/mlx/primitives.h:36:39: note: expanded from macro 'DEFINE_DEFAULT_IS_EQUIVALENT'
warning: mlx-sys@0.2.0:    36 |   bool is_equivalent(const Primitive& other) const override { \
warning: mlx-sys@0.2.0:       |                                       ^
warning: mlx-sys@0.2.0: /Users/xin/.local/mlx/include/mlx/primitives.h:831:3: warning: unused parameter 'other' [-Wunused-parameter]
warning: mlx-sys@0.2.0:   831 |   DEFINE_DEFAULT_IS_EQUIVALENT()
warning: mlx-sys@0.2.0:       |   ^
warning: mlx-sys@0.2.0: /Users/xin/.local/mlx/include/mlx/primitives.h:36:39: note: expanded from macro 'DEFINE_DEFAULT_IS_EQUIVALENT'
warning: mlx-sys@0.2.0:    36 |   bool is_equivalent(const Primitive& other) const override { \
warning: mlx-sys@0.2.0:       |                                       ^
warning: mlx-sys@0.2.0: /Users/xin/.local/mlx/include/mlx/primitives.h:918:3: warning: unused parameter 'other' [-Wunused-parameter]
warning: mlx-sys@0.2.0:   918 |   DEFINE_DEFAULT_IS_EQUIVALENT()
warning: mlx-sys@0.2.0:       |   ^
warning: mlx-sys@0.2.0: /Users/xin/.local/mlx/include/mlx/primitives.h:36:39: note: expanded from macro 'DEFINE_DEFAULT_IS_EQUIVALENT'
warning: mlx-sys@0.2.0:    36 |   bool is_equivalent(const Primitive& other) const override { \
warning: mlx-sys@0.2.0:       |                                       ^
warning: mlx-sys@0.2.0: /Users/xin/.local/mlx/include/mlx/primitives.h:934:3: warning: unused parameter 'other' [-Wunused-parameter]
warning: mlx-sys@0.2.0:   934 |   DEFINE_DEFAULT_IS_EQUIVALENT()
warning: mlx-sys@0.2.0:       |   ^
warning: mlx-sys@0.2.0: /Users/xin/.local/mlx/include/mlx/primitives.h:36:39: note: expanded from macro 'DEFINE_DEFAULT_IS_EQUIVALENT'
warning: mlx-sys@0.2.0:    36 |   bool is_equivalent(const Primitive& other) const override { \
warning: mlx-sys@0.2.0:       |                                       ^
warning: mlx-sys@0.2.0: /Users/xin/.local/mlx/include/mlx/primitives.h:950:3: warning: unused parameter 'other' [-Wunused-parameter]
warning: mlx-sys@0.2.0:   950 |   DEFINE_DEFAULT_IS_EQUIVALENT()
warning: mlx-sys@0.2.0:       |   ^
warning: mlx-sys@0.2.0: /Users/xin/.local/mlx/include/mlx/primitives.h:36:39: note: expanded from macro 'DEFINE_DEFAULT_IS_EQUIVALENT'
warning: mlx-sys@0.2.0:    36 |   bool is_equivalent(const Primitive& other) const override { \
warning: mlx-sys@0.2.0:       |                                       ^
warning: mlx-sys@0.2.0: /Users/xin/.local/mlx/include/mlx/primitives.h:964:3: warning: unused parameter 'other' [-Wunused-parameter]
warning: mlx-sys@0.2.0:   964 |   DEFINE_DEFAULT_IS_EQUIVALENT()
warning: mlx-sys@0.2.0:       |   ^
warning: mlx-sys@0.2.0: /Users/xin/.local/mlx/include/mlx/primitives.h:36:39: note: expanded from macro 'DEFINE_DEFAULT_IS_EQUIVALENT'
warning: mlx-sys@0.2.0:    36 |   bool is_equivalent(const Primitive& other) const override { \
warning: mlx-sys@0.2.0:       |                                       ^
warning: mlx-sys@0.2.0: /Users/xin/.local/mlx/include/mlx/primitives.h:978:3: warning: unused parameter 'other' [-Wunused-parameter]
warning: mlx-sys@0.2.0:   978 |   DEFINE_DEFAULT_IS_EQUIVALENT()
warning: mlx-sys@0.2.0:       |   ^
warning: mlx-sys@0.2.0: /Users/xin/.local/mlx/include/mlx/primitives.h:36:39: note: expanded from macro 'DEFINE_DEFAULT_IS_EQUIVALENT'
warning: mlx-sys@0.2.0:    36 |   bool is_equivalent(const Primitive& other) const override { \
warning: mlx-sys@0.2.0:       |                                       ^
warning: mlx-sys@0.2.0: /Users/xin/.local/mlx/include/mlx/primitives.h:1006:3: warning: unused parameter 'other' [-Wunused-parameter]
warning: mlx-sys@0.2.0:  1006 |   DEFINE_DEFAULT_IS_EQUIVALENT()
warning: mlx-sys@0.2.0:       |   ^
warning: mlx-sys@0.2.0: /Users/xin/.local/mlx/include/mlx/primitives.h:36:39: note: expanded from macro 'DEFINE_DEFAULT_IS_EQUIVALENT'
warning: mlx-sys@0.2.0:    36 |   bool is_equivalent(const Primitive& other) const override { \
warning: mlx-sys@0.2.0:       |                                       ^
warning: mlx-sys@0.2.0: /Users/xin/.local/mlx/include/mlx/primitives.h:1020:3: warning: unused parameter 'other' [-Wunused-parameter]
warning: mlx-sys@0.2.0:  1020 |   DEFINE_DEFAULT_IS_EQUIVALENT()
warning: mlx-sys@0.2.0:       |   ^
warning: mlx-sys@0.2.0: /Users/xin/.local/mlx/include/mlx/primitives.h:36:39: note: expanded from macro 'DEFINE_DEFAULT_IS_EQUIVALENT'
warning: mlx-sys@0.2.0:    36 |   bool is_equivalent(const Primitive& other) const override { \
warning: mlx-sys@0.2.0:       |                                       ^
warning: mlx-sys@0.2.0: /Users/xin/.local/mlx/include/mlx/primitives.h:1034:3: warning: unused parameter 'other' [-Wunused-parameter]
warning: mlx-sys@0.2.0:  1034 |   DEFINE_DEFAULT_IS_EQUIVALENT()
warning: mlx-sys@0.2.0:       |   ^
warning: mlx-sys@0.2.0: /Users/xin/.local/mlx/include/mlx/primitives.h:36:39: note: expanded from macro 'DEFINE_DEFAULT_IS_EQUIVALENT'
warning: mlx-sys@0.2.0:    36 |   bool is_equivalent(const Primitive& other) const override { \
warning: mlx-sys@0.2.0:       |                                       ^
warning: mlx-sys@0.2.0: /Users/xin/.local/mlx/include/mlx/primitives.h:1138:3: warning: unused parameter 'other' [-Wunused-parameter]
warning: mlx-sys@0.2.0:  1138 |   DEFINE_DEFAULT_IS_EQUIVALENT()
warning: mlx-sys@0.2.0:       |   ^
warning: mlx-sys@0.2.0: /Users/xin/.local/mlx/include/mlx/primitives.h:36:39: note: expanded from macro 'DEFINE_DEFAULT_IS_EQUIVALENT'
warning: mlx-sys@0.2.0:    36 |   bool is_equivalent(const Primitive& other) const override { \
warning: mlx-sys@0.2.0:       |                                       ^
warning: mlx-sys@0.2.0: /Users/xin/.local/mlx/include/mlx/primitives.h:1152:3: warning: unused parameter 'other' [-Wunused-parameter]
warning: mlx-sys@0.2.0:  1152 |   DEFINE_DEFAULT_IS_EQUIVALENT()
warning: mlx-sys@0.2.0:       |   ^
warning: mlx-sys@0.2.0: /Users/xin/.local/mlx/include/mlx/primitives.h:36:39: note: expanded from macro 'DEFINE_DEFAULT_IS_EQUIVALENT'
warning: mlx-sys@0.2.0:    36 |   bool is_equivalent(const Primitive& other) const override { \
warning: mlx-sys@0.2.0:       |                                       ^
warning: mlx-sys@0.2.0: /Users/xin/.local/mlx/include/mlx/primitives.h:1211:3: warning: unused parameter 'other' [-Wunused-parameter]
warning: mlx-sys@0.2.0:  1211 |   DEFINE_DEFAULT_IS_EQUIVALENT()
warning: mlx-sys@0.2.0:       |   ^
warning: mlx-sys@0.2.0: /Users/xin/.local/mlx/include/mlx/primitives.h:36:39: note: expanded from macro 'DEFINE_DEFAULT_IS_EQUIVALENT'
warning: mlx-sys@0.2.0:    36 |   bool is_equivalent(const Primitive& other) const override { \
warning: mlx-sys@0.2.0:       |                                       ^
warning: mlx-sys@0.2.0: /Users/xin/.local/mlx/include/mlx/primitives.h:1225:3: warning: unused parameter 'other' [-Wunused-parameter]
warning: mlx-sys@0.2.0:  1225 |   DEFINE_DEFAULT_IS_EQUIVALENT()
warning: mlx-sys@0.2.0:       |   ^
warning: mlx-sys@0.2.0: /Users/xin/.local/mlx/include/mlx/primitives.h:36:39: note: expanded from macro 'DEFINE_DEFAULT_IS_EQUIVALENT'
warning: mlx-sys@0.2.0:    36 |   bool is_equivalent(const Primitive& other) const override { \
warning: mlx-sys@0.2.0:       |                                       ^
warning: mlx-sys@0.2.0: /Users/xin/.local/mlx/include/mlx/primitives.h:1261:3: warning: unused parameter 'other' [-Wunused-parameter]
warning: mlx-sys@0.2.0:  1261 |   DEFINE_DEFAULT_IS_EQUIVALENT()
warning: mlx-sys@0.2.0:       |   ^
warning: mlx-sys@0.2.0: /Users/xin/.local/mlx/include/mlx/primitives.h:36:39: note: expanded from macro 'DEFINE_DEFAULT_IS_EQUIVALENT'
warning: mlx-sys@0.2.0:    36 |   bool is_equivalent(const Primitive& other) const override { \
warning: mlx-sys@0.2.0:       |                                       ^
warning: mlx-sys@0.2.0: /Users/xin/.local/mlx/include/mlx/primitives.h:1275:3: warning: unused parameter 'other' [-Wunused-parameter]
warning: mlx-sys@0.2.0:  1275 |   DEFINE_DEFAULT_IS_EQUIVALENT()
warning: mlx-sys@0.2.0:       |   ^
warning: mlx-sys@0.2.0: /Users/xin/.local/mlx/include/mlx/primitives.h:36:39: note: expanded from macro 'DEFINE_DEFAULT_IS_EQUIVALENT'
warning: mlx-sys@0.2.0:    36 |   bool is_equivalent(const Primitive& other) const override { \
warning: mlx-sys@0.2.0:       |                                       ^
warning: mlx-sys@0.2.0: /Users/xin/.local/mlx/include/mlx/primitives.h:1289:3: warning: unused parameter 'other' [-Wunused-parameter]
warning: mlx-sys@0.2.0:  1289 |   DEFINE_DEFAULT_IS_EQUIVALENT()
warning: mlx-sys@0.2.0:       |   ^
warning: mlx-sys@0.2.0: /Users/xin/.local/mlx/include/mlx/primitives.h:36:39: note: expanded from macro 'DEFINE_DEFAULT_IS_EQUIVALENT'
warning: mlx-sys@0.2.0:    36 |   bool is_equivalent(const Primitive& other) const override { \
warning: mlx-sys@0.2.0:       |                                       ^
warning: mlx-sys@0.2.0: /Users/xin/.local/mlx/include/mlx/primitives.h:1328:3: warning: unused parameter 'other' [-Wunused-parameter]
warning: mlx-sys@0.2.0:  1328 |   DEFINE_DEFAULT_IS_EQUIVALENT()
warning: mlx-sys@0.2.0:       |   ^
warning: mlx-sys@0.2.0: /Users/xin/.local/mlx/include/mlx/primitives.h:36:39: note: expanded from macro 'DEFINE_DEFAULT_IS_EQUIVALENT'
warning: mlx-sys@0.2.0:    36 |   bool is_equivalent(const Primitive& other) const override { \
warning: mlx-sys@0.2.0:       |                                       ^
warning: mlx-sys@0.2.0: /Users/xin/.local/mlx/include/mlx/primitives.h:1374:3: warning: unused parameter 'other' [-Wunused-parameter]
warning: mlx-sys@0.2.0:  1374 |   DEFINE_DEFAULT_IS_EQUIVALENT()
warning: mlx-sys@0.2.0:       |   ^
warning: mlx-sys@0.2.0: /Users/xin/.local/mlx/include/mlx/primitives.h:36:39: note: expanded from macro 'DEFINE_DEFAULT_IS_EQUIVALENT'
warning: mlx-sys@0.2.0:    36 |   bool is_equivalent(const Primitive& other) const override { \
warning: mlx-sys@0.2.0:       |                                       ^
warning: mlx-sys@0.2.0: /Users/xin/.local/mlx/include/mlx/primitives.h:1388:3: warning: unused parameter 'other' [-Wunused-parameter]
warning: mlx-sys@0.2.0:  1388 |   DEFINE_DEFAULT_IS_EQUIVALENT()
warning: mlx-sys@0.2.0:       |   ^
warning: mlx-sys@0.2.0: /Users/xin/.local/mlx/include/mlx/primitives.h:36:39: note: expanded from macro 'DEFINE_DEFAULT_IS_EQUIVALENT'
warning: mlx-sys@0.2.0:    36 |   bool is_equivalent(const Primitive& other) const override { \
warning: mlx-sys@0.2.0:       |                                       ^
warning: mlx-sys@0.2.0: /Users/xin/.local/mlx/include/mlx/primitives.h:1402:3: warning: unused parameter 'other' [-Wunused-parameter]
warning: mlx-sys@0.2.0:  1402 |   DEFINE_DEFAULT_IS_EQUIVALENT()
warning: mlx-sys@0.2.0:       |   ^
warning: mlx-sys@0.2.0: /Users/xin/.local/mlx/include/mlx/primitives.h:36:39: note: expanded from macro 'DEFINE_DEFAULT_IS_EQUIVALENT'
warning: mlx-sys@0.2.0:    36 |   bool is_equivalent(const Primitive& other) const override { \
warning: mlx-sys@0.2.0:       |                                       ^
warning: mlx-sys@0.2.0: /Users/xin/.local/mlx/include/mlx/primitives.h:1416:3: warning: unused parameter 'other' [-Wunused-parameter]
warning: mlx-sys@0.2.0:  1416 |   DEFINE_DEFAULT_IS_EQUIVALENT()
warning: mlx-sys@0.2.0:       |   ^
warning: mlx-sys@0.2.0: /Users/xin/.local/mlx/include/mlx/primitives.h:36:39: note: expanded from macro 'DEFINE_DEFAULT_IS_EQUIVALENT'
warning: mlx-sys@0.2.0:    36 |   bool is_equivalent(const Primitive& other) const override { \
warning: mlx-sys@0.2.0:       |                                       ^
warning: mlx-sys@0.2.0: /Users/xin/.local/mlx/include/mlx/primitives.h:1430:3: warning: unused parameter 'other' [-Wunused-parameter]
warning: mlx-sys@0.2.0:  1430 |   DEFINE_DEFAULT_IS_EQUIVALENT()
warning: mlx-sys@0.2.0:       |   ^
warning: mlx-sys@0.2.0: /Users/xin/.local/mlx/include/mlx/primitives.h:36:39: note: expanded from macro 'DEFINE_DEFAULT_IS_EQUIVALENT'
warning: mlx-sys@0.2.0:    36 |   bool is_equivalent(const Primitive& other) const override { \
warning: mlx-sys@0.2.0:       |                                       ^
warning: mlx-sys@0.2.0: /Users/xin/.local/mlx/include/mlx/primitives.h:1444:3: warning: unused parameter 'other' [-Wunused-parameter]
warning: mlx-sys@0.2.0:  1444 |   DEFINE_DEFAULT_IS_EQUIVALENT()
warning: mlx-sys@0.2.0:       |   ^
warning: mlx-sys@0.2.0: /Users/xin/.local/mlx/include/mlx/primitives.h:36:39: note: expanded from macro 'DEFINE_DEFAULT_IS_EQUIVALENT'
warning: mlx-sys@0.2.0:    36 |   bool is_equivalent(const Primitive& other) const override { \
warning: mlx-sys@0.2.0:       |                                       ^
warning: mlx-sys@0.2.0: /Users/xin/.local/mlx/include/mlx/primitives.h:1458:3: warning: unused parameter 'other' [-Wunused-parameter]
warning: mlx-sys@0.2.0:  1458 |   DEFINE_DEFAULT_IS_EQUIVALENT()
warning: mlx-sys@0.2.0:       |   ^
warning: mlx-sys@0.2.0: /Users/xin/.local/mlx/include/mlx/primitives.h:36:39: note: expanded from macro 'DEFINE_DEFAULT_IS_EQUIVALENT'
warning: mlx-sys@0.2.0:    36 |   bool is_equivalent(const Primitive& other) const override { \
warning: mlx-sys@0.2.0:       |                                       ^
warning: mlx-sys@0.2.0: /Users/xin/.local/mlx/include/mlx/primitives.h:1472:3: warning: unused parameter 'other' [-Wunused-parameter]
warning: mlx-sys@0.2.0:  1472 |   DEFINE_DEFAULT_IS_EQUIVALENT()
warning: mlx-sys@0.2.0:       |   ^
warning: mlx-sys@0.2.0: /Users/xin/.local/mlx/include/mlx/primitives.h:36:39: note: expanded from macro 'DEFINE_DEFAULT_IS_EQUIVALENT'
warning: mlx-sys@0.2.0:    36 |   bool is_equivalent(const Primitive& other) const override { \
warning: mlx-sys@0.2.0:       |                                       ^
warning: mlx-sys@0.2.0: /Users/xin/.local/mlx/include/mlx/primitives.h:1486:3: warning: unused parameter 'other' [-Wunused-parameter]
warning: mlx-sys@0.2.0:  1486 |   DEFINE_DEFAULT_IS_EQUIVALENT()
warning: mlx-sys@0.2.0:       |   ^
warning: mlx-sys@0.2.0: /Users/xin/.local/mlx/include/mlx/primitives.h:36:39: note: expanded from macro 'DEFINE_DEFAULT_IS_EQUIVALENT'
warning: mlx-sys@0.2.0:    36 |   bool is_equivalent(const Primitive& other) const override { \
warning: mlx-sys@0.2.0:       |                                       ^
warning: mlx-sys@0.2.0: /Users/xin/.local/mlx/include/mlx/primitives.h:1500:3: warning: unused parameter 'other' [-Wunused-parameter]
warning: mlx-sys@0.2.0:  1500 |   DEFINE_DEFAULT_IS_EQUIVALENT()
warning: mlx-sys@0.2.0:       |   ^
warning: mlx-sys@0.2.0: /Users/xin/.local/mlx/include/mlx/primitives.h:36:39: note: expanded from macro 'DEFINE_DEFAULT_IS_EQUIVALENT'
warning: mlx-sys@0.2.0:    36 |   bool is_equivalent(const Primitive& other) const override { \
warning: mlx-sys@0.2.0:       |                                       ^
warning: mlx-sys@0.2.0: /Users/xin/.local/mlx/include/mlx/primitives.h:1514:3: warning: unused parameter 'other' [-Wunused-parameter]
warning: mlx-sys@0.2.0:  1514 |   DEFINE_DEFAULT_IS_EQUIVALENT()
warning: mlx-sys@0.2.0:       |   ^
warning: mlx-sys@0.2.0: /Users/xin/.local/mlx/include/mlx/primitives.h:36:39: note: expanded from macro 'DEFINE_DEFAULT_IS_EQUIVALENT'
warning: mlx-sys@0.2.0:    36 |   bool is_equivalent(const Primitive& other) const override { \
warning: mlx-sys@0.2.0:       |                                       ^
warning: mlx-sys@0.2.0: /Users/xin/.local/mlx/include/mlx/primitives.h:1536:62: warning: unused parameter 'inputs' [-Wunused-parameter]
warning: mlx-sys@0.2.0:  1536 |   std::vector<Shape> output_shapes(const std::vector<array>& inputs) override {
warning: mlx-sys@0.2.0:       |                                                              ^
warning: mlx-sys@0.2.0: /Users/xin/.local/mlx/include/mlx/primitives.h:1612:3: warning: unused parameter 'other' [-Wunused-parameter]
warning: mlx-sys@0.2.0:  1612 |   DEFINE_DEFAULT_IS_EQUIVALENT()
warning: mlx-sys@0.2.0:       |   ^
warning: mlx-sys@0.2.0: /Users/xin/.local/mlx/include/mlx/primitives.h:36:39: note: expanded from macro 'DEFINE_DEFAULT_IS_EQUIVALENT'
warning: mlx-sys@0.2.0:    36 |   bool is_equivalent(const Primitive& other) const override { \
warning: mlx-sys@0.2.0:       |                                       ^
warning: mlx-sys@0.2.0: /Users/xin/.local/mlx/include/mlx/primitives.h:1796:3: warning: unused parameter 'other' [-Wunused-parameter]
warning: mlx-sys@0.2.0:  1796 |   DEFINE_DEFAULT_IS_EQUIVALENT()
warning: mlx-sys@0.2.0:       |   ^
warning: mlx-sys@0.2.0: /Users/xin/.local/mlx/include/mlx/primitives.h:36:39: note: expanded from macro 'DEFINE_DEFAULT_IS_EQUIVALENT'
warning: mlx-sys@0.2.0:    36 |   bool is_equivalent(const Primitive& other) const override { \
warning: mlx-sys@0.2.0:       |                                       ^
warning: mlx-sys@0.2.0: /Users/xin/.local/mlx/include/mlx/primitives.h:1878:3: warning: unused parameter 'other' [-Wunused-parameter]
warning: mlx-sys@0.2.0:  1878 |   DEFINE_DEFAULT_IS_EQUIVALENT()
warning: mlx-sys@0.2.0:       |   ^
warning: mlx-sys@0.2.0: /Users/xin/.local/mlx/include/mlx/primitives.h:36:39: note: expanded from macro 'DEFINE_DEFAULT_IS_EQUIVALENT'
warning: mlx-sys@0.2.0:    36 |   bool is_equivalent(const Primitive& other) const override { \
warning: mlx-sys@0.2.0:       |                                       ^
warning: mlx-sys@0.2.0: /Users/xin/.local/mlx/include/mlx/primitives.h:2018:3: warning: unused parameter 'other' [-Wunused-parameter]
warning: mlx-sys@0.2.0:  2018 |   DEFINE_DEFAULT_IS_EQUIVALENT();
warning: mlx-sys@0.2.0:       |   ^
warning: mlx-sys@0.2.0: /Users/xin/.local/mlx/include/mlx/primitives.h:36:39: note: expanded from macro 'DEFINE_DEFAULT_IS_EQUIVALENT'
warning: mlx-sys@0.2.0:    36 |   bool is_equivalent(const Primitive& other) const override { \
warning: mlx-sys@0.2.0:       |                                       ^
warning: mlx-sys@0.2.0: /Users/xin/.local/mlx/include/mlx/primitives.h:2032:3: warning: unused parameter 'other' [-Wunused-parameter]
warning: mlx-sys@0.2.0:  2032 |   DEFINE_DEFAULT_IS_EQUIVALENT()
warning: mlx-sys@0.2.0:       |   ^
warning: mlx-sys@0.2.0: /Users/xin/.local/mlx/include/mlx/primitives.h:36:39: note: expanded from macro 'DEFINE_DEFAULT_IS_EQUIVALENT'
warning: mlx-sys@0.2.0:    36 |   bool is_equivalent(const Primitive& other) const override { \
warning: mlx-sys@0.2.0:       |                                       ^
warning: mlx-sys@0.2.0: /Users/xin/.local/mlx/include/mlx/primitives.h:2046:3: warning: unused parameter 'other' [-Wunused-parameter]
warning: mlx-sys@0.2.0:  2046 |   DEFINE_DEFAULT_IS_EQUIVALENT()
warning: mlx-sys@0.2.0:       |   ^
warning: mlx-sys@0.2.0: /Users/xin/.local/mlx/include/mlx/primitives.h:36:39: note: expanded from macro 'DEFINE_DEFAULT_IS_EQUIVALENT'
warning: mlx-sys@0.2.0:    36 |   bool is_equivalent(const Primitive& other) const override { \
warning: mlx-sys@0.2.0:       |                                       ^
warning: mlx-sys@0.2.0: /Users/xin/.local/mlx/include/mlx/primitives.h:2060:3: warning: unused parameter 'other' [-Wunused-parameter]
warning: mlx-sys@0.2.0:  2060 |   DEFINE_DEFAULT_IS_EQUIVALENT()
warning: mlx-sys@0.2.0:       |   ^
warning: mlx-sys@0.2.0: /Users/xin/.local/mlx/include/mlx/primitives.h:36:39: note: expanded from macro 'DEFINE_DEFAULT_IS_EQUIVALENT'
warning: mlx-sys@0.2.0:    36 |   bool is_equivalent(const Primitive& other) const override { \
warning: mlx-sys@0.2.0:       |                                       ^
warning: mlx-sys@0.2.0: /Users/xin/.local/mlx/include/mlx/primitives.h:2074:3: warning: unused parameter 'other' [-Wunused-parameter]
warning: mlx-sys@0.2.0:  2074 |   DEFINE_DEFAULT_IS_EQUIVALENT()
warning: mlx-sys@0.2.0:       |   ^
warning: mlx-sys@0.2.0: /Users/xin/.local/mlx/include/mlx/primitives.h:36:39: note: expanded from macro 'DEFINE_DEFAULT_IS_EQUIVALENT'
warning: mlx-sys@0.2.0:    36 |   bool is_equivalent(const Primitive& other) const override { \
warning: mlx-sys@0.2.0:       |                                       ^
warning: mlx-sys@0.2.0: /Users/xin/.local/mlx/include/mlx/primitives.h:2303:3: warning: unused parameter 'other' [-Wunused-parameter]
warning: mlx-sys@0.2.0:  2303 |   DEFINE_DEFAULT_IS_EQUIVALENT()
warning: mlx-sys@0.2.0:       |   ^
warning: mlx-sys@0.2.0: /Users/xin/.local/mlx/include/mlx/primitives.h:36:39: note: expanded from macro 'DEFINE_DEFAULT_IS_EQUIVALENT'
warning: mlx-sys@0.2.0:    36 |   bool is_equivalent(const Primitive& other) const override { \
warning: mlx-sys@0.2.0:       |                                       ^
warning: mlx-sys@0.2.0: /Users/xin/.local/mlx/include/mlx/primitives.h:2344:3: warning: unused parameter 'other' [-Wunused-parameter]
warning: mlx-sys@0.2.0:  2344 |   DEFINE_DEFAULT_IS_EQUIVALENT()
warning: mlx-sys@0.2.0:       |   ^
warning: mlx-sys@0.2.0: /Users/xin/.local/mlx/include/mlx/primitives.h:36:39: note: expanded from macro 'DEFINE_DEFAULT_IS_EQUIVALENT'
warning: mlx-sys@0.2.0:    36 |   bool is_equivalent(const Primitive& other) const override { \
warning: mlx-sys@0.2.0:       |                                       ^
warning: mlx-sys@0.2.0: /Users/xin/.local/mlx/include/mlx/primitives.h:2361:3: warning: unused parameter 'other' [-Wunused-parameter]
warning: mlx-sys@0.2.0:  2361 |   DEFINE_DEFAULT_IS_EQUIVALENT()
warning: mlx-sys@0.2.0:       |   ^
warning: mlx-sys@0.2.0: /Users/xin/.local/mlx/include/mlx/primitives.h:36:39: note: expanded from macro 'DEFINE_DEFAULT_IS_EQUIVALENT'
warning: mlx-sys@0.2.0:    36 |   bool is_equivalent(const Primitive& other) const override { \
warning: mlx-sys@0.2.0:       |                                       ^
warning: mlx-sys@0.2.0: /Users/xin/.local/mlx/include/mlx/primitives.h:2400:3: warning: unused parameter 'other' [-Wunused-parameter]
warning: mlx-sys@0.2.0:  2400 |   DEFINE_DEFAULT_IS_EQUIVALENT()
warning: mlx-sys@0.2.0:       |   ^
warning: mlx-sys@0.2.0: /Users/xin/.local/mlx/include/mlx/primitives.h:36:39: note: expanded from macro 'DEFINE_DEFAULT_IS_EQUIVALENT'
warning: mlx-sys@0.2.0:    36 |   bool is_equivalent(const Primitive& other) const override { \
warning: mlx-sys@0.2.0:       |                                       ^
warning: mlx-sys@0.2.0: /Users/xin/.local/mlx/include/mlx/primitives.h:2414:3: warning: unused parameter 'other' [-Wunused-parameter]
warning: mlx-sys@0.2.0:  2414 |   DEFINE_DEFAULT_IS_EQUIVALENT()
warning: mlx-sys@0.2.0:       |   ^
warning: mlx-sys@0.2.0: /Users/xin/.local/mlx/include/mlx/primitives.h:36:39: note: expanded from macro 'DEFINE_DEFAULT_IS_EQUIVALENT'
warning: mlx-sys@0.2.0:    36 |   bool is_equivalent(const Primitive& other) const override { \
warning: mlx-sys@0.2.0:       |                                       ^
warning: mlx-sys@0.2.0: In file included from shim/src/prefill_masked_softmax.cc:13:
warning: mlx-sys@0.2.0: /Users/xin/.local/mlx/include/mlx/fast_primitives.h:50:43: warning: unused parameter 'inputs' [-Wunused-parameter]
warning: mlx-sys@0.2.0:    50 |   void eval_cpu(const std::vector<array>& inputs, std::vector<array>& outputs)
warning: mlx-sys@0.2.0:       |                                           ^
warning: mlx-sys@0.2.0: /Users/xin/.local/mlx/include/mlx/fast_primitives.h:50:71: warning: unused parameter 'outputs' [-Wunused-parameter]
warning: mlx-sys@0.2.0:    50 |   void eval_cpu(const std::vector<array>& inputs, std::vector<array>& outputs)
warning: mlx-sys@0.2.0:       |                                                                       ^
warning: mlx-sys@0.2.0: /Users/xin/.local/mlx/include/mlx/fast_primitives.h:83:43: warning: unused parameter 'inputs' [-Wunused-parameter]
warning: mlx-sys@0.2.0:    83 |   void eval_cpu(const std::vector<array>& inputs, std::vector<array>& outputs)
warning: mlx-sys@0.2.0:       |                                           ^
warning: mlx-sys@0.2.0: /Users/xin/.local/mlx/include/mlx/fast_primitives.h:83:71: warning: unused parameter 'outputs' [-Wunused-parameter]
warning: mlx-sys@0.2.0:    83 |   void eval_cpu(const std::vector<array>& inputs, std::vector<array>& outputs)
warning: mlx-sys@0.2.0:       |                                                                       ^
warning: mlx-sys@0.2.0: /Users/xin/.local/mlx/include/mlx/fast_primitives.h:110:43: warning: unused parameter 'inputs' [-Wunused-parameter]
warning: mlx-sys@0.2.0:   110 |   void eval_cpu(const std::vector<array>& inputs, std::vector<array>& outputs)
warning: mlx-sys@0.2.0:       |                                           ^
warning: mlx-sys@0.2.0: /Users/xin/.local/mlx/include/mlx/fast_primitives.h:110:71: warning: unused parameter 'outputs' [-Wunused-parameter]
warning: mlx-sys@0.2.0:   110 |   void eval_cpu(const std::vector<array>& inputs, std::vector<array>& outputs)
warning: mlx-sys@0.2.0:       |                                                                       ^
warning: mlx-sys@0.2.0: /Users/xin/.local/mlx/include/mlx/fast_primitives.h:142:43: warning: unused parameter 'inputs' [-Wunused-parameter]
warning: mlx-sys@0.2.0:   142 |   void eval_cpu(const std::vector<array>& inputs, std::vector<array>& outputs)
warning: mlx-sys@0.2.0:       |                                           ^
warning: mlx-sys@0.2.0: /Users/xin/.local/mlx/include/mlx/fast_primitives.h:142:71: warning: unused parameter 'outputs' [-Wunused-parameter]
warning: mlx-sys@0.2.0:   142 |   void eval_cpu(const std::vector<array>& inputs, std::vector<array>& outputs)
warning: mlx-sys@0.2.0:       |                                                                       ^
warning: mlx-sys@0.2.0: /Users/xin/.local/mlx/include/mlx/fast_primitives.h:178:43: warning: unused parameter 'inputs' [-Wunused-parameter]
warning: mlx-sys@0.2.0:   178 |   void eval_cpu(const std::vector<array>& inputs, std::vector<array>& outputs)
warning: mlx-sys@0.2.0:       |                                           ^
warning: mlx-sys@0.2.0: /Users/xin/.local/mlx/include/mlx/fast_primitives.h:178:71: warning: unused parameter 'outputs' [-Wunused-parameter]
warning: mlx-sys@0.2.0:   178 |   void eval_cpu(const std::vector<array>& inputs, std::vector<array>& outputs)
warning: mlx-sys@0.2.0:       |                                                                       ^
warning: mlx-sys@0.2.0: /Users/xin/.local/mlx/include/mlx/fast_primitives.h:237:43: warning: unused parameter 'inputs' [-Wunused-parameter]
warning: mlx-sys@0.2.0:   237 |   void eval_cpu(const std::vector<array>& inputs, std::vector<array>& outputs)
warning: mlx-sys@0.2.0:       |                                           ^
warning: mlx-sys@0.2.0: /Users/xin/.local/mlx/include/mlx/fast_primitives.h:237:71: warning: unused parameter 'outputs' [-Wunused-parameter]
warning: mlx-sys@0.2.0:   237 |   void eval_cpu(const std::vector<array>& inputs, std::vector<array>& outputs)
warning: mlx-sys@0.2.0:       |                                                                       ^
warning: mlx-sys@0.2.0: /Users/xin/.local/mlx/include/mlx/fast_primitives.h:288:43: warning: unused parameter 'inputs' [-Wunused-parameter]
warning: mlx-sys@0.2.0:   288 |   void eval_cpu(const std::vector<array>& inputs, std::vector<array>& outputs)
warning: mlx-sys@0.2.0:       |                                           ^
warning: mlx-sys@0.2.0: /Users/xin/.local/mlx/include/mlx/fast_primitives.h:288:71: warning: unused parameter 'outputs' [-Wunused-parameter]
warning: mlx-sys@0.2.0:   288 |   void eval_cpu(const std::vector<array>& inputs, std::vector<array>& outputs)
warning: mlx-sys@0.2.0:       |                                                                       ^
warning: mlx-sys@0.2.0: /Users/xin/.local/mlx/include/mlx/fast_primitives.h:403:43: warning: unused parameter 'inputs' [-Wunused-parameter]
warning: mlx-sys@0.2.0:   403 |   void eval_cpu(const std::vector<array>& inputs, std::vector<array>& outputs)
warning: mlx-sys@0.2.0:       |                                           ^
warning: mlx-sys@0.2.0: /Users/xin/.local/mlx/include/mlx/fast_primitives.h:403:71: warning: unused parameter 'outputs' [-Wunused-parameter]
warning: mlx-sys@0.2.0:   403 |   void eval_cpu(const std::vector<array>& inputs, std::vector<array>& outputs)
warning: mlx-sys@0.2.0:       |                                                                       ^
warning: mlx-sys@0.2.0: In file included from shim/src/prefill_qmm_mtile.cc:12:
warning: mlx-sys@0.2.0: /Users/xin/.local/mlx/include/mlx/primitives.h:108:47: warning: unused parameter 'other' [-Wunused-parameter]
warning: mlx-sys@0.2.0:   108 |   virtual bool is_equivalent(const Primitive& other) const {
warning: mlx-sys@0.2.0:       |                                               ^
warning: mlx-sys@0.2.0: /Users/xin/.local/mlx/include/mlx/primitives.h:172:3: warning: unused parameter 'other' [-Wunused-parameter]
warning: mlx-sys@0.2.0:   172 |   DEFINE_DEFAULT_IS_EQUIVALENT()
warning: mlx-sys@0.2.0:       |   ^
warning: mlx-sys@0.2.0: /Users/xin/.local/mlx/include/mlx/primitives.h:36:39: note: expanded from macro 'DEFINE_DEFAULT_IS_EQUIVALENT'
warning: mlx-sys@0.2.0:    36 |   bool is_equivalent(const Primitive& other) const override { \
warning: mlx-sys@0.2.0:       |                                       ^
warning: mlx-sys@0.2.0: /Users/xin/.local/mlx/include/mlx/primitives.h:186:3: warning: unused parameter 'other' [-Wunused-parameter]
warning: mlx-sys@0.2.0:   186 |   DEFINE_DEFAULT_IS_EQUIVALENT()
warning: mlx-sys@0.2.0:       |   ^
warning: mlx-sys@0.2.0: /Users/xin/.local/mlx/include/mlx/primitives.h:36:39: note: expanded from macro 'DEFINE_DEFAULT_IS_EQUIVALENT'
warning: mlx-sys@0.2.0:    36 |   bool is_equivalent(const Primitive& other) const override { \
warning: mlx-sys@0.2.0:       |                                       ^
warning: mlx-sys@0.2.0: /Users/xin/.local/mlx/include/mlx/primitives.h:244:3: warning: unused parameter 'other' [-Wunused-parameter]
warning: mlx-sys@0.2.0:   244 |   DEFINE_DEFAULT_IS_EQUIVALENT()
warning: mlx-sys@0.2.0:       |   ^
warning: mlx-sys@0.2.0: /Users/xin/.local/mlx/include/mlx/primitives.h:36:39: note: expanded from macro 'DEFINE_DEFAULT_IS_EQUIVALENT'
warning: mlx-sys@0.2.0:    36 |   bool is_equivalent(const Primitive& other) const override { \
warning: mlx-sys@0.2.0:       |                                       ^
warning: mlx-sys@0.2.0: /Users/xin/.local/mlx/include/mlx/primitives.h:258:3: warning: unused parameter 'other' [-Wunused-parameter]
warning: mlx-sys@0.2.0:   258 |   DEFINE_DEFAULT_IS_EQUIVALENT()
warning: mlx-sys@0.2.0:       |   ^
warning: mlx-sys@0.2.0: /Users/xin/.local/mlx/include/mlx/primitives.h:36:39: note: expanded from macro 'DEFINE_DEFAULT_IS_EQUIVALENT'
warning: mlx-sys@0.2.0:    36 |   bool is_equivalent(const Primitive& other) const override { \
warning: mlx-sys@0.2.0:       |                                       ^
warning: mlx-sys@0.2.0: /Users/xin/.local/mlx/include/mlx/primitives.h:272:3: warning: unused parameter 'other' [-Wunused-parameter]
warning: mlx-sys@0.2.0:   272 |   DEFINE_DEFAULT_IS_EQUIVALENT()
warning: mlx-sys@0.2.0:       |   ^
warning: mlx-sys@0.2.0: /Users/xin/.local/mlx/include/mlx/primitives.h:36:39: note: expanded from macro 'DEFINE_DEFAULT_IS_EQUIVALENT'
warning: mlx-sys@0.2.0:    36 |   bool is_equivalent(const Primitive& other) const override { \
warning: mlx-sys@0.2.0:       |                                       ^
warning: mlx-sys@0.2.0: /Users/xin/.local/mlx/include/mlx/primitives.h:286:3: warning: unused parameter 'other' [-Wunused-parameter]
warning: mlx-sys@0.2.0:   286 |   DEFINE_DEFAULT_IS_EQUIVALENT()
warning: mlx-sys@0.2.0:       |   ^
warning: mlx-sys@0.2.0: /Users/xin/.local/mlx/include/mlx/primitives.h:36:39: note: expanded from macro 'DEFINE_DEFAULT_IS_EQUIVALENT'
warning: mlx-sys@0.2.0:    36 |   bool is_equivalent(const Primitive& other) const override { \
warning: mlx-sys@0.2.0:       |                                       ^
warning: mlx-sys@0.2.0: /Users/xin/.local/mlx/include/mlx/primitives.h:300:3: warning: unused parameter 'other' [-Wunused-parameter]
warning: mlx-sys@0.2.0:   300 |   DEFINE_DEFAULT_IS_EQUIVALENT()
warning: mlx-sys@0.2.0:       |   ^
warning: mlx-sys@0.2.0: /Users/xin/.local/mlx/include/mlx/primitives.h:36:39: note: expanded from macro 'DEFINE_DEFAULT_IS_EQUIVALENT'
warning: mlx-sys@0.2.0:    36 |   bool is_equivalent(const Primitive& other) const override { \
warning: mlx-sys@0.2.0:       |                                       ^
warning: mlx-sys@0.2.0: /Users/xin/.local/mlx/include/mlx/primitives.h:314:3: warning: unused parameter 'other' [-Wunused-parameter]
warning: mlx-sys@0.2.0:   314 |   DEFINE_DEFAULT_IS_EQUIVALENT()
warning: mlx-sys@0.2.0:       |   ^
warning: mlx-sys@0.2.0: /Users/xin/.local/mlx/include/mlx/primitives.h:36:39: note: expanded from macro 'DEFINE_DEFAULT_IS_EQUIVALENT'
warning: mlx-sys@0.2.0:    36 |   bool is_equivalent(const Primitive& other) const override { \
warning: mlx-sys@0.2.0:       |                                       ^
warning: mlx-sys@0.2.0: /Users/xin/.local/mlx/include/mlx/primitives.h:328:3: warning: unused parameter 'other' [-Wunused-parameter]
warning: mlx-sys@0.2.0:   328 |   DEFINE_DEFAULT_IS_EQUIVALENT()
warning: mlx-sys@0.2.0:       |   ^
warning: mlx-sys@0.2.0: /Users/xin/.local/mlx/include/mlx/primitives.h:36:39: note: expanded from macro 'DEFINE_DEFAULT_IS_EQUIVALENT'
warning: mlx-sys@0.2.0:    36 |   bool is_equivalent(const Primitive& other) const override { \
warning: mlx-sys@0.2.0:       |                                       ^
warning: mlx-sys@0.2.0: /Users/xin/.local/mlx/include/mlx/primitives.h:497:3: warning: unused parameter 'other' [-Wunused-parameter]
warning: mlx-sys@0.2.0:   497 |   DEFINE_DEFAULT_IS_EQUIVALENT()
warning: mlx-sys@0.2.0:       |   ^
warning: mlx-sys@0.2.0: /Users/xin/.local/mlx/include/mlx/primitives.h:36:39: note: expanded from macro 'DEFINE_DEFAULT_IS_EQUIVALENT'
warning: mlx-sys@0.2.0:    36 |   bool is_equivalent(const Primitive& other) const override { \
warning: mlx-sys@0.2.0:       |                                       ^
warning: mlx-sys@0.2.0: /Users/xin/.local/mlx/include/mlx/primitives.h:625:3: warning: unused parameter 'other' [-Wunused-parameter]
warning: mlx-sys@0.2.0:   625 |   DEFINE_DEFAULT_IS_EQUIVALENT()
warning: mlx-sys@0.2.0:       |   ^
warning: mlx-sys@0.2.0: /Users/xin/.local/mlx/include/mlx/primitives.h:36:39: note: expanded from macro 'DEFINE_DEFAULT_IS_EQUIVALENT'
warning: mlx-sys@0.2.0:    36 |   bool is_equivalent(const Primitive& other) const override { \
warning: mlx-sys@0.2.0:       |                                       ^
warning: mlx-sys@0.2.0: /Users/xin/.local/mlx/include/mlx/primitives.h:704:3: warning: unused parameter 'other' [-Wunused-parameter]
warning: mlx-sys@0.2.0:   704 |   DEFINE_DEFAULT_IS_EQUIVALENT()
warning: mlx-sys@0.2.0:       |   ^
warning: mlx-sys@0.2.0: /Users/xin/.local/mlx/include/mlx/primitives.h:36:39: note: expanded from macro 'DEFINE_DEFAULT_IS_EQUIVALENT'
warning: mlx-sys@0.2.0:    36 |   bool is_equivalent(const Primitive& other) const override { \
warning: mlx-sys@0.2.0:       |                                       ^
warning: mlx-sys@0.2.0: /Users/xin/.local/mlx/include/mlx/primitives.h:800:3: warning: unused parameter 'other' [-Wunused-parameter]
warning: mlx-sys@0.2.0:   800 |   DEFINE_DEFAULT_IS_EQUIVALENT()
warning: mlx-sys@0.2.0:       |   ^
warning: mlx-sys@0.2.0: /Users/xin/.local/mlx/include/mlx/primitives.h:36:39: note: expanded from macro 'DEFINE_DEFAULT_IS_EQUIVALENT'
warning: mlx-sys@0.2.0:    36 |   bool is_equivalent(const Primitive& other) const override { \
warning: mlx-sys@0.2.0:       |                                       ^
warning: mlx-sys@0.2.0: /Users/xin/.local/mlx/include/mlx/primitives.h:817:3: warning: unused parameter 'other' [-Wunused-parameter]
warning: mlx-sys@0.2.0:   817 |   DEFINE_DEFAULT_IS_EQUIVALENT()
warning: mlx-sys@0.2.0:       |   ^
warning: mlx-sys@0.2.0: /Users/xin/.local/mlx/include/mlx/primitives.h:36:39: note: expanded from macro 'DEFINE_DEFAULT_IS_EQUIVALENT'
warning: mlx-sys@0.2.0:    36 |   bool is_equivalent(const Primitive& other) const override { \
warning: mlx-sys@0.2.0:       |                                       ^
warning: mlx-sys@0.2.0: /Users/xin/.local/mlx/include/mlx/primitives.h:831:3: warning: unused parameter 'other' [-Wunused-parameter]
warning: mlx-sys@0.2.0:   831 |   DEFINE_DEFAULT_IS_EQUIVALENT()
warning: mlx-sys@0.2.0:       |   ^
warning: mlx-sys@0.2.0: /Users/xin/.local/mlx/include/mlx/primitives.h:36:39: note: expanded from macro 'DEFINE_DEFAULT_IS_EQUIVALENT'
warning: mlx-sys@0.2.0:    36 |   bool is_equivalent(const Primitive& other) const override { \
warning: mlx-sys@0.2.0:       |                                       ^
warning: mlx-sys@0.2.0: /Users/xin/.local/mlx/include/mlx/primitives.h:918:3: warning: unused parameter 'other' [-Wunused-parameter]
warning: mlx-sys@0.2.0:   918 |   DEFINE_DEFAULT_IS_EQUIVALENT()
warning: mlx-sys@0.2.0:       |   ^
warning: mlx-sys@0.2.0: /Users/xin/.local/mlx/include/mlx/primitives.h:36:39: note: expanded from macro 'DEFINE_DEFAULT_IS_EQUIVALENT'
warning: mlx-sys@0.2.0:    36 |   bool is_equivalent(const Primitive& other) const override { \
warning: mlx-sys@0.2.0:       |                                       ^
warning: mlx-sys@0.2.0: /Users/xin/.local/mlx/include/mlx/primitives.h:934:3: warning: unused parameter 'other' [-Wunused-parameter]
warning: mlx-sys@0.2.0:   934 |   DEFINE_DEFAULT_IS_EQUIVALENT()
warning: mlx-sys@0.2.0:       |   ^
warning: mlx-sys@0.2.0: /Users/xin/.local/mlx/include/mlx/primitives.h:36:39: note: expanded from macro 'DEFINE_DEFAULT_IS_EQUIVALENT'
warning: mlx-sys@0.2.0:    36 |   bool is_equivalent(const Primitive& other) const override { \
warning: mlx-sys@0.2.0:       |                                       ^
warning: mlx-sys@0.2.0: /Users/xin/.local/mlx/include/mlx/primitives.h:950:3: warning: unused parameter 'other' [-Wunused-parameter]
warning: mlx-sys@0.2.0:   950 |   DEFINE_DEFAULT_IS_EQUIVALENT()
warning: mlx-sys@0.2.0:       |   ^
warning: mlx-sys@0.2.0: /Users/xin/.local/mlx/include/mlx/primitives.h:36:39: note: expanded from macro 'DEFINE_DEFAULT_IS_EQUIVALENT'
warning: mlx-sys@0.2.0:    36 |   bool is_equivalent(const Primitive& other) const override { \
warning: mlx-sys@0.2.0:       |                                       ^
warning: mlx-sys@0.2.0: /Users/xin/.local/mlx/include/mlx/primitives.h:964:3: warning: unused parameter 'other' [-Wunused-parameter]
warning: mlx-sys@0.2.0:   964 |   DEFINE_DEFAULT_IS_EQUIVALENT()
warning: mlx-sys@0.2.0:       |   ^
warning: mlx-sys@0.2.0: /Users/xin/.local/mlx/include/mlx/primitives.h:36:39: note: expanded from macro 'DEFINE_DEFAULT_IS_EQUIVALENT'
warning: mlx-sys@0.2.0:    36 |   bool is_equivalent(const Primitive& other) const override { \
warning: mlx-sys@0.2.0:       |                                       ^
warning: mlx-sys@0.2.0: /Users/xin/.local/mlx/include/mlx/primitives.h:978:3: warning: unused parameter 'other' [-Wunused-parameter]
warning: mlx-sys@0.2.0:   978 |   DEFINE_DEFAULT_IS_EQUIVALENT()
warning: mlx-sys@0.2.0:       |   ^
warning: mlx-sys@0.2.0: /Users/xin/.local/mlx/include/mlx/primitives.h:36:39: note: expanded from macro 'DEFINE_DEFAULT_IS_EQUIVALENT'
warning: mlx-sys@0.2.0:    36 |   bool is_equivalent(const Primitive& other) const override { \
warning: mlx-sys@0.2.0:       |                                       ^
warning: mlx-sys@0.2.0: /Users/xin/.local/mlx/include/mlx/primitives.h:1006:3: warning: unused parameter 'other' [-Wunused-parameter]
warning: mlx-sys@0.2.0:  1006 |   DEFINE_DEFAULT_IS_EQUIVALENT()
warning: mlx-sys@0.2.0:       |   ^
warning: mlx-sys@0.2.0: /Users/xin/.local/mlx/include/mlx/primitives.h:36:39: note: expanded from macro 'DEFINE_DEFAULT_IS_EQUIVALENT'
warning: mlx-sys@0.2.0:    36 |   bool is_equivalent(const Primitive& other) const override { \
warning: mlx-sys@0.2.0:       |                                       ^
warning: mlx-sys@0.2.0: /Users/xin/.local/mlx/include/mlx/primitives.h:1020:3: warning: unused parameter 'other' [-Wunused-parameter]
warning: mlx-sys@0.2.0:  1020 |   DEFINE_DEFAULT_IS_EQUIVALENT()
warning: mlx-sys@0.2.0:       |   ^
warning: mlx-sys@0.2.0: /Users/xin/.local/mlx/include/mlx/primitives.h:36:39: note: expanded from macro 'DEFINE_DEFAULT_IS_EQUIVALENT'
warning: mlx-sys@0.2.0:    36 |   bool is_equivalent(const Primitive& other) const override { \
warning: mlx-sys@0.2.0:       |                                       ^
warning: mlx-sys@0.2.0: /Users/xin/.local/mlx/include/mlx/primitives.h:1034:3: warning: unused parameter 'other' [-Wunused-parameter]
warning: mlx-sys@0.2.0:  1034 |   DEFINE_DEFAULT_IS_EQUIVALENT()
warning: mlx-sys@0.2.0:       |   ^
warning: mlx-sys@0.2.0: /Users/xin/.local/mlx/include/mlx/primitives.h:36:39: note: expanded from macro 'DEFINE_DEFAULT_IS_EQUIVALENT'
warning: mlx-sys@0.2.0:    36 |   bool is_equivalent(const Primitive& other) const override { \
warning: mlx-sys@0.2.0:       |                                       ^
warning: mlx-sys@0.2.0: /Users/xin/.local/mlx/include/mlx/primitives.h:1138:3: warning: unused parameter 'other' [-Wunused-parameter]
warning: mlx-sys@0.2.0:  1138 |   DEFINE_DEFAULT_IS_EQUIVALENT()
warning: mlx-sys@0.2.0:       |   ^
warning: mlx-sys@0.2.0: /Users/xin/.local/mlx/include/mlx/primitives.h:36:39: note: expanded from macro 'DEFINE_DEFAULT_IS_EQUIVALENT'
warning: mlx-sys@0.2.0:    36 |   bool is_equivalent(const Primitive& other) const override { \
warning: mlx-sys@0.2.0:       |                                       ^
warning: mlx-sys@0.2.0: /Users/xin/.local/mlx/include/mlx/primitives.h:1152:3: warning: unused parameter 'other' [-Wunused-parameter]
warning: mlx-sys@0.2.0:  1152 |   DEFINE_DEFAULT_IS_EQUIVALENT()
warning: mlx-sys@0.2.0:       |   ^
warning: mlx-sys@0.2.0: /Users/xin/.local/mlx/include/mlx/primitives.h:36:39: note: expanded from macro 'DEFINE_DEFAULT_IS_EQUIVALENT'
warning: mlx-sys@0.2.0:    36 |   bool is_equivalent(const Primitive& other) const override { \
warning: mlx-sys@0.2.0:       |                                       ^
warning: mlx-sys@0.2.0: /Users/xin/.local/mlx/include/mlx/primitives.h:1211:3: warning: unused parameter 'other' [-Wunused-parameter]
warning: mlx-sys@0.2.0:  1211 |   DEFINE_DEFAULT_IS_EQUIVALENT()
warning: mlx-sys@0.2.0:       |   ^
warning: mlx-sys@0.2.0: /Users/xin/.local/mlx/include/mlx/primitives.h:36:39: note: expanded from macro 'DEFINE_DEFAULT_IS_EQUIVALENT'
warning: mlx-sys@0.2.0:    36 |   bool is_equivalent(const Primitive& other) const override { \
warning: mlx-sys@0.2.0:       |                                       ^
warning: mlx-sys@0.2.0: /Users/xin/.local/mlx/include/mlx/primitives.h:1225:3: warning: unused parameter 'other' [-Wunused-parameter]
warning: mlx-sys@0.2.0:  1225 |   DEFINE_DEFAULT_IS_EQUIVALENT()
warning: mlx-sys@0.2.0:       |   ^
warning: mlx-sys@0.2.0: /Users/xin/.local/mlx/include/mlx/primitives.h:36:39: note: expanded from macro 'DEFINE_DEFAULT_IS_EQUIVALENT'
warning: mlx-sys@0.2.0:    36 |   bool is_equivalent(const Primitive& other) const override { \
warning: mlx-sys@0.2.0:       |                                       ^
warning: mlx-sys@0.2.0: /Users/xin/.local/mlx/include/mlx/primitives.h:1261:3: warning: unused parameter 'other' [-Wunused-parameter]
warning: mlx-sys@0.2.0:  1261 |   DEFINE_DEFAULT_IS_EQUIVALENT()
warning: mlx-sys@0.2.0:       |   ^
warning: mlx-sys@0.2.0: /Users/xin/.local/mlx/include/mlx/primitives.h:36:39: note: expanded from macro 'DEFINE_DEFAULT_IS_EQUIVALENT'
warning: mlx-sys@0.2.0:    36 |   bool is_equivalent(const Primitive& other) const override { \
warning: mlx-sys@0.2.0:       |                                       ^
warning: mlx-sys@0.2.0: /Users/xin/.local/mlx/include/mlx/primitives.h:1275:3: warning: unused parameter 'other' [-Wunused-parameter]
warning: mlx-sys@0.2.0:  1275 |   DEFINE_DEFAULT_IS_EQUIVALENT()
warning: mlx-sys@0.2.0:       |   ^
warning: mlx-sys@0.2.0: /Users/xin/.local/mlx/include/mlx/primitives.h:36:39: note: expanded from macro 'DEFINE_DEFAULT_IS_EQUIVALENT'
warning: mlx-sys@0.2.0:    36 |   bool is_equivalent(const Primitive& other) const override { \
warning: mlx-sys@0.2.0:       |                                       ^
warning: mlx-sys@0.2.0: /Users/xin/.local/mlx/include/mlx/primitives.h:1289:3: warning: unused parameter 'other' [-Wunused-parameter]
warning: mlx-sys@0.2.0:  1289 |   DEFINE_DEFAULT_IS_EQUIVALENT()
warning: mlx-sys@0.2.0:       |   ^
warning: mlx-sys@0.2.0: /Users/xin/.local/mlx/include/mlx/primitives.h:36:39: note: expanded from macro 'DEFINE_DEFAULT_IS_EQUIVALENT'
warning: mlx-sys@0.2.0:    36 |   bool is_equivalent(const Primitive& other) const override { \
warning: mlx-sys@0.2.0:       |                                       ^
warning: mlx-sys@0.2.0: /Users/xin/.local/mlx/include/mlx/primitives.h:1328:3: warning: unused parameter 'other' [-Wunused-parameter]
warning: mlx-sys@0.2.0:  1328 |   DEFINE_DEFAULT_IS_EQUIVALENT()
warning: mlx-sys@0.2.0:       |   ^
warning: mlx-sys@0.2.0: /Users/xin/.local/mlx/include/mlx/primitives.h:36:39: note: expanded from macro 'DEFINE_DEFAULT_IS_EQUIVALENT'
warning: mlx-sys@0.2.0:    36 |   bool is_equivalent(const Primitive& other) const override { \
warning: mlx-sys@0.2.0:       |                                       ^
warning: mlx-sys@0.2.0: /Users/xin/.local/mlx/include/mlx/primitives.h:1374:3: warning: unused parameter 'other' [-Wunused-parameter]
warning: mlx-sys@0.2.0:  1374 |   DEFINE_DEFAULT_IS_EQUIVALENT()
warning: mlx-sys@0.2.0:       |   ^
warning: mlx-sys@0.2.0: /Users/xin/.local/mlx/include/mlx/primitives.h:36:39: note: expanded from macro 'DEFINE_DEFAULT_IS_EQUIVALENT'
warning: mlx-sys@0.2.0:    36 |   bool is_equivalent(const Primitive& other) const override { \
warning: mlx-sys@0.2.0:       |                                       ^
warning: mlx-sys@0.2.0: /Users/xin/.local/mlx/include/mlx/primitives.h:1388:3: warning: unused parameter 'other' [-Wunused-parameter]
warning: mlx-sys@0.2.0:  1388 |   DEFINE_DEFAULT_IS_EQUIVALENT()
warning: mlx-sys@0.2.0:       |   ^
warning: mlx-sys@0.2.0: /Users/xin/.local/mlx/include/mlx/primitives.h:36:39: note: expanded from macro 'DEFINE_DEFAULT_IS_EQUIVALENT'
warning: mlx-sys@0.2.0:    36 |   bool is_equivalent(const Primitive& other) const override { \
warning: mlx-sys@0.2.0:       |                                       ^
warning: mlx-sys@0.2.0: /Users/xin/.local/mlx/include/mlx/primitives.h:1402:3: warning: unused parameter 'other' [-Wunused-parameter]
warning: mlx-sys@0.2.0:  1402 |   DEFINE_DEFAULT_IS_EQUIVALENT()
warning: mlx-sys@0.2.0:       |   ^
warning: mlx-sys@0.2.0: /Users/xin/.local/mlx/include/mlx/primitives.h:36:39: note: expanded from macro 'DEFINE_DEFAULT_IS_EQUIVALENT'
warning: mlx-sys@0.2.0:    36 |   bool is_equivalent(const Primitive& other) const override { \
warning: mlx-sys@0.2.0:       |                                       ^
warning: mlx-sys@0.2.0: /Users/xin/.local/mlx/include/mlx/primitives.h:1416:3: warning: unused parameter 'other' [-Wunused-parameter]
warning: mlx-sys@0.2.0:  1416 |   DEFINE_DEFAULT_IS_EQUIVALENT()
warning: mlx-sys@0.2.0:       |   ^
warning: mlx-sys@0.2.0: /Users/xin/.local/mlx/include/mlx/primitives.h:36:39: note: expanded from macro 'DEFINE_DEFAULT_IS_EQUIVALENT'
warning: mlx-sys@0.2.0:    36 |   bool is_equivalent(const Primitive& other) const override { \
warning: mlx-sys@0.2.0:       |                                       ^
warning: mlx-sys@0.2.0: /Users/xin/.local/mlx/include/mlx/primitives.h:1430:3: warning: unused parameter 'other' [-Wunused-parameter]
warning: mlx-sys@0.2.0:  1430 |   DEFINE_DEFAULT_IS_EQUIVALENT()
warning: mlx-sys@0.2.0:       |   ^
warning: mlx-sys@0.2.0: /Users/xin/.local/mlx/include/mlx/primitives.h:36:39: note: expanded from macro 'DEFINE_DEFAULT_IS_EQUIVALENT'
warning: mlx-sys@0.2.0:    36 |   bool is_equivalent(const Primitive& other) const override { \
warning: mlx-sys@0.2.0:       |                                       ^
warning: mlx-sys@0.2.0: /Users/xin/.local/mlx/include/mlx/primitives.h:1444:3: warning: unused parameter 'other' [-Wunused-parameter]
warning: mlx-sys@0.2.0:  1444 |   DEFINE_DEFAULT_IS_EQUIVALENT()
warning: mlx-sys@0.2.0:       |   ^
warning: mlx-sys@0.2.0: /Users/xin/.local/mlx/include/mlx/primitives.h:36:39: note: expanded from macro 'DEFINE_DEFAULT_IS_EQUIVALENT'
warning: mlx-sys@0.2.0:    36 |   bool is_equivalent(const Primitive& other) const override { \
warning: mlx-sys@0.2.0:       |                                       ^
warning: mlx-sys@0.2.0: /Users/xin/.local/mlx/include/mlx/primitives.h:1458:3: warning: unused parameter 'other' [-Wunused-parameter]
warning: mlx-sys@0.2.0:  1458 |   DEFINE_DEFAULT_IS_EQUIVALENT()
warning: mlx-sys@0.2.0:       |   ^
warning: mlx-sys@0.2.0: /Users/xin/.local/mlx/include/mlx/primitives.h:36:39: note: expanded from macro 'DEFINE_DEFAULT_IS_EQUIVALENT'
warning: mlx-sys@0.2.0:    36 |   bool is_equivalent(const Primitive& other) const override { \
warning: mlx-sys@0.2.0:       |                                       ^
warning: mlx-sys@0.2.0: /Users/xin/.local/mlx/include/mlx/primitives.h:1472:3: warning: unused parameter 'other' [-Wunused-parameter]
warning: mlx-sys@0.2.0:  1472 |   DEFINE_DEFAULT_IS_EQUIVALENT()
warning: mlx-sys@0.2.0:       |   ^
warning: mlx-sys@0.2.0: /Users/xin/.local/mlx/include/mlx/primitives.h:36:39: note: expanded from macro 'DEFINE_DEFAULT_IS_EQUIVALENT'
warning: mlx-sys@0.2.0:    36 |   bool is_equivalent(const Primitive& other) const override { \
warning: mlx-sys@0.2.0:       |                                       ^
warning: mlx-sys@0.2.0: /Users/xin/.local/mlx/include/mlx/primitives.h:1486:3: warning: unused parameter 'other' [-Wunused-parameter]
warning: mlx-sys@0.2.0:  1486 |   DEFINE_DEFAULT_IS_EQUIVALENT()
warning: mlx-sys@0.2.0:       |   ^
warning: mlx-sys@0.2.0: /Users/xin/.local/mlx/include/mlx/primitives.h:36:39: note: expanded from macro 'DEFINE_DEFAULT_IS_EQUIVALENT'
warning: mlx-sys@0.2.0:    36 |   bool is_equivalent(const Primitive& other) const override { \
warning: mlx-sys@0.2.0:       |                                       ^
warning: mlx-sys@0.2.0: /Users/xin/.local/mlx/include/mlx/primitives.h:1500:3: warning: unused parameter 'other' [-Wunused-parameter]
warning: mlx-sys@0.2.0:  1500 |   DEFINE_DEFAULT_IS_EQUIVALENT()
warning: mlx-sys@0.2.0:       |   ^
warning: mlx-sys@0.2.0: /Users/xin/.local/mlx/include/mlx/primitives.h:36:39: note: expanded from macro 'DEFINE_DEFAULT_IS_EQUIVALENT'
warning: mlx-sys@0.2.0:    36 |   bool is_equivalent(const Primitive& other) const override { \
warning: mlx-sys@0.2.0:       |                                       ^
warning: mlx-sys@0.2.0: /Users/xin/.local/mlx/include/mlx/primitives.h:1514:3: warning: unused parameter 'other' [-Wunused-parameter]
warning: mlx-sys@0.2.0:  1514 |   DEFINE_DEFAULT_IS_EQUIVALENT()
warning: mlx-sys@0.2.0:       |   ^
warning: mlx-sys@0.2.0: /Users/xin/.local/mlx/include/mlx/primitives.h:36:39: note: expanded from macro 'DEFINE_DEFAULT_IS_EQUIVALENT'
warning: mlx-sys@0.2.0:    36 |   bool is_equivalent(const Primitive& other) const override { \
warning: mlx-sys@0.2.0:       |                                       ^
warning: mlx-sys@0.2.0: /Users/xin/.local/mlx/include/mlx/primitives.h:1536:62: warning: unused parameter 'inputs' [-Wunused-parameter]
warning: mlx-sys@0.2.0:  1536 |   std::vector<Shape> output_shapes(const std::vector<array>& inputs) override {
warning: mlx-sys@0.2.0:       |                                                              ^
warning: mlx-sys@0.2.0: /Users/xin/.local/mlx/include/mlx/primitives.h:1612:3: warning: unused parameter 'other' [-Wunused-parameter]
warning: mlx-sys@0.2.0:  1612 |   DEFINE_DEFAULT_IS_EQUIVALENT()
warning: mlx-sys@0.2.0:       |   ^
warning: mlx-sys@0.2.0: /Users/xin/.local/mlx/include/mlx/primitives.h:36:39: note: expanded from macro 'DEFINE_DEFAULT_IS_EQUIVALENT'
warning: mlx-sys@0.2.0:    36 |   bool is_equivalent(const Primitive& other) const override { \
warning: mlx-sys@0.2.0:       |                                       ^
warning: mlx-sys@0.2.0: /Users/xin/.local/mlx/include/mlx/primitives.h:1796:3: warning: unused parameter 'other' [-Wunused-parameter]
warning: mlx-sys@0.2.0:  1796 |   DEFINE_DEFAULT_IS_EQUIVALENT()
warning: mlx-sys@0.2.0:       |   ^
warning: mlx-sys@0.2.0: /Users/xin/.local/mlx/include/mlx/primitives.h:36:39: note: expanded from macro 'DEFINE_DEFAULT_IS_EQUIVALENT'
warning: mlx-sys@0.2.0:    36 |   bool is_equivalent(const Primitive& other) const override { \
warning: mlx-sys@0.2.0:       |                                       ^
warning: mlx-sys@0.2.0: /Users/xin/.local/mlx/include/mlx/primitives.h:1878:3: warning: unused parameter 'other' [-Wunused-parameter]
warning: mlx-sys@0.2.0:  1878 |   DEFINE_DEFAULT_IS_EQUIVALENT()
warning: mlx-sys@0.2.0:       |   ^
warning: mlx-sys@0.2.0: /Users/xin/.local/mlx/include/mlx/primitives.h:36:39: note: expanded from macro 'DEFINE_DEFAULT_IS_EQUIVALENT'
warning: mlx-sys@0.2.0:    36 |   bool is_equivalent(const Primitive& other) const override { \
warning: mlx-sys@0.2.0:       |                                       ^
warning: mlx-sys@0.2.0: /Users/xin/.local/mlx/include/mlx/primitives.h:2018:3: warning: unused parameter 'other' [-Wunused-parameter]
warning: mlx-sys@0.2.0:  2018 |   DEFINE_DEFAULT_IS_EQUIVALENT();
warning: mlx-sys@0.2.0:       |   ^
warning: mlx-sys@0.2.0: /Users/xin/.local/mlx/include/mlx/primitives.h:36:39: note: expanded from macro 'DEFINE_DEFAULT_IS_EQUIVALENT'
warning: mlx-sys@0.2.0:    36 |   bool is_equivalent(const Primitive& other) const override { \
warning: mlx-sys@0.2.0:       |                                       ^
warning: mlx-sys@0.2.0: /Users/xin/.local/mlx/include/mlx/primitives.h:2032:3: warning: unused parameter 'other' [-Wunused-parameter]
warning: mlx-sys@0.2.0:  2032 |   DEFINE_DEFAULT_IS_EQUIVALENT()
warning: mlx-sys@0.2.0:       |   ^
warning: mlx-sys@0.2.0: /Users/xin/.local/mlx/include/mlx/primitives.h:36:39: note: expanded from macro 'DEFINE_DEFAULT_IS_EQUIVALENT'
warning: mlx-sys@0.2.0:    36 |   bool is_equivalent(const Primitive& other) const override { \
warning: mlx-sys@0.2.0:       |                                       ^
warning: mlx-sys@0.2.0: /Users/xin/.local/mlx/include/mlx/primitives.h:2046:3: warning: unused parameter 'other' [-Wunused-parameter]
warning: mlx-sys@0.2.0:  2046 |   DEFINE_DEFAULT_IS_EQUIVALENT()
warning: mlx-sys@0.2.0:       |   ^
warning: mlx-sys@0.2.0: /Users/xin/.local/mlx/include/mlx/primitives.h:36:39: note: expanded from macro 'DEFINE_DEFAULT_IS_EQUIVALENT'
warning: mlx-sys@0.2.0:    36 |   bool is_equivalent(const Primitive& other) const override { \
warning: mlx-sys@0.2.0:       |                                       ^
warning: mlx-sys@0.2.0: /Users/xin/.local/mlx/include/mlx/primitives.h:2060:3: warning: unused parameter 'other' [-Wunused-parameter]
warning: mlx-sys@0.2.0:  2060 |   DEFINE_DEFAULT_IS_EQUIVALENT()
warning: mlx-sys@0.2.0:       |   ^
warning: mlx-sys@0.2.0: /Users/xin/.local/mlx/include/mlx/primitives.h:36:39: note: expanded from macro 'DEFINE_DEFAULT_IS_EQUIVALENT'
warning: mlx-sys@0.2.0:    36 |   bool is_equivalent(const Primitive& other) const override { \
warning: mlx-sys@0.2.0:       |                                       ^
warning: mlx-sys@0.2.0: /Users/xin/.local/mlx/include/mlx/primitives.h:2074:3: warning: unused parameter 'other' [-Wunused-parameter]
warning: mlx-sys@0.2.0:  2074 |   DEFINE_DEFAULT_IS_EQUIVALENT()
warning: mlx-sys@0.2.0:       |   ^
warning: mlx-sys@0.2.0: /Users/xin/.local/mlx/include/mlx/primitives.h:36:39: note: expanded from macro 'DEFINE_DEFAULT_IS_EQUIVALENT'
warning: mlx-sys@0.2.0:    36 |   bool is_equivalent(const Primitive& other) const override { \
warning: mlx-sys@0.2.0:       |                                       ^
warning: mlx-sys@0.2.0: /Users/xin/.local/mlx/include/mlx/primitives.h:2303:3: warning: unused parameter 'other' [-Wunused-parameter]
warning: mlx-sys@0.2.0:  2303 |   DEFINE_DEFAULT_IS_EQUIVALENT()
warning: mlx-sys@0.2.0:       |   ^
warning: mlx-sys@0.2.0: /Users/xin/.local/mlx/include/mlx/primitives.h:36:39: note: expanded from macro 'DEFINE_DEFAULT_IS_EQUIVALENT'
warning: mlx-sys@0.2.0:    36 |   bool is_equivalent(const Primitive& other) const override { \
warning: mlx-sys@0.2.0:       |                                       ^
warning: mlx-sys@0.2.0: /Users/xin/.local/mlx/include/mlx/primitives.h:2344:3: warning: unused parameter 'other' [-Wunused-parameter]
warning: mlx-sys@0.2.0:  2344 |   DEFINE_DEFAULT_IS_EQUIVALENT()
warning: mlx-sys@0.2.0:       |   ^
warning: mlx-sys@0.2.0: /Users/xin/.local/mlx/include/mlx/primitives.h:36:39: note: expanded from macro 'DEFINE_DEFAULT_IS_EQUIVALENT'
warning: mlx-sys@0.2.0:    36 |   bool is_equivalent(const Primitive& other) const override { \
warning: mlx-sys@0.2.0:       |                                       ^
warning: mlx-sys@0.2.0: /Users/xin/.local/mlx/include/mlx/primitives.h:2361:3: warning: unused parameter 'other' [-Wunused-parameter]
warning: mlx-sys@0.2.0:  2361 |   DEFINE_DEFAULT_IS_EQUIVALENT()
warning: mlx-sys@0.2.0:       |   ^
warning: mlx-sys@0.2.0: /Users/xin/.local/mlx/include/mlx/primitives.h:36:39: note: expanded from macro 'DEFINE_DEFAULT_IS_EQUIVALENT'
warning: mlx-sys@0.2.0:    36 |   bool is_equivalent(const Primitive& other) const override { \
warning: mlx-sys@0.2.0:       |                                       ^
warning: mlx-sys@0.2.0: /Users/xin/.local/mlx/include/mlx/primitives.h:2400:3: warning: unused parameter 'other' [-Wunused-parameter]
warning: mlx-sys@0.2.0:  2400 |   DEFINE_DEFAULT_IS_EQUIVALENT()
warning: mlx-sys@0.2.0:       |   ^
warning: mlx-sys@0.2.0: /Users/xin/.local/mlx/include/mlx/primitives.h:36:39: note: expanded from macro 'DEFINE_DEFAULT_IS_EQUIVALENT'
warning: mlx-sys@0.2.0:    36 |   bool is_equivalent(const Primitive& other) const override { \
warning: mlx-sys@0.2.0:       |                                       ^
warning: mlx-sys@0.2.0: /Users/xin/.local/mlx/include/mlx/primitives.h:2414:3: warning: unused parameter 'other' [-Wunused-parameter]
warning: mlx-sys@0.2.0:  2414 |   DEFINE_DEFAULT_IS_EQUIVALENT()
warning: mlx-sys@0.2.0:       |   ^
warning: mlx-sys@0.2.0: /Users/xin/.local/mlx/include/mlx/primitives.h:36:39: note: expanded from macro 'DEFINE_DEFAULT_IS_EQUIVALENT'
warning: mlx-sys@0.2.0:    36 |   bool is_equivalent(const Primitive& other) const override { \
warning: mlx-sys@0.2.0:       |                                       ^
warning: mlx-sys@0.2.0: In file included from shim/src/quantization.cc:1:
warning: mlx-sys@0.2.0: In file included from shim/include/cxx_mlx_shim/quantization.h:10:
warning: mlx-sys@0.2.0: In file included from /Users/xin/.local/mlx/include/mlx/array.h:12:
warning: mlx-sys@0.2.0: In file included from /Users/xin/.local/mlx/include/mlx/dtype.h:9:
warning: mlx-sys@0.2.0: In file included from /Users/xin/.local/mlx/include/mlx/types/complex.h:5:
warning: mlx-sys@0.2.0: In file included from /Users/xin/.local/mlx/include/mlx/types/half_types.h:32:
warning: mlx-sys@0.2.0: /Users/xin/.local/mlx/include/mlx/types/bf16.h:29:3: warning: definition of implicit copy assignment operator for '_MLX_BFloat16' is deprecated because it has a user-declared copy constructor [-Wdeprecated-copy]
warning: mlx-sys@0.2.0:    29 |   _MLX_BFloat16(_MLX_BFloat16 const&) = default;
warning: mlx-sys@0.2.0:       |   ^
warning: mlx-sys@0.2.0: /Users/xin/.local/mlx/include/mlx/types/bf16.h:38:19: note: in implicit copy assignment operator for 'mlx::core::_MLX_BFloat16' first required here
warning: mlx-sys@0.2.0:    38 |     return (*this = _MLX_BFloat16(x));
warning: mlx-sys@0.2.0:       |                   ^
warning: mlx-sys@0.2.0: In file included from shim/src/random.cc:1:
warning: mlx-sys@0.2.0: In file included from shim/include/cxx_mlx_shim/random.h:7:
warning: mlx-sys@0.2.0: In file included from /Users/xin/.local/mlx/include/mlx/array.h:12:
warning: mlx-sys@0.2.0: In file included from /Users/xin/.local/mlx/include/mlx/dtype.h:9:
warning: mlx-sys@0.2.0: In file included from /Users/xin/.local/mlx/include/mlx/types/complex.h:5:
warning: mlx-sys@0.2.0: In file included from /Users/xin/.local/mlx/include/mlx/types/half_types.h:32:
warning: mlx-sys@0.2.0: /Users/xin/.local/mlx/include/mlx/types/bf16.h:29:3: warning: definition of implicit copy assignment operator for '_MLX_BFloat16' is deprecated because it has a user-declared copy constructor [-Wdeprecated-copy]
warning: mlx-sys@0.2.0:    29 |   _MLX_BFloat16(_MLX_BFloat16 const&) = default;
warning: mlx-sys@0.2.0:       |   ^
warning: mlx-sys@0.2.0: /Users/xin/.local/mlx/include/mlx/types/bf16.h:38:19: note: in implicit copy assignment operator for 'mlx::core::_MLX_BFloat16' first required here
warning: mlx-sys@0.2.0:    38 |     return (*this = _MLX_BFloat16(x));
warning: mlx-sys@0.2.0:       |                   ^
warning: mlx-sys@0.2.0: 61 warnings generated.
warning: mlx-sys@0.2.0: 61 warnings generated.
warning: mlx-sys@0.2.0: 4 warnings generated.
warning: mlx-sys@0.2.0: 4 warnings generated.
warning: mlx-sys@0.2.0: 4 warnings generated.
warning: mlx-sys@0.2.0: 77 warnings generated.
   Compiling mlx v0.2.0 (/Users/xin/workspace/perf-dflash2-cache-miss-prefill/mlx)
   Compiling ironmlx-core v0.2.0 (/Users/xin/workspace/perf-dflash2-cache-miss-prefill/ironmlx-core)
   Compiling ironmlx-lm v0.2.0 (/Users/xin/workspace/perf-dflash2-cache-miss-prefill/ironmlx-lm)
   Compiling ironmlx-decision v0.2.0 (/Users/xin/workspace/perf-dflash2-cache-miss-prefill/ironmlx-decision)
   Compiling ironmlx-audio v0.2.0 (/Users/xin/workspace/perf-dflash2-cache-miss-prefill/ironmlx-audio)
   Compiling ironmlx-image v0.2.0 (/Users/xin/workspace/perf-dflash2-cache-miss-prefill/ironmlx-image)
   Compiling ironmlx-runtime v0.2.0 (/Users/xin/workspace/perf-dflash2-cache-miss-prefill/ironmlx-runtime)
   Compiling ironmlx v0.2.0 (/Users/xin/workspace/perf-dflash2-cache-miss-prefill/ironmlx)
    Finished `release` profile [optimized] target(s) in 1m 07s
exit=0
