warning: mlx-sys@0.2.0: In file included from /Users/xin/workspace/perf-dflash2-cache-miss-prefill/target/release/build/mlx-sys-ede23095b4887794/out/cxxbridge/sources/mlx-sys/src/bridge/array.rs.cc:1:
warning: mlx-sys@0.2.0: In file included from shim/include/cxx_mlx_shim/array.h:7:
warning: mlx-sys@0.2.0: In file included from /Users/xin/.local/mlx/include/mlx/array.h:10:
warning: mlx-sys@0.2.0: /Users/xin/.local/mlx/include/mlx/allocator.h:39:36: warning: unused parameter 'ptr' [-Wunused-parameter]
warning: mlx-sys@0.2.0:    39 |   virtual Buffer make_buffer(void* ptr, size_t size) {
warning: mlx-sys@0.2.0:       |                                    ^
warning: mlx-sys@0.2.0: /Users/xin/.local/mlx/include/mlx/allocator.h:39:48: warning: unused parameter 'size' [-Wunused-parameter]
warning: mlx-sys@0.2.0:    39 |   virtual Buffer make_buffer(void* ptr, size_t size) {
warning: mlx-sys@0.2.0:       |                                                ^
warning: mlx-sys@0.2.0: /Users/xin/.local/mlx/include/mlx/allocator.h:42:31: warning: unused parameter 'buffer' [-Wunused-parameter]
warning: mlx-sys@0.2.0:    42 |   virtual void release(Buffer buffer) {}
warning: mlx-sys@0.2.0:       |                               ^
warning: mlx-sys@0.2.0: In file included from /Users/xin/workspace/perf-dflash2-cache-miss-prefill/target/release/build/mlx-sys-ede23095b4887794/out/cxxbridge/sources/mlx-sys/src/bridge/array.rs.cc:1:
warning: mlx-sys@0.2.0: In file included from shim/include/cxx_mlx_shim/array.h:7:
warning: mlx-sys@0.2.0: In file included from /Users/xin/.local/mlx/include/mlx/array.h:12:
warning: mlx-sys@0.2.0: In file included from /Users/xin/.local/mlx/include/mlx/dtype.h:9:
warning: mlx-sys@0.2.0: In file included from /Users/xin/.local/mlx/include/mlx/types/complex.h:5:
warning: mlx-sys@0.2.0: In file included from /Users/xin/.local/mlx/include/mlx/types/half_types.h:32:
warning: mlx-sys@0.2.0: /Users/xin/.local/mlx/include/mlx/types/bf16.h:29:3: warning: definition of implicit copy assignment operator for '_MLX_BFloat16' is deprecated because it has a user-declared copy constructor [-Wdeprecated-copy]
warning: mlx-sys@0.2.0:    29 |   _MLX_BFloat16(_MLX_BFloat16 const&) = default;
warning: mlx-sys@0.2.0:       |   ^
warning: mlx-sys@0.2.0: /Users/xin/.local/mlx/include/mlx/types/bf16.h:38:19: note: in implicit copy assignment operator for 'mlx::core::_MLX_BFloat16' first required here
warning: mlx-sys@0.2.0:    38 |     return (*this = _MLX_BFloat16(x));
warning: mlx-sys@0.2.0:       |                   ^
warning: mlx-sys@0.2.0: 4 warnings generated.
warning: mlx-sys@0.2.0: In file included from /Users/xin/workspace/perf-dflash2-cache-miss-prefill/target/release/build/mlx-sys-ede23095b4887794/out/cxxbridge/sources/mlx-sys/src/bridge/compile.rs.cc:1:
warning: mlx-sys@0.2.0: In file included from shim/include/cxx_mlx_shim/compile.h:9:
warning: mlx-sys@0.2.0: In file included from /Users/xin/.local/mlx/include/mlx/array.h:10:
warning: mlx-sys@0.2.0: /Users/xin/.local/mlx/include/mlx/allocator.h:39:36: warning: unused parameter 'ptr' [-Wunused-parameter]
warning: mlx-sys@0.2.0:    39 |   virtual Buffer make_buffer(void* ptr, size_t size) {
warning: mlx-sys@0.2.0:       |                                    ^
warning: mlx-sys@0.2.0: /Users/xin/.local/mlx/include/mlx/allocator.h:39:48: warning: unused parameter 'size' [-Wunused-parameter]
warning: mlx-sys@0.2.0:    39 |   virtual Buffer make_buffer(void* ptr, size_t size) {
warning: mlx-sys@0.2.0:       |                                                ^
warning: mlx-sys@0.2.0: /Users/xin/.local/mlx/include/mlx/allocator.h:42:31: warning: unused parameter 'buffer' [-Wunused-parameter]
warning: mlx-sys@0.2.0:    42 |   virtual void release(Buffer buffer) {}
warning: mlx-sys@0.2.0:       |                               ^
warning: mlx-sys@0.2.0: In file included from /Users/xin/workspace/perf-dflash2-cache-miss-prefill/target/release/build/mlx-sys-ede23095b4887794/out/cxxbridge/sources/mlx-sys/src/bridge/compile.rs.cc:1:
warning: mlx-sys@0.2.0: In file included from shim/include/cxx_mlx_shim/compile.h:9:
warning: mlx-sys@0.2.0: In file included from /Users/xin/.local/mlx/include/mlx/array.h:12:
warning: mlx-sys@0.2.0: In file included from /Users/xin/.local/mlx/include/mlx/dtype.h:9:
warning: mlx-sys@0.2.0: In file included from /Users/xin/.local/mlx/include/mlx/types/complex.h:5:
warning: mlx-sys@0.2.0: In file included from /Users/xin/.local/mlx/include/mlx/types/half_types.h:32:
warning: mlx-sys@0.2.0: /Users/xin/.local/mlx/include/mlx/types/bf16.h:29:3: warning: definition of implicit copy assignment operator for '_MLX_BFloat16' is deprecated because it has a user-declared copy constructor [-Wdeprecated-copy]
warning: mlx-sys@0.2.0:    29 |   _MLX_BFloat16(_MLX_BFloat16 const&) = default;
warning: mlx-sys@0.2.0:       |   ^
warning: mlx-sys@0.2.0: /Users/xin/.local/mlx/include/mlx/types/bf16.h:38:19: note: in implicit copy assignment operator for 'mlx::core::_MLX_BFloat16' first required here
warning: mlx-sys@0.2.0:    38 |     return (*this = _MLX_BFloat16(x));
warning: mlx-sys@0.2.0:       |                   ^
warning: mlx-sys@0.2.0: 4 warnings generated.
warning: mlx-sys@0.2.0: In file included from /Users/xin/workspace/perf-dflash2-cache-miss-prefill/target/release/build/mlx-sys-ede23095b4887794/out/cxxbridge/sources/mlx-sys/src/bridge/conv.rs.cc:1:
warning: mlx-sys@0.2.0: In file included from shim/include/cxx_mlx_shim/conv.h:6:
warning: mlx-sys@0.2.0: In file included from /Users/xin/.local/mlx/include/mlx/array.h:10:
warning: mlx-sys@0.2.0: /Users/xin/.local/mlx/include/mlx/allocator.h:39:36: warning: unused parameter 'ptr' [-Wunused-parameter]
warning: mlx-sys@0.2.0:    39 |   virtual Buffer make_buffer(void* ptr, size_t size) {
warning: mlx-sys@0.2.0:       |                                    ^
warning: mlx-sys@0.2.0: /Users/xin/.local/mlx/include/mlx/allocator.h:39:48: warning: unused parameter 'size' [-Wunused-parameter]
warning: mlx-sys@0.2.0:    39 |   virtual Buffer make_buffer(void* ptr, size_t size) {
warning: mlx-sys@0.2.0:       |                                                ^
warning: mlx-sys@0.2.0: /Users/xin/.local/mlx/include/mlx/allocator.h:42:31: warning: unused parameter 'buffer' [-Wunused-parameter]
warning: mlx-sys@0.2.0:    42 |   virtual void release(Buffer buffer) {}
warning: mlx-sys@0.2.0:       |                               ^
warning: mlx-sys@0.2.0: In file included from /Users/xin/workspace/perf-dflash2-cache-miss-prefill/target/release/build/mlx-sys-ede23095b4887794/out/cxxbridge/sources/mlx-sys/src/bridge/conv.rs.cc:1:
warning: mlx-sys@0.2.0: In file included from shim/include/cxx_mlx_shim/conv.h:6:
warning: mlx-sys@0.2.0: In file included from /Users/xin/.local/mlx/include/mlx/array.h:12:
warning: mlx-sys@0.2.0: In file included from /Users/xin/.local/mlx/include/mlx/dtype.h:9:
warning: mlx-sys@0.2.0: In file included from /Users/xin/.local/mlx/include/mlx/types/complex.h:5:
warning: mlx-sys@0.2.0: In file included from /Users/xin/.local/mlx/include/mlx/types/half_types.h:32:
warning: mlx-sys@0.2.0: /Users/xin/.local/mlx/include/mlx/types/bf16.h:29:3: warning: definition of implicit copy assignment operator for '_MLX_BFloat16' is deprecated because it has a user-declared copy constructor [-Wdeprecated-copy]
warning: mlx-sys@0.2.0:    29 |   _MLX_BFloat16(_MLX_BFloat16 const&) = default;
warning: mlx-sys@0.2.0:       |   ^
warning: mlx-sys@0.2.0: /Users/xin/.local/mlx/include/mlx/types/bf16.h:38:19: note: in implicit copy assignment operator for 'mlx::core::_MLX_BFloat16' first required here
warning: mlx-sys@0.2.0:    38 |     return (*this = _MLX_BFloat16(x));
warning: mlx-sys@0.2.0:       |                   ^
warning: mlx-sys@0.2.0: 4 warnings generated.
warning: mlx-sys@0.2.0: In file included from /Users/xin/workspace/perf-dflash2-cache-miss-prefill/target/release/build/mlx-sys-ede23095b4887794/out/cxxbridge/sources/mlx-sys/src/bridge/fft.rs.cc:1:
warning: mlx-sys@0.2.0: In file included from shim/include/cxx_mlx_shim/fft.h:2:
warning: mlx-sys@0.2.0: In file included from /Users/xin/.local/mlx/include/mlx/array.h:10:
warning: mlx-sys@0.2.0: /Users/xin/.local/mlx/include/mlx/allocator.h:39:36: warning: unused parameter 'ptr' [-Wunused-parameter]
warning: mlx-sys@0.2.0:    39 |   virtual Buffer make_buffer(void* ptr, size_t size) {
warning: mlx-sys@0.2.0:       |                                    ^
warning: mlx-sys@0.2.0: /Users/xin/.local/mlx/include/mlx/allocator.h:39:48: warning: unused parameter 'size' [-Wunused-parameter]
warning: mlx-sys@0.2.0:    39 |   virtual Buffer make_buffer(void* ptr, size_t size) {
warning: mlx-sys@0.2.0:       |                                                ^
warning: mlx-sys@0.2.0: /Users/xin/.local/mlx/include/mlx/allocator.h:42:31: warning: unused parameter 'buffer' [-Wunused-parameter]
warning: mlx-sys@0.2.0:    42 |   virtual void release(Buffer buffer) {}
warning: mlx-sys@0.2.0:       |                               ^
warning: mlx-sys@0.2.0: In file included from /Users/xin/workspace/perf-dflash2-cache-miss-prefill/target/release/build/mlx-sys-ede23095b4887794/out/cxxbridge/sources/mlx-sys/src/bridge/fft.rs.cc:1:
warning: mlx-sys@0.2.0: In file included from shim/include/cxx_mlx_shim/fft.h:2:
warning: mlx-sys@0.2.0: In file included from /Users/xin/.local/mlx/include/mlx/array.h:12:
warning: mlx-sys@0.2.0: In file included from /Users/xin/.local/mlx/include/mlx/dtype.h:9:
warning: mlx-sys@0.2.0: In file included from /Users/xin/.local/mlx/include/mlx/types/complex.h:5:
warning: mlx-sys@0.2.0: In file included from /Users/xin/.local/mlx/include/mlx/types/half_types.h:32:
warning: mlx-sys@0.2.0: /Users/xin/.local/mlx/include/mlx/types/bf16.h:29:3: warning: definition of implicit copy assignment operator for '_MLX_BFloat16' is deprecated because it has a user-declared copy constructor [-Wdeprecated-copy]
warning: mlx-sys@0.2.0:    29 |   _MLX_BFloat16(_MLX_BFloat16 const&) = default;
warning: mlx-sys@0.2.0:       |   ^
warning: mlx-sys@0.2.0: /Users/xin/.local/mlx/include/mlx/types/bf16.h:38:19: note: in implicit copy assignment operator for 'mlx::core::_MLX_BFloat16' first required here
warning: mlx-sys@0.2.0:    38 |     return (*this = _MLX_BFloat16(x));
warning: mlx-sys@0.2.0:       |                   ^
warning: mlx-sys@0.2.0: 4 warnings generated.
warning: mlx-sys@0.2.0: In file included from /Users/xin/workspace/perf-dflash2-cache-miss-prefill/target/release/build/mlx-sys-ede23095b4887794/out/cxxbridge/sources/mlx-sys/src/bridge/stream.rs.cc:1:
warning: mlx-sys@0.2.0: In file included from shim/include/cxx_mlx_shim/stream.h:8:
warning: mlx-sys@0.2.0: In file included from /Users/xin/.local/mlx/include/mlx/array.h:10:
warning: mlx-sys@0.2.0: /Users/xin/.local/mlx/include/mlx/allocator.h:39:36: warning: unused parameter 'ptr' [-Wunused-parameter]
warning: mlx-sys@0.2.0:    39 |   virtual Buffer make_buffer(void* ptr, size_t size) {
warning: mlx-sys@0.2.0:       |                                    ^
warning: mlx-sys@0.2.0: /Users/xin/.local/mlx/include/mlx/allocator.h:39:48: warning: unused parameter 'size' [-Wunused-parameter]
warning: mlx-sys@0.2.0:    39 |   virtual Buffer make_buffer(void* ptr, size_t size) {
warning: mlx-sys@0.2.0:       |                                                ^
warning: mlx-sys@0.2.0: /Users/xin/.local/mlx/include/mlx/allocator.h:42:31: warning: unused parameter 'buffer' [-Wunused-parameter]
warning: mlx-sys@0.2.0:    42 |   virtual void release(Buffer buffer) {}
warning: mlx-sys@0.2.0:       |                               ^
warning: mlx-sys@0.2.0: In file included from /Users/xin/workspace/perf-dflash2-cache-miss-prefill/target/release/build/mlx-sys-ede23095b4887794/out/cxxbridge/sources/mlx-sys/src/bridge/stream.rs.cc:1:
warning: mlx-sys@0.2.0: In file included from shim/include/cxx_mlx_shim/stream.h:8:
warning: mlx-sys@0.2.0: In file included from /Users/xin/.local/mlx/include/mlx/array.h:12:
warning: mlx-sys@0.2.0: In file included from /Users/xin/.local/mlx/include/mlx/dtype.h:9:
warning: mlx-sys@0.2.0: In file included from /Users/xin/.local/mlx/include/mlx/types/complex.h:5:
warning: mlx-sys@0.2.0: In file included from /Users/xin/.local/mlx/include/mlx/types/half_types.h:32:
warning: mlx-sys@0.2.0: /Users/xin/.local/mlx/include/mlx/types/bf16.h:29:3: warning: definition of implicit copy assignment operator for '_MLX_BFloat16' is deprecated because it has a user-declared copy constructor [-Wdeprecated-copy]
warning: mlx-sys@0.2.0:    29 |   _MLX_BFloat16(_MLX_BFloat16 const&) = default;
warning: mlx-sys@0.2.0:       |   ^
warning: mlx-sys@0.2.0: /Users/xin/.local/mlx/include/mlx/types/bf16.h:38:19: note: in implicit copy assignment operator for 'mlx::core::_MLX_BFloat16' first required here
warning: mlx-sys@0.2.0:    38 |     return (*this = _MLX_BFloat16(x));
warning: mlx-sys@0.2.0:       |                   ^
warning: mlx-sys@0.2.0: 4 warnings generated.
warning: mlx-sys@0.2.0: In file included from /Users/xin/workspace/perf-dflash2-cache-miss-prefill/target/release/build/mlx-sys-ede23095b4887794/out/cxxbridge/sources/mlx-sys/src/bridge/fast.rs.cc:1:
warning: mlx-sys@0.2.0: In file included from shim/include/cxx_mlx_shim/fast.h:8:
warning: mlx-sys@0.2.0: In file included from /Users/xin/.local/mlx/include/mlx/array.h:10:
warning: mlx-sys@0.2.0: /Users/xin/.local/mlx/include/mlx/allocator.h:39:36: warning: unused parameter 'ptr' [-Wunused-parameter]
warning: mlx-sys@0.2.0:    39 |   virtual Buffer make_buffer(void* ptr, size_t size) {
warning: mlx-sys@0.2.0:       |                                    ^
warning: mlx-sys@0.2.0: /Users/xin/.local/mlx/include/mlx/allocator.h:39:48: warning: unused parameter 'size' [-Wunused-parameter]
warning: mlx-sys@0.2.0:    39 |   virtual Buffer make_buffer(void* ptr, size_t size) {
warning: mlx-sys@0.2.0:       |                                                ^
warning: mlx-sys@0.2.0: /Users/xin/.local/mlx/include/mlx/allocator.h:42:31: warning: unused parameter 'buffer' [-Wunused-parameter]
warning: mlx-sys@0.2.0:    42 |   virtual void release(Buffer buffer) {}
warning: mlx-sys@0.2.0:       |                               ^
warning: mlx-sys@0.2.0: In file included from /Users/xin/workspace/perf-dflash2-cache-miss-prefill/target/release/build/mlx-sys-ede23095b4887794/out/cxxbridge/sources/mlx-sys/src/bridge/fast.rs.cc:1:
warning: mlx-sys@0.2.0: In file included from shim/include/cxx_mlx_shim/fast.h:8:
warning: mlx-sys@0.2.0: In file included from /Users/xin/.local/mlx/include/mlx/array.h:12:
warning: mlx-sys@0.2.0: In file included from /Users/xin/.local/mlx/include/mlx/dtype.h:9:
warning: mlx-sys@0.2.0: In file included from /Users/xin/.local/mlx/include/mlx/types/complex.h:5:
warning: mlx-sys@0.2.0: In file included from /Users/xin/.local/mlx/include/mlx/types/half_types.h:32:
warning: mlx-sys@0.2.0: /Users/xin/.local/mlx/include/mlx/types/bf16.h:29:3: warning: definition of implicit copy assignment operator for '_MLX_BFloat16' is deprecated because it has a user-declared copy constructor [-Wdeprecated-copy]
warning: mlx-sys@0.2.0:    29 |   _MLX_BFloat16(_MLX_BFloat16 const&) = default;
warning: mlx-sys@0.2.0:       |   ^
warning: mlx-sys@0.2.0: /Users/xin/.local/mlx/include/mlx/types/bf16.h:38:19: note: in implicit copy assignment operator for 'mlx::core::_MLX_BFloat16' first required here
warning: mlx-sys@0.2.0:    38 |     return (*this = _MLX_BFloat16(x));
warning: mlx-sys@0.2.0:       |                   ^
warning: mlx-sys@0.2.0: 4 warnings generated.
warning: mlx-sys@0.2.0: In file included from /Users/xin/workspace/perf-dflash2-cache-miss-prefill/target/release/build/mlx-sys-ede23095b4887794/out/cxxbridge/sources/mlx-sys/src/bridge/io.rs.cc:1:
warning: mlx-sys@0.2.0: In file included from shim/include/cxx_mlx_shim/io.h:14:
warning: mlx-sys@0.2.0: In file included from /Users/xin/.local/mlx/include/mlx/io.h:9:
warning: mlx-sys@0.2.0: In file included from /Users/xin/.local/mlx/include/mlx/array.h:10:
warning: mlx-sys@0.2.0: /Users/xin/.local/mlx/include/mlx/allocator.h:39:36: warning: unused parameter 'ptr' [-Wunused-parameter]
warning: mlx-sys@0.2.0:    39 |   virtual Buffer make_buffer(void* ptr, size_t size) {
warning: mlx-sys@0.2.0:       |                                    ^
warning: mlx-sys@0.2.0: /Users/xin/.local/mlx/include/mlx/allocator.h:39:48: warning: unused parameter 'size' [-Wunused-parameter]
warning: mlx-sys@0.2.0:    39 |   virtual Buffer make_buffer(void* ptr, size_t size) {
warning: mlx-sys@0.2.0:       |                                                ^
warning: mlx-sys@0.2.0: /Users/xin/.local/mlx/include/mlx/allocator.h:42:31: warning: unused parameter 'buffer' [-Wunused-parameter]
warning: mlx-sys@0.2.0:    42 |   virtual void release(Buffer buffer) {}
warning: mlx-sys@0.2.0:       |                               ^
warning: mlx-sys@0.2.0: In file included from /Users/xin/workspace/perf-dflash2-cache-miss-prefill/target/release/build/mlx-sys-ede23095b4887794/out/cxxbridge/sources/mlx-sys/src/bridge/io.rs.cc:1:
warning: mlx-sys@0.2.0: In file included from shim/include/cxx_mlx_shim/io.h:14:
warning: mlx-sys@0.2.0: In file included from /Users/xin/.local/mlx/include/mlx/io.h:9:
warning: mlx-sys@0.2.0: In file included from /Users/xin/.local/mlx/include/mlx/array.h:12:
warning: mlx-sys@0.2.0: In file included from /Users/xin/.local/mlx/include/mlx/dtype.h:9:
warning: mlx-sys@0.2.0: In file included from /Users/xin/.local/mlx/include/mlx/types/complex.h:5:
warning: mlx-sys@0.2.0: In file included from /Users/xin/.local/mlx/include/mlx/types/half_types.h:32:
warning: mlx-sys@0.2.0: /Users/xin/.local/mlx/include/mlx/types/bf16.h:29:3: warning: definition of implicit copy assignment operator for '_MLX_BFloat16' is deprecated because it has a user-declared copy constructor [-Wdeprecated-copy]
warning: mlx-sys@0.2.0:    29 |   _MLX_BFloat16(_MLX_BFloat16 const&) = default;
warning: mlx-sys@0.2.0:       |   ^
warning: mlx-sys@0.2.0: /Users/xin/.local/mlx/include/mlx/types/bf16.h:38:19: note: in implicit copy assignment operator for 'mlx::core::_MLX_BFloat16' first required here
warning: mlx-sys@0.2.0:    38 |     return (*this = _MLX_BFloat16(x));
warning: mlx-sys@0.2.0:       |                   ^
warning: mlx-sys@0.2.0: 4 warnings generated.
warning: mlx-sys@0.2.0: In file included from /Users/xin/workspace/perf-dflash2-cache-miss-prefill/target/release/build/mlx-sys-ede23095b4887794/out/cxxbridge/sources/mlx-sys/src/bridge/quantization.rs.cc:1:
warning: mlx-sys@0.2.0: In file included from shim/include/cxx_mlx_shim/quantization.h:10:
warning: mlx-sys@0.2.0: In file included from /Users/xin/.local/mlx/include/mlx/array.h:10:
warning: mlx-sys@0.2.0: /Users/xin/.local/mlx/include/mlx/allocator.h:39:36: warning: unused parameter 'ptr' [-Wunused-parameter]
warning: mlx-sys@0.2.0:    39 |   virtual Buffer make_buffer(void* ptr, size_t size) {
warning: mlx-sys@0.2.0:       |                                    ^
warning: mlx-sys@0.2.0: /Users/xin/.local/mlx/include/mlx/allocator.h:39:48: warning: unused parameter 'size' [-Wunused-parameter]
warning: mlx-sys@0.2.0:    39 |   virtual Buffer make_buffer(void* ptr, size_t size) {
warning: mlx-sys@0.2.0:       |                                                ^
warning: mlx-sys@0.2.0: /Users/xin/.local/mlx/include/mlx/allocator.h:42:31: warning: unused parameter 'buffer' [-Wunused-parameter]
warning: mlx-sys@0.2.0:    42 |   virtual void release(Buffer buffer) {}
warning: mlx-sys@0.2.0:       |                               ^
warning: mlx-sys@0.2.0: In file included from /Users/xin/workspace/perf-dflash2-cache-miss-prefill/target/release/build/mlx-sys-ede23095b4887794/out/cxxbridge/sources/mlx-sys/src/bridge/quantization.rs.cc:1:
warning: mlx-sys@0.2.0: In file included from shim/include/cxx_mlx_shim/quantization.h:10:
warning: mlx-sys@0.2.0: In file included from /Users/xin/.local/mlx/include/mlx/array.h:12:
warning: mlx-sys@0.2.0: In file included from /Users/xin/.local/mlx/include/mlx/dtype.h:9:
warning: mlx-sys@0.2.0: In file included from /Users/xin/.local/mlx/include/mlx/types/complex.h:5:
warning: mlx-sys@0.2.0: In file included from /Users/xin/.local/mlx/include/mlx/types/half_types.h:32:
warning: mlx-sys@0.2.0: /Users/xin/.local/mlx/include/mlx/types/bf16.h:29:3: warning: definition of implicit copy assignment operator for '_MLX_BFloat16' is deprecated because it has a user-declared copy constructor [-Wdeprecated-copy]
warning: mlx-sys@0.2.0:    29 |   _MLX_BFloat16(_MLX_BFloat16 const&) = default;
warning: mlx-sys@0.2.0:       |   ^
warning: mlx-sys@0.2.0: /Users/xin/.local/mlx/include/mlx/types/bf16.h:38:19: note: in implicit copy assignment operator for 'mlx::core::_MLX_BFloat16' first required here
warning: mlx-sys@0.2.0:    38 |     return (*this = _MLX_BFloat16(x));
warning: mlx-sys@0.2.0:       |                   ^
warning: mlx-sys@0.2.0: 4 warnings generated.
warning: mlx-sys@0.2.0: In file included from /Users/xin/workspace/perf-dflash2-cache-miss-prefill/target/release/build/mlx-sys-ede23095b4887794/out/cxxbridge/sources/mlx-sys/src/bridge/random.rs.cc:1:
warning: mlx-sys@0.2.0: In file included from shim/include/cxx_mlx_shim/random.h:7:
warning: mlx-sys@0.2.0: In file included from /Users/xin/.local/mlx/include/mlx/array.h:10:
warning: mlx-sys@0.2.0: /Users/xin/.local/mlx/include/mlx/allocator.h:39:36: warning: unused parameter 'ptr' [-Wunused-parameter]
warning: mlx-sys@0.2.0:    39 |   virtual Buffer make_buffer(void* ptr, size_t size) {
warning: mlx-sys@0.2.0:       |                                    ^
warning: mlx-sys@0.2.0: /Users/xin/.local/mlx/include/mlx/allocator.h:39:48: warning: unused parameter 'size' [-Wunused-parameter]
warning: mlx-sys@0.2.0:    39 |   virtual Buffer make_buffer(void* ptr, size_t size) {
warning: mlx-sys@0.2.0:       |                                                ^
warning: mlx-sys@0.2.0: /Users/xin/.local/mlx/include/mlx/allocator.h:42:31: warning: unused parameter 'buffer' [-Wunused-parameter]
warning: mlx-sys@0.2.0:    42 |   virtual void release(Buffer buffer) {}
warning: mlx-sys@0.2.0:       |                               ^
warning: mlx-sys@0.2.0: In file included from /Users/xin/workspace/perf-dflash2-cache-miss-prefill/target/release/build/mlx-sys-ede23095b4887794/out/cxxbridge/sources/mlx-sys/src/bridge/random.rs.cc:1:
warning: mlx-sys@0.2.0: In file included from shim/include/cxx_mlx_shim/random.h:7:
warning: mlx-sys@0.2.0: In file included from /Users/xin/.local/mlx/include/mlx/array.h:12:
warning: mlx-sys@0.2.0: In file included from /Users/xin/.local/mlx/include/mlx/dtype.h:9:
warning: mlx-sys@0.2.0: In file included from /Users/xin/.local/mlx/include/mlx/types/complex.h:5:
warning: mlx-sys@0.2.0: In file included from /Users/xin/.local/mlx/include/mlx/types/half_types.h:32:
warning: mlx-sys@0.2.0: /Users/xin/.local/mlx/include/mlx/types/bf16.h:29:3: warning: definition of implicit copy assignment operator for '_MLX_BFloat16' is deprecated because it has a user-declared copy constructor [-Wdeprecated-copy]
warning: mlx-sys@0.2.0:    29 |   _MLX_BFloat16(_MLX_BFloat16 const&) = default;
warning: mlx-sys@0.2.0:       |   ^
warning: mlx-sys@0.2.0: /Users/xin/.local/mlx/include/mlx/types/bf16.h:38:19: note: in implicit copy assignment operator for 'mlx::core::_MLX_BFloat16' first required here
warning: mlx-sys@0.2.0:    38 |     return (*this = _MLX_BFloat16(x));
warning: mlx-sys@0.2.0:       |                   ^
warning: mlx-sys@0.2.0: 4 warnings generated.
warning: mlx-sys@0.2.0: In file included from shim/src/array.cc:1:
warning: mlx-sys@0.2.0: In file included from shim/include/cxx_mlx_shim/array.h:7:
warning: mlx-sys@0.2.0: In file included from /Users/xin/.local/mlx/include/mlx/array.h:10:
warning: mlx-sys@0.2.0: /Users/xin/.local/mlx/include/mlx/allocator.h:39:36: warning: unused parameter 'ptr' [-Wunused-parameter]
warning: mlx-sys@0.2.0:    39 |   virtual Buffer make_buffer(void* ptr, size_t size) {
warning: mlx-sys@0.2.0:       |                                    ^
warning: mlx-sys@0.2.0: /Users/xin/.local/mlx/include/mlx/allocator.h:39:48: warning: unused parameter 'size' [-Wunused-parameter]
warning: mlx-sys@0.2.0:    39 |   virtual Buffer make_buffer(void* ptr, size_t size) {
warning: mlx-sys@0.2.0:       |                                                ^
warning: mlx-sys@0.2.0: /Users/xin/.local/mlx/include/mlx/allocator.h:42:31: warning: unused parameter 'buffer' [-Wunused-parameter]
warning: mlx-sys@0.2.0:    42 |   virtual void release(Buffer buffer) {}
warning: mlx-sys@0.2.0:       |                               ^
warning: mlx-sys@0.2.0: In file included from shim/src/array.cc:1:
warning: mlx-sys@0.2.0: In file included from shim/include/cxx_mlx_shim/array.h:7:
warning: mlx-sys@0.2.0: In file included from /Users/xin/.local/mlx/include/mlx/array.h:12:
warning: mlx-sys@0.2.0: In file included from /Users/xin/.local/mlx/include/mlx/dtype.h:9:
warning: mlx-sys@0.2.0: In file included from /Users/xin/.local/mlx/include/mlx/types/complex.h:5:
warning: mlx-sys@0.2.0: In file included from /Users/xin/.local/mlx/include/mlx/types/half_types.h:32:
warning: mlx-sys@0.2.0: /Users/xin/.local/mlx/include/mlx/types/bf16.h:29:3: warning: definition of implicit copy assignment operator for '_MLX_BFloat16' is deprecated because it has a user-declared copy constructor [-Wdeprecated-copy]
warning: mlx-sys@0.2.0:    29 |   _MLX_BFloat16(_MLX_BFloat16 const&) = default;
warning: mlx-sys@0.2.0:       |   ^
warning: mlx-sys@0.2.0: /Users/xin/.local/mlx/include/mlx/types/bf16.h:38:19: note: in implicit copy assignment operator for 'mlx::core::_MLX_BFloat16' first required here
warning: mlx-sys@0.2.0:    38 |     return (*this = _MLX_BFloat16(x));
warning: mlx-sys@0.2.0:       |                   ^
warning: mlx-sys@0.2.0: In file included from shim/src/compile.cc:1:
warning: mlx-sys@0.2.0: In file included from shim/include/cxx_mlx_shim/compile.h:9:
warning: mlx-sys@0.2.0: In file included from /Users/xin/.local/mlx/include/mlx/array.h:10:
warning: mlx-sys@0.2.0: /Users/xin/.local/mlx/include/mlx/allocator.h:39:36: warning: unused parameter 'ptr' [-Wunused-parameter]
warning: mlx-sys@0.2.0:    39 |   virtual Buffer make_buffer(void* ptr, size_t size) {
warning: mlx-sys@0.2.0:       |                                    ^
warning: mlx-sys@0.2.0: /Users/xin/.local/mlx/include/mlx/allocator.h:39:48: warning: unused parameter 'size' [-Wunused-parameter]
warning: mlx-sys@0.2.0:    39 |   virtual Buffer make_buffer(void* ptr, size_t size) {
warning: mlx-sys@0.2.0:       |                                                ^
warning: mlx-sys@0.2.0: /Users/xin/.local/mlx/include/mlx/allocator.h:42:31: warning: unused parameter 'buffer' [-Wunused-parameter]
warning: mlx-sys@0.2.0:    42 |   virtual void release(Buffer buffer) {}
warning: mlx-sys@0.2.0:       |                               ^
warning: mlx-sys@0.2.0: In file included from shim/src/compile.cc:1:
warning: mlx-sys@0.2.0: In file included from shim/include/cxx_mlx_shim/compile.h:9:
warning: mlx-sys@0.2.0: In file included from /Users/xin/.local/mlx/include/mlx/array.h:12:
warning: mlx-sys@0.2.0: In file included from /Users/xin/.local/mlx/include/mlx/dtype.h:9:
warning: mlx-sys@0.2.0: In file included from /Users/xin/.local/mlx/include/mlx/types/complex.h:5:
warning: mlx-sys@0.2.0: In file included from /Users/xin/.local/mlx/include/mlx/types/half_types.h:32:
warning: mlx-sys@0.2.0: /Users/xin/.local/mlx/include/mlx/types/bf16.h:29:3: warning: definition of implicit copy assignment operator for '_MLX_BFloat16' is deprecated because it has a user-declared copy constructor [-Wdeprecated-copy]
warning: mlx-sys@0.2.0:    29 |   _MLX_BFloat16(_MLX_BFloat16 const&) = default;
warning: mlx-sys@0.2.0:       |   ^
warning: mlx-sys@0.2.0: /Users/xin/.local/mlx/include/mlx/types/bf16.h:38:19: note: in implicit copy assignment operator for 'mlx::core::_MLX_BFloat16' first required here
warning: mlx-sys@0.2.0:    38 |     return (*this = _MLX_BFloat16(x));
warning: mlx-sys@0.2.0:       |                   ^
warning: mlx-sys@0.2.0: 4 warnings generated.
warning: mlx-sys@0.2.0: 4 warnings generated.
warning: mlx-sys@0.2.0: In file included from shim/src/conv.cc:1:
warning: mlx-sys@0.2.0: In file included from shim/include/cxx_mlx_shim/conv.h:6:
warning: mlx-sys@0.2.0: In file included from /Users/xin/.local/mlx/include/mlx/array.h:10:
warning: mlx-sys@0.2.0: /Users/xin/.local/mlx/include/mlx/allocator.h:39:36: warning: unused parameter 'ptr' [-Wunused-parameter]
warning: mlx-sys@0.2.0:    39 |   virtual Buffer make_buffer(void* ptr, size_t size) {
warning: mlx-sys@0.2.0:       |                                    ^
warning: mlx-sys@0.2.0: /Users/xin/.local/mlx/include/mlx/allocator.h:39:48: warning: unused parameter 'size' [-Wunused-parameter]
warning: mlx-sys@0.2.0:    39 |   virtual Buffer make_buffer(void* ptr, size_t size) {
warning: mlx-sys@0.2.0:       |                                                ^
warning: mlx-sys@0.2.0: /Users/xin/.local/mlx/include/mlx/allocator.h:42:31: warning: unused parameter 'buffer' [-Wunused-parameter]
warning: mlx-sys@0.2.0:    42 |   virtual void release(Buffer buffer) {}
warning: mlx-sys@0.2.0:       |                               ^
warning: mlx-sys@0.2.0: In file included from shim/src/conv.cc:1:
warning: mlx-sys@0.2.0: In file included from shim/include/cxx_mlx_shim/conv.h:6:
warning: mlx-sys@0.2.0: In file included from /Users/xin/.local/mlx/include/mlx/array.h:12:
warning: mlx-sys@0.2.0: In file included from /Users/xin/.local/mlx/include/mlx/dtype.h:9:
warning: mlx-sys@0.2.0: In file included from /Users/xin/.local/mlx/include/mlx/types/complex.h:5:
warning: mlx-sys@0.2.0: In file included from /Users/xin/.local/mlx/include/mlx/types/half_types.h:32:
warning: mlx-sys@0.2.0: /Users/xin/.local/mlx/include/mlx/types/bf16.h:29:3: warning: definition of implicit copy assignment operator for '_MLX_BFloat16' is deprecated because it has a user-declared copy constructor [-Wdeprecated-copy]
warning: mlx-sys@0.2.0:    29 |   _MLX_BFloat16(_MLX_BFloat16 const&) = default;
warning: mlx-sys@0.2.0:       |   ^
warning: mlx-sys@0.2.0: /Users/xin/.local/mlx/include/mlx/types/bf16.h:38:19: note: in implicit copy assignment operator for 'mlx::core::_MLX_BFloat16' first required here
warning: mlx-sys@0.2.0:    38 |     return (*this = _MLX_BFloat16(x));
warning: mlx-sys@0.2.0:       |                   ^
warning: mlx-sys@0.2.0: 4 warnings generated.
warning: mlx-sys@0.2.0: In file included from shim/src/fft.cc:1:
warning: mlx-sys@0.2.0: In file included from shim/include/cxx_mlx_shim/fft.h:2:
warning: mlx-sys@0.2.0: In file included from /Users/xin/.local/mlx/include/mlx/array.h:10:
warning: mlx-sys@0.2.0: /Users/xin/.local/mlx/include/mlx/allocator.h:39:36: warning: unused parameter 'ptr' [-Wunused-parameter]
warning: mlx-sys@0.2.0:    39 |   virtual Buffer make_buffer(void* ptr, size_t size) {
warning: mlx-sys@0.2.0:       |                                    ^
warning: mlx-sys@0.2.0: /Users/xin/.local/mlx/include/mlx/allocator.h:39:48: warning: unused parameter 'size' [-Wunused-parameter]
warning: mlx-sys@0.2.0:    39 |   virtual Buffer make_buffer(void* ptr, size_t size) {
warning: mlx-sys@0.2.0:       |                                                ^
warning: mlx-sys@0.2.0: /Users/xin/.local/mlx/include/mlx/allocator.h:42:31: warning: unused parameter 'buffer' [-Wunused-parameter]
warning: mlx-sys@0.2.0:    42 |   virtual void release(Buffer buffer) {}
warning: mlx-sys@0.2.0:       |                               ^
warning: mlx-sys@0.2.0: In file included from shim/src/transforms.cc:3:
warning: mlx-sys@0.2.0: In file included from /Users/xin/.local/mlx/include/mlx/array.h:10:
warning: mlx-sys@0.2.0: /Users/xin/.local/mlx/include/mlx/allocator.h:39:36: warning: unused parameter 'ptr' [-Wunused-parameter]
warning: mlx-sys@0.2.0:    39 |   virtual Buffer make_buffer(void* ptr, size_t size) {
warning: mlx-sys@0.2.0:       |                                    ^
warning: mlx-sys@0.2.0: /Users/xin/.local/mlx/include/mlx/allocator.h:39:48: warning: unused parameter 'size' [-Wunused-parameter]
warning: mlx-sys@0.2.0:    39 |   virtual Buffer make_buffer(void* ptr, size_t size) {
warning: mlx-sys@0.2.0:       |                                                ^
warning: mlx-sys@0.2.0: /Users/xin/.local/mlx/include/mlx/allocator.h:42:31: warning: unused parameter 'buffer' [-Wunused-parameter]
warning: mlx-sys@0.2.0:    42 |   virtual void release(Buffer buffer) {}
warning: mlx-sys@0.2.0:       |                               ^
warning: mlx-sys@0.2.0: In file included from shim/src/stream.cc:1:
warning: mlx-sys@0.2.0: In file included from shim/include/cxx_mlx_shim/stream.h:8:
warning: mlx-sys@0.2.0: In file included from /Users/xin/.local/mlx/include/mlx/array.h:10:
warning: mlx-sys@0.2.0: /Users/xin/.local/mlx/include/mlx/allocator.h:39:36: warning: unused parameter 'ptr' [-Wunused-parameter]
warning: mlx-sys@0.2.0:    39 |   virtual Buffer make_buffer(void* ptr, size_t size) {
warning: mlx-sys@0.2.0:       |                                    ^
warning: mlx-sys@0.2.0: /Users/xin/.local/mlx/include/mlx/allocator.h:39:48: warning: unused parameter 'size' [-Wunused-parameter]
warning: mlx-sys@0.2.0:    39 |   virtual Buffer make_buffer(void* ptr, size_t size) {
warning: mlx-sys@0.2.0:       |                                                ^
warning: mlx-sys@0.2.0: /Users/xin/.local/mlx/include/mlx/allocator.h:42:31: warning: unused parameter 'buffer' [-Wunused-parameter]
warning: mlx-sys@0.2.0:    42 |   virtual void release(Buffer buffer) {}
warning: mlx-sys@0.2.0:       |                               ^
warning: mlx-sys@0.2.0: In file included from shim/src/fft.cc:1:
warning: mlx-sys@0.2.0: In file included from shim/include/cxx_mlx_shim/fft.h:2:
warning: mlx-sys@0.2.0: In file included from /Users/xin/.local/mlx/include/mlx/array.h:12:
warning: mlx-sys@0.2.0: In file included from /Users/xin/.local/mlx/include/mlx/dtype.h:9:
warning: mlx-sys@0.2.0: In file included from /Users/xin/.local/mlx/include/mlx/types/complex.h:5:
warning: mlx-sys@0.2.0: In file included from /Users/xin/.local/mlx/include/mlx/types/half_types.h:32:
warning: mlx-sys@0.2.0: /Users/xin/.local/mlx/include/mlx/types/bf16.h:29:3: warning: definition of implicit copy assignment operator for '_MLX_BFloat16' is deprecated because it has a user-declared copy constructor [-Wdeprecated-copy]
warning: mlx-sys@0.2.0:    29 |   _MLX_BFloat16(_MLX_BFloat16 const&) = default;
warning: mlx-sys@0.2.0:       |   ^
warning: mlx-sys@0.2.0: /Users/xin/.local/mlx/include/mlx/types/bf16.h:38:19: note: in implicit copy assignment operator for 'mlx::core::_MLX_BFloat16' first required here
warning: mlx-sys@0.2.0:    38 |     return (*this = _MLX_BFloat16(x));
warning: mlx-sys@0.2.0:       |                   ^
warning: mlx-sys@0.2.0: 4 warnings generated.
warning: mlx-sys@0.2.0: In file included from shim/src/transforms.cc:3:
warning: mlx-sys@0.2.0: In file included from /Users/xin/.local/mlx/include/mlx/array.h:12:
warning: mlx-sys@0.2.0: In file included from /Users/xin/.local/mlx/include/mlx/dtype.h:9:
warning: mlx-sys@0.2.0: In file included from /Users/xin/.local/mlx/include/mlx/types/complex.h:5:
warning: mlx-sys@0.2.0: In file included from /Users/xin/.local/mlx/include/mlx/types/half_types.h:32:
warning: mlx-sys@0.2.0: /Users/xin/.local/mlx/include/mlx/types/bf16.h:29:3: warning: definition of implicit copy assignment operator for '_MLX_BFloat16' is deprecated because it has a user-declared copy constructor [-Wdeprecated-copy]
warning: mlx-sys@0.2.0:    29 |   _MLX_BFloat16(_MLX_BFloat16 const&) = default;
warning: mlx-sys@0.2.0:       |   ^
warning: mlx-sys@0.2.0: /Users/xin/.local/mlx/include/mlx/types/bf16.h:38:19: note: in implicit copy assignment operator for 'mlx::core::_MLX_BFloat16' first required here
warning: mlx-sys@0.2.0:    38 |     return (*this = _MLX_BFloat16(x));
warning: mlx-sys@0.2.0:       |                   ^
warning: mlx-sys@0.2.0: 4 warnings generated.
warning: mlx-sys@0.2.0: In file included from shim/src/stream.cc:1:
warning: mlx-sys@0.2.0: In file included from shim/include/cxx_mlx_shim/stream.h:8:
warning: mlx-sys@0.2.0: In file included from /Users/xin/.local/mlx/include/mlx/array.h:12:
warning: mlx-sys@0.2.0: In file included from /Users/xin/.local/mlx/include/mlx/dtype.h:9:
warning: mlx-sys@0.2.0: In file included from /Users/xin/.local/mlx/include/mlx/types/complex.h:5:
warning: mlx-sys@0.2.0: In file included from /Users/xin/.local/mlx/include/mlx/types/half_types.h:32:
warning: mlx-sys@0.2.0: /Users/xin/.local/mlx/include/mlx/types/bf16.h:29:3: warning: definition of implicit copy assignment operator for '_MLX_BFloat16' is deprecated because it has a user-declared copy constructor [-Wdeprecated-copy]
warning: mlx-sys@0.2.0:    29 |   _MLX_BFloat16(_MLX_BFloat16 const&) = default;
warning: mlx-sys@0.2.0:       |   ^
warning: mlx-sys@0.2.0: /Users/xin/.local/mlx/include/mlx/types/bf16.h:38:19: note: in implicit copy assignment operator for 'mlx::core::_MLX_BFloat16' first required here
warning: mlx-sys@0.2.0:    38 |     return (*this = _MLX_BFloat16(x));
warning: mlx-sys@0.2.0:       |                   ^
warning: mlx-sys@0.2.0: 4 warnings generated.
warning: mlx-sys@0.2.0: In file included from shim/src/fast.cc:1:
warning: mlx-sys@0.2.0: In file included from shim/include/cxx_mlx_shim/fast.h:8:
warning: mlx-sys@0.2.0: In file included from /Users/xin/.local/mlx/include/mlx/array.h:10:
warning: mlx-sys@0.2.0: /Users/xin/.local/mlx/include/mlx/allocator.h:39:36: warning: unused parameter 'ptr' [-Wunused-parameter]
warning: mlx-sys@0.2.0:    39 |   virtual Buffer make_buffer(void* ptr, size_t size) {
warning: mlx-sys@0.2.0:       |                                    ^
warning: mlx-sys@0.2.0: /Users/xin/.local/mlx/include/mlx/allocator.h:39:48: warning: unused parameter 'size' [-Wunused-parameter]
warning: mlx-sys@0.2.0:    39 |   virtual Buffer make_buffer(void* ptr, size_t size) {
warning: mlx-sys@0.2.0:       |                                                ^
warning: mlx-sys@0.2.0: /Users/xin/.local/mlx/include/mlx/allocator.h:42:31: warning: unused parameter 'buffer' [-Wunused-parameter]
warning: mlx-sys@0.2.0:    42 |   virtual void release(Buffer buffer) {}
warning: mlx-sys@0.2.0:       |                               ^
warning: mlx-sys@0.2.0: In file included from shim/src/prefill_d256_nax.cc:1:
warning: mlx-sys@0.2.0: In file included from shim/include/cxx_mlx_shim/prefill_d256_nax.h:4:
warning: mlx-sys@0.2.0: In file included from /Users/xin/.local/mlx/include/mlx/array.h:10:
warning: mlx-sys@0.2.0: /Users/xin/.local/mlx/include/mlx/allocator.h:39:36: warning: unused parameter 'ptr' [-Wunused-parameter]
warning: mlx-sys@0.2.0:    39 |   virtual Buffer make_buffer(void* ptr, size_t size) {
warning: mlx-sys@0.2.0:       |                                    ^
warning: mlx-sys@0.2.0: /Users/xin/.local/mlx/include/mlx/allocator.h:39:48: warning: unused parameter 'size' [-Wunused-parameter]
warning: mlx-sys@0.2.0:    39 |   virtual Buffer make_buffer(void* ptr, size_t size) {
warning: mlx-sys@0.2.0:       |                                                ^
warning: mlx-sys@0.2.0: /Users/xin/.local/mlx/include/mlx/allocator.h:42:31: warning: unused parameter 'buffer' [-Wunused-parameter]
warning: mlx-sys@0.2.0:    42 |   virtual void release(Buffer buffer) {}
warning: mlx-sys@0.2.0:       |                               ^
warning: mlx-sys@0.2.0: In file included from shim/src/prefill_masked_softmax.cc:1:
warning: mlx-sys@0.2.0: In file included from shim/include/cxx_mlx_shim/prefill_masked_softmax.h:4:
warning: mlx-sys@0.2.0: In file included from /Users/xin/.local/mlx/include/mlx/array.h:10:
warning: mlx-sys@0.2.0: /Users/xin/.local/mlx/include/mlx/allocator.h:39:36: warning: unused parameter 'ptr' [-Wunused-parameter]
warning: mlx-sys@0.2.0:    39 |   virtual Buffer make_buffer(void* ptr, size_t size) {
warning: mlx-sys@0.2.0:       |                                    ^
warning: mlx-sys@0.2.0: /Users/xin/.local/mlx/include/mlx/allocator.h:39:48: warning: unused parameter 'size' [-Wunused-parameter]
warning: mlx-sys@0.2.0:    39 |   virtual Buffer make_buffer(void* ptr, size_t size) {
warning: mlx-sys@0.2.0:       |                                                ^
warning: mlx-sys@0.2.0: /Users/xin/.local/mlx/include/mlx/allocator.h:42:31: warning: unused parameter 'buffer' [-Wunused-parameter]
warning: mlx-sys@0.2.0:    42 |   virtual void release(Buffer buffer) {}
warning: mlx-sys@0.2.0:       |                               ^
warning: mlx-sys@0.2.0: In file included from shim/src/prefill_qmm_mtile.cc:1:
warning: mlx-sys@0.2.0: In file included from shim/include/cxx_mlx_shim/prefill_qmm_mtile.h:4:
warning: mlx-sys@0.2.0: In file included from /Users/xin/.local/mlx/include/mlx/array.h:10:
warning: mlx-sys@0.2.0: /Users/xin/.local/mlx/include/mlx/allocator.h:39:36: warning: unused parameter 'ptr' [-Wunused-parameter]
warning: mlx-sys@0.2.0:    39 |   virtual Buffer make_buffer(void* ptr, size_t size) {
warning: mlx-sys@0.2.0:       |                                    ^
warning: mlx-sys@0.2.0: /Users/xin/.local/mlx/include/mlx/allocator.h:39:48: warning: unused parameter 'size' [-Wunused-parameter]
warning: mlx-sys@0.2.0:    39 |   virtual Buffer make_buffer(void* ptr, size_t size) {
warning: mlx-sys@0.2.0:       |                                                ^
warning: mlx-sys@0.2.0: /Users/xin/.local/mlx/include/mlx/allocator.h:42:31: warning: unused parameter 'buffer' [-Wunused-parameter]
warning: mlx-sys@0.2.0:    42 |   virtual void release(Buffer buffer) {}
warning: mlx-sys@0.2.0:       |                               ^
warning: mlx-sys@0.2.0: In file included from shim/src/prefill_qmm_mtile.cc:1:
warning: mlx-sys@0.2.0: In file included from shim/include/cxx_mlx_shim/prefill_qmm_mtile.h:4:
warning: mlx-sys@0.2.0: In file included from /Users/xin/.local/mlx/include/mlx/array.h:12:
warning: mlx-sys@0.2.0: In file included from /Users/xin/.local/mlx/include/mlx/dtype.h:9:
warning: mlx-sys@0.2.0: In file included from /Users/xin/.local/mlx/include/mlx/types/complex.h:5:
warning: mlx-sys@0.2.0: In file included from /Users/xin/.local/mlx/include/mlx/types/half_types.h:32:
warning: mlx-sys@0.2.0: /Users/xin/.local/mlx/include/mlx/types/bf16.h:29:3: warning: definition of implicit copy assignment operator for '_MLX_BFloat16' is deprecated because it has a user-declared copy constructor [-Wdeprecated-copy]
warning: mlx-sys@0.2.0:    29 |   _MLX_BFloat16(_MLX_BFloat16 const&) = default;
warning: mlx-sys@0.2.0:       |   ^
warning: mlx-sys@0.2.0: /Users/xin/.local/mlx/include/mlx/types/bf16.h:38:19: note: in implicit copy assignment operator for 'mlx::core::_MLX_BFloat16' first required here
warning: mlx-sys@0.2.0:    38 |     return (*this = _MLX_BFloat16(x));
warning: mlx-sys@0.2.0:       |                   ^
warning: mlx-sys@0.2.0: In file included from shim/src/io.cc:1:
warning: mlx-sys@0.2.0: In file included from shim/include/cxx_mlx_shim/io.h:14:
warning: mlx-sys@0.2.0: In file included from /Users/xin/.local/mlx/include/mlx/io.h:9:
warning: mlx-sys@0.2.0: In file included from /Users/xin/.local/mlx/include/mlx/array.h:10:
warning: mlx-sys@0.2.0: /Users/xin/.local/mlx/include/mlx/allocator.h:39:36: warning: unused parameter 'ptr' [-Wunused-parameter]
warning: mlx-sys@0.2.0:    39 |   virtual Buffer make_buffer(void* ptr, size_t size) {
warning: mlx-sys@0.2.0:       |                                    ^
warning: mlx-sys@0.2.0: /Users/xin/.local/mlx/include/mlx/allocator.h:39:48: warning: unused parameter 'size' [-Wunused-parameter]
warning: mlx-sys@0.2.0:    39 |   virtual Buffer make_buffer(void* ptr, size_t size) {
warning: mlx-sys@0.2.0:       |                                                ^
warning: mlx-sys@0.2.0: /Users/xin/.local/mlx/include/mlx/allocator.h:42:31: warning: unused parameter 'buffer' [-Wunused-parameter]
warning: mlx-sys@0.2.0:    42 |   virtual void release(Buffer buffer) {}
warning: mlx-sys@0.2.0:       |                               ^
warning: mlx-sys@0.2.0: In file included from shim/src/io.cc:1:
warning: mlx-sys@0.2.0: In file included from shim/include/cxx_mlx_shim/io.h:14:
warning: mlx-sys@0.2.0: In file included from /Users/xin/.local/mlx/include/mlx/io.h:9:
warning: mlx-sys@0.2.0: In file included from /Users/xin/.local/mlx/include/mlx/array.h:12:
warning: mlx-sys@0.2.0: In file included from /Users/xin/.local/mlx/include/mlx/dtype.h:9:
warning: mlx-sys@0.2.0: In file included from /Users/xin/.local/mlx/include/mlx/types/complex.h:5:
warning: mlx-sys@0.2.0: In file included from /Users/xin/.local/mlx/include/mlx/types/half_types.h:32:
warning: mlx-sys@0.2.0: /Users/xin/.local/mlx/include/mlx/types/bf16.h:29:3: warning: definition of implicit copy assignment operator for '_MLX_BFloat16' is deprecated because it has a user-declared copy constructor [-Wdeprecated-copy]
warning: mlx-sys@0.2.0:    29 |   _MLX_BFloat16(_MLX_BFloat16 const&) = default;
warning: mlx-sys@0.2.0:       |   ^
warning: mlx-sys@0.2.0: /Users/xin/.local/mlx/include/mlx/types/bf16.h:38:19: note: in implicit copy assignment operator for 'mlx::core::_MLX_BFloat16' first required here
warning: mlx-sys@0.2.0: In file included from shim/src/fast.cc:1:
warning: mlx-sys@0.2.0: In file included from shim/include/cxx_mlx_shim/fast.h:8:
warning: mlx-sys@0.2.0: In file included from /Users/xin/.local/mlx/include/mlx/array.h:12:
warning: mlx-sys@0.2.0: In file included from /Users/xin/.local/mlx/include/mlx/dtype.h:9:
warning: mlx-sys@0.2.0: In file included from /Users/xin/.local/mlx/include/mlx/types/complex.h:5:
warning: mlx-sys@0.2.0: In file included from /Users/xin/.local/mlx/include/mlx/types/half_types.h:32:
warning: mlx-sys@0.2.0: /Users/xin/.local/mlx/include/mlx/types/bf16.h:29:3: warning: definition of implicit copy assignment operator for '_MLX_BFloat16' is deprecated because it has a user-declared copy constructor [-Wdeprecated-copy]
warning: mlx-sys@0.2.0:    29 |   _MLX_BFloat16(_MLX_BFloat16 const&) = default;
warning: mlx-sys@0.2.0:       |   ^
warning: mlx-sys@0.2.0: /Users/xin/.local/mlx/include/mlx/types/bf16.h:38:19: note: in implicit copy assignment operator for 'mlx::core::_MLX_BFloat16' first required here
warning: mlx-sys@0.2.0:    38 |     return (*this = _MLX_BFloat16(x));
warning: mlx-sys@0.2.0:       |                   ^
warning: mlx-sys@0.2.0: In file included from shim/src/prefill_d256_nax.cc:1:
warning: mlx-sys@0.2.0: In file included from shim/include/cxx_mlx_shim/prefill_d256_nax.h:4:
warning: mlx-sys@0.2.0: In file included from /Users/xin/.local/mlx/include/mlx/array.h:12:
warning: mlx-sys@0.2.0: In file included from /Users/xin/.local/mlx/include/mlx/dtype.h:9:
warning: mlx-sys@0.2.0: In file included from /Users/xin/.local/mlx/include/mlx/types/complex.h:5:
warning: mlx-sys@0.2.0: In file included from /Users/xin/.local/mlx/include/mlx/types/half_types.h:32:
warning: mlx-sys@0.2.0: /Users/xin/.local/mlx/include/mlx/types/bf16.h:29:3: warning: definition of implicit copy assignment operator for '_MLX_BFloat16' is deprecated because it has a user-declared copy constructor [-Wdeprecated-copy]
warning: mlx-sys@0.2.0:    29 |   _MLX_BFloat16(_MLX_BFloat16 const&) = default;
warning: mlx-sys@0.2.0:       |   ^
warning: mlx-sys@0.2.0: /Users/xin/.local/mlx/include/mlx/types/bf16.h:38:19: note: in implicit copy assignment operator for 'mlx::core::_MLX_BFloat16' first required here
warning: mlx-sys@0.2.0:    38 |     return (*this = _MLX_BFloat16(x));
warning: mlx-sys@0.2.0:       |                   ^
warning: mlx-sys@0.2.0: In file included from shim/src/prefill_masked_softmax.cc:1:
warning: mlx-sys@0.2.0: In file included from shim/include/cxx_mlx_shim/prefill_masked_softmax.h:4:
warning: mlx-sys@0.2.0: In file included from /Users/xin/.local/mlx/include/mlx/array.h:12:
warning: mlx-sys@0.2.0: In file included from /Users/xin/.local/mlx/include/mlx/dtype.h:9:
warning: mlx-sys@0.2.0: In file included from /Users/xin/.local/mlx/include/mlx/types/complex.h:5:
warning: mlx-sys@0.2.0: In file included from /Users/xin/.local/mlx/include/mlx/types/half_types.h:32:
warning: mlx-sys@0.2.0: /Users/xin/.local/mlx/include/mlx/types/bf16.h:29:3: warning: definition of implicit copy assignment operator for '_MLX_BFloat16' is deprecated because it has a user-declared copy constructor [-Wdeprecated-copy]
warning: mlx-sys@0.2.0:    29 |   _MLX_BFloat16(_MLX_BFloat16 const&) = default;
warning: mlx-sys@0.2.0:       |   ^
warning: mlx-sys@0.2.0: /Users/xin/.local/mlx/include/mlx/types/bf16.h:38:19: note: in implicit copy assignment operator for 'mlx::core::_MLX_BFloat16' first required here
warning: mlx-sys@0.2.0:    38 |     return (*this = _MLX_BFloat16(x));
warning: mlx-sys@0.2.0:       |                   ^
warning: mlx-sys@0.2.0:    38 |     return (*this = _MLX_BFloat16(x));
warning: mlx-sys@0.2.0:       |                   ^
warning: mlx-sys@0.2.0: In file included from shim/src/quantization.cc:1:
warning: mlx-sys@0.2.0: In file included from shim/include/cxx_mlx_shim/quantization.h:10:
warning: mlx-sys@0.2.0: In file included from /Users/xin/.local/mlx/include/mlx/array.h:10:
warning: mlx-sys@0.2.0: /Users/xin/.local/mlx/include/mlx/allocator.h:39:36: warning: unused parameter 'ptr' [-Wunused-parameter]
warning: mlx-sys@0.2.0:    39 |   virtual Buffer make_buffer(void* ptr, size_t size) {
warning: mlx-sys@0.2.0:       |                                    ^
warning: mlx-sys@0.2.0: /Users/xin/.local/mlx/include/mlx/allocator.h:39:48: warning: unused parameter 'size' [-Wunused-parameter]
warning: mlx-sys@0.2.0:    39 |   virtual Buffer make_buffer(void* ptr, size_t size) {
warning: mlx-sys@0.2.0:       |                                                ^
warning: mlx-sys@0.2.0: /Users/xin/.local/mlx/include/mlx/allocator.h:42:31: warning: unused parameter 'buffer' [-Wunused-parameter]
warning: mlx-sys@0.2.0:    42 |   virtual void release(Buffer buffer) {}
warning: mlx-sys@0.2.0:       |                               ^
warning: mlx-sys@0.2.0: In file included from shim/src/random.cc:1:
warning: mlx-sys@0.2.0: In file included from shim/include/cxx_mlx_shim/random.h:7:
warning: mlx-sys@0.2.0: In file included from /Users/xin/.local/mlx/include/mlx/array.h:10:
warning: mlx-sys@0.2.0: /Users/xin/.local/mlx/include/mlx/allocator.h:39:36: warning: unused parameter 'ptr' [-Wunused-parameter]
warning: mlx-sys@0.2.0:    39 |   virtual Buffer make_buffer(void* ptr, size_t size) {
warning: mlx-sys@0.2.0:       |                                    ^
warning: mlx-sys@0.2.0: /Users/xin/.local/mlx/include/mlx/allocator.h:39:48: warning: unused parameter 'size' [-Wunused-parameter]
warning: mlx-sys@0.2.0:    39 |   virtual Buffer make_buffer(void* ptr, size_t size) {
warning: mlx-sys@0.2.0:       |                                                ^
warning: mlx-sys@0.2.0: /Users/xin/.local/mlx/include/mlx/allocator.h:42:31: warning: unused parameter 'buffer' [-Wunused-parameter]
warning: mlx-sys@0.2.0:    42 |   virtual void release(Buffer buffer) {}
warning: mlx-sys@0.2.0:       |                               ^
warning: mlx-sys@0.2.0: 4 warnings generated.
warning: mlx-sys@0.2.0: In file included from shim/src/prefill_d256_nax.cc:14:
warning: mlx-sys@0.2.0: /Users/xin/.local/mlx/include/mlx/primitives.h:108:47: warning: unused parameter 'other' [-Wunused-parameter]
warning: mlx-sys@0.2.0:   108 |   virtual bool is_equivalent(const Primitive& other) const {
warning: mlx-sys@0.2.0:       |                                               ^
warning: mlx-sys@0.2.0: /Users/xin/.local/mlx/include/mlx/primitives.h:172:3: warning: unused parameter 'other' [-Wunused-parameter]
warning: mlx-sys@0.2.0:   172 |   DEFINE_DEFAULT_IS_EQUIVALENT()
warning: mlx-sys@0.2.0:       |   ^
warning: mlx-sys@0.2.0: /Users/xin/.local/mlx/include/mlx/primitives.h:36:39: note: expanded from macro 'DEFINE_DEFAULT_IS_EQUIVALENT'
warning: mlx-sys@0.2.0:    36 |   bool is_equivalent(const Primitive& other) const override { \
warning: mlx-sys@0.2.0:       |                                       ^
warning: mlx-sys@0.2.0: /Users/xin/.local/mlx/include/mlx/primitives.h:186:3: warning: unused parameter 'other' [-Wunused-parameter]
warning: mlx-sys@0.2.0:   186 |   DEFINE_DEFAULT_IS_EQUIVALENT()
warning: mlx-sys@0.2.0:       |   ^
warning: mlx-sys@0.2.0: /Users/xin/.local/mlx/include/mlx/primitives.h:36:39: note: expanded from macro 'DEFINE_DEFAULT_IS_EQUIVALENT'
warning: mlx-sys@0.2.0:    36 |   bool is_equivalent(const Primitive& other) const override { \
warning: mlx-sys@0.2.0:       |                                       ^
warning: mlx-sys@0.2.0: /Users/xin/.local/mlx/include/mlx/primitives.h:244:3: warning: unused parameter 'other' [-Wunused-parameter]
warning: mlx-sys@0.2.0:   244 |   DEFINE_DEFAULT_IS_EQUIVALENT()
warning: mlx-sys@0.2.0:       |   ^
warning: mlx-sys@0.2.0: /Users/xin/.local/mlx/include/mlx/primitives.h:36:39: note: expanded from macro 'DEFINE_DEFAULT_IS_EQUIVALENT'
warning: mlx-sys@0.2.0:    36 |   bool is_equivalent(const Primitive& other) const override { \
warning: mlx-sys@0.2.0:       |                                       ^
warning: mlx-sys@0.2.0: /Users/xin/.local/mlx/include/mlx/primitives.h:258:3: warning: unused parameter 'other' [-Wunused-parameter]
warning: mlx-sys@0.2.0:   258 |   DEFINE_DEFAULT_IS_EQUIVALENT()
warning: mlx-sys@0.2.0:       |   ^
warning: mlx-sys@0.2.0: /Users/xin/.local/mlx/include/mlx/primitives.h:36:39: note: expanded from macro 'DEFINE_DEFAULT_IS_EQUIVALENT'
warning: mlx-sys@0.2.0:    36 |   bool is_equivalent(const Primitive& other) const override { \
warning: mlx-sys@0.2.0:       |                                       ^
warning: mlx-sys@0.2.0: /Users/xin/.local/mlx/include/mlx/primitives.h:272:3: warning: unused parameter 'other' [-Wunused-parameter]
warning: mlx-sys@0.2.0:   272 |   DEFINE_DEFAULT_IS_EQUIVALENT()
warning: mlx-sys@0.2.0:       |   ^
warning: mlx-sys@0.2.0: /Users/xin/.local/mlx/include/mlx/primitives.h:36:39: note: expanded from macro 'DEFINE_DEFAULT_IS_EQUIVALENT'
warning: mlx-sys@0.2.0:    36 |   bool is_equivalent(const Primitive& other) const override { \
warning: mlx-sys@0.2.0:       |                                       ^
warning: mlx-sys@0.2.0: /Users/xin/.local/mlx/include/mlx/primitives.h:286:3: warning: unused parameter 'other' [-Wunused-parameter]
warning: mlx-sys@0.2.0:   286 |   DEFINE_DEFAULT_IS_EQUIVALENT()
warning: mlx-sys@0.2.0:       |   ^
warning: mlx-sys@0.2.0: /Users/xin/.local/mlx/include/mlx/primitives.h:36:39: note: expanded from macro 'DEFINE_DEFAULT_IS_EQUIVALENT'
warning: mlx-sys@0.2.0:    36 |   bool is_equivalent(const Primitive& other) const override { \
warning: mlx-sys@0.2.0:       |                                       ^
warning: mlx-sys@0.2.0: /Users/xin/.local/mlx/include/mlx/primitives.h:300:3: warning: unused parameter 'other' [-Wunused-parameter]
warning: mlx-sys@0.2.0:   300 |   DEFINE_DEFAULT_IS_EQUIVALENT()
warning: mlx-sys@0.2.0:       |   ^
warning: mlx-sys@0.2.0: /Users/xin/.local/mlx/include/mlx/primitives.h:36:39: note: expanded from macro 'DEFINE_DEFAULT_IS_EQUIVALENT'
warning: mlx-sys@0.2.0:    36 |   bool is_equivalent(const Primitive& other) const override { \
warning: mlx-sys@0.2.0:       |                                       ^
warning: mlx-sys@0.2.0: /Users/xin/.local/mlx/include/mlx/primitives.h:314:3: warning: unused parameter 'other' [-Wunused-parameter]
warning: mlx-sys@0.2.0:   314 |   DEFINE_DEFAULT_IS_EQUIVALENT()
warning: mlx-sys@0.2.0:       |   ^
warning: mlx-sys@0.2.0: /Users/xin/.local/mlx/include/mlx/primitives.h:36:39: note: expanded from macro 'DEFINE_DEFAULT_IS_EQUIVALENT'
warning: mlx-sys@0.2.0:    36 |   bool is_equivalent(const Primitive& other) const override { \
warning: mlx-sys@0.2.0:       |                                       ^
warning: mlx-sys@0.2.0: /Users/xin/.local/mlx/include/mlx/primitives.h:328:3: warning: unused parameter 'other' [-Wunused-parameter]
warning: mlx-sys@0.2.0:   328 |   DEFINE_DEFAULT_IS_EQUIVALENT()
warning: mlx-sys@0.2.0:       |   ^
warning: mlx-sys@0.2.0: /Users/xin/.local/mlx/include/mlx/primitives.h:36:39: note: expanded from macro 'DEFINE_DEFAULT_IS_EQUIVALENT'
warning: mlx-sys@0.2.0:    36 |   bool is_equivalent(const Primitive& other) const override { \
warning: mlx-sys@0.2.0:       |                                       ^
warning: mlx-sys@0.2.0: /Users/xin/.local/mlx/include/mlx/primitives.h:497:3: warning: unused parameter 'other' [-Wunused-parameter]
warning: mlx-sys@0.2.0:   497 |   DEFINE_DEFAULT_IS_EQUIVALENT()
warning: mlx-sys@0.2.0:       |   ^
warning: mlx-sys@0.2.0: /Users/xin/.local/mlx/include/mlx/primitives.h:36:39: note: expanded from macro 'DEFINE_DEFAULT_IS_EQUIVALENT'
warning: mlx-sys@0.2.0:    36 |   bool is_equivalent(const Primitive& other) const override { \
warning: mlx-sys@0.2.0:       |                                       ^
warning: mlx-sys@0.2.0: /Users/xin/.local/mlx/include/mlx/primitives.h:625:3: warning: unused parameter 'other' [-Wunused-parameter]
warning: mlx-sys@0.2.0:   625 |   DEFINE_DEFAULT_IS_EQUIVALENT()
warning: mlx-sys@0.2.0:       |   ^
warning: mlx-sys@0.2.0: /Users/xin/.local/mlx/include/mlx/primitives.h:36:39: note: expanded from macro 'DEFINE_DEFAULT_IS_EQUIVALENT'
warning: mlx-sys@0.2.0:    36 |   bool is_equivalent(const Primitive& other) const override { \
warning: mlx-sys@0.2.0:       |                                       ^
warning: mlx-sys@0.2.0: /Users/xin/.local/mlx/include/mlx/primitives.h:704:3: warning: unused parameter 'other' [-Wunused-parameter]
warning: mlx-sys@0.2.0:   704 |   DEFINE_DEFAULT_IS_EQUIVALENT()
warning: mlx-sys@0.2.0:       |   ^
warning: mlx-sys@0.2.0: /Users/xin/.local/mlx/include/mlx/primitives.h:36:39: note: expanded from macro 'DEFINE_DEFAULT_IS_EQUIVALENT'
warning: mlx-sys@0.2.0:    36 |   bool is_equivalent(const Primitive& other) const override { \
warning: mlx-sys@0.2.0:       |                                       ^
warning: mlx-sys@0.2.0: /Users/xin/.local/mlx/include/mlx/primitives.h:800:3: warning: unused parameter 'other' [-Wunused-parameter]
warning: mlx-sys@0.2.0:   800 |   DEFINE_DEFAULT_IS_EQUIVALENT()
warning: mlx-sys@0.2.0:       |   ^
warning: mlx-sys@0.2.0: /Users/xin/.local/mlx/include/mlx/primitives.h:36:39: note: expanded from macro 'DEFINE_DEFAULT_IS_EQUIVALENT'
warning: mlx-sys@0.2.0:    36 |   bool is_equivalent(const Primitive& other) const override { \
warning: mlx-sys@0.2.0:       |                                       ^
warning: mlx-sys@0.2.0: /Users/xin/.local/mlx/include/mlx/primitives.h:817:3: warning: unused parameter 'other' [-Wunused-parameter]
warning: mlx-sys@0.2.0:   817 |   DEFINE_DEFAULT_IS_EQUIVALENT()
warning: mlx-sys@0.2.0:       |   ^
warning: mlx-sys@0.2.0: /Users/xin/.local/mlx/include/mlx/primitives.h:36:39: note: expanded from macro 'DEFINE_DEFAULT_IS_EQUIVALENT'
warning: mlx-sys@0.2.0:    36 |   bool is_equivalent(const Primitive& other) const override { \
warning: mlx-sys@0.2.0:       |                                       ^
warning: mlx-sys@0.2.0: /Users/xin/.local/mlx/include/mlx/primitives.h:831:3: warning: unused parameter 'other' [-Wunused-parameter]
warning: mlx-sys@0.2.0:   831 |   DEFINE_DEFAULT_IS_EQUIVALENT()
warning: mlx-sys@0.2.0:       |   ^
warning: mlx-sys@0.2.0: /Users/xin/.local/mlx/include/mlx/primitives.h:36:39: note: expanded from macro 'DEFINE_DEFAULT_IS_EQUIVALENT'
warning: mlx-sys@0.2.0:    36 |   bool is_equivalent(const Primitive& other) const override { \
warning: mlx-sys@0.2.0:       |                                       ^
warning: mlx-sys@0.2.0: /Users/xin/.local/mlx/include/mlx/primitives.h:918:3: warning: unused parameter 'other' [-Wunused-parameter]
warning: mlx-sys@0.2.0:   918 |   DEFINE_DEFAULT_IS_EQUIVALENT()
warning: mlx-sys@0.2.0:       |   ^
warning: mlx-sys@0.2.0: /Users/xin/.local/mlx/include/mlx/primitives.h:36:39: note: expanded from macro 'DEFINE_DEFAULT_IS_EQUIVALENT'
warning: mlx-sys@0.2.0:    36 |   bool is_equivalent(const Primitive& other) const override { \
warning: mlx-sys@0.2.0:       |                                       ^
warning: mlx-sys@0.2.0: /Users/xin/.local/mlx/include/mlx/primitives.h:934:3: warning: unused parameter 'other' [-Wunused-parameter]
warning: mlx-sys@0.2.0:   934 |   DEFINE_DEFAULT_IS_EQUIVALENT()
warning: mlx-sys@0.2.0:       |   ^
warning: mlx-sys@0.2.0: /Users/xin/.local/mlx/include/mlx/primitives.h:36:39: note: expanded from macro 'DEFINE_DEFAULT_IS_EQUIVALENT'
warning: mlx-sys@0.2.0:    36 |   bool is_equivalent(const Primitive& other) const override { \
warning: mlx-sys@0.2.0:       |                                       ^
warning: mlx-sys@0.2.0: /Users/xin/.local/mlx/include/mlx/primitives.h:950:3: warning: unused parameter 'other' [-Wunused-parameter]
warning: mlx-sys@0.2.0:   950 |   DEFINE_DEFAULT_IS_EQUIVALENT()
warning: mlx-sys@0.2.0:       |   ^
warning: mlx-sys@0.2.0: /Users/xin/.local/mlx/include/mlx/primitives.h:36:39: note: expanded from macro 'DEFINE_DEFAULT_IS_EQUIVALENT'
warning: mlx-sys@0.2.0:    36 |   bool is_equivalent(const Primitive& other) const override { \
warning: mlx-sys@0.2.0:       |                                       ^
warning: mlx-sys@0.2.0: /Users/xin/.local/mlx/include/mlx/primitives.h:964:3: warning: unused parameter 'other' [-Wunused-parameter]
warning: mlx-sys@0.2.0:   964 |   DEFINE_DEFAULT_IS_EQUIVALENT()
warning: mlx-sys@0.2.0:       |   ^
warning: mlx-sys@0.2.0: /Users/xin/.local/mlx/include/mlx/primitives.h:36:39: note: expanded from macro 'DEFINE_DEFAULT_IS_EQUIVALENT'
warning: mlx-sys@0.2.0:    36 |   bool is_equivalent(const Primitive& other) const override { \
warning: mlx-sys@0.2.0:       |                                       ^
warning: mlx-sys@0.2.0: /Users/xin/.local/mlx/include/mlx/primitives.h:978:3: warning: unused parameter 'other' [-Wunused-parameter]
warning: mlx-sys@0.2.0:   978 |   DEFINE_DEFAULT_IS_EQUIVALENT()
warning: mlx-sys@0.2.0:       |   ^
warning: mlx-sys@0.2.0: /Users/xin/.local/mlx/include/mlx/primitives.h:36:39: note: expanded from macro 'DEFINE_DEFAULT_IS_EQUIVALENT'
warning: mlx-sys@0.2.0:    36 |   bool is_equivalent(const Primitive& other) const override { \
warning: mlx-sys@0.2.0:       |                                       ^
warning: mlx-sys@0.2.0: /Users/xin/.local/mlx/include/mlx/primitives.h:1006:3: warning: unused parameter 'other' [-Wunused-parameter]
warning: mlx-sys@0.2.0:  1006 |   DEFINE_DEFAULT_IS_EQUIVALENT()
warning: mlx-sys@0.2.0:       |   ^
warning: mlx-sys@0.2.0: /Users/xin/.local/mlx/include/mlx/primitives.h:36:39: note: expanded from macro 'DEFINE_DEFAULT_IS_EQUIVALENT'
warning: mlx-sys@0.2.0:    36 |   bool is_equivalent(const Primitive& other) const override { \
warning: mlx-sys@0.2.0:       |                                       ^
warning: mlx-sys@0.2.0: /Users/xin/.local/mlx/include/mlx/primitives.h:1020:3: warning: unused parameter 'other' [-Wunused-parameter]
warning: mlx-sys@0.2.0:  1020 |   DEFINE_DEFAULT_IS_EQUIVALENT()
warning: mlx-sys@0.2.0:       |   ^
warning: mlx-sys@0.2.0: /Users/xin/.local/mlx/include/mlx/primitives.h:36:39: note: expanded from macro 'DEFINE_DEFAULT_IS_EQUIVALENT'
warning: mlx-sys@0.2.0:    36 |   bool is_equivalent(const Primitive& other) const override { \
warning: mlx-sys@0.2.0:       |                                       ^
warning: mlx-sys@0.2.0: /Users/xin/.local/mlx/include/mlx/primitives.h:1034:3: warning: unused parameter 'other' [-Wunused-parameter]
warning: mlx-sys@0.2.0:  1034 |   DEFINE_DEFAULT_IS_EQUIVALENT()
warning: mlx-sys@0.2.0:       |   ^
warning: mlx-sys@0.2.0: /Users/xin/.local/mlx/include/mlx/primitives.h:36:39: note: expanded from macro 'DEFINE_DEFAULT_IS_EQUIVALENT'
warning: mlx-sys@0.2.0:    36 |   bool is_equivalent(const Primitive& other) const override { \
warning: mlx-sys@0.2.0:       |                                       ^
warning: mlx-sys@0.2.0: /Users/xin/.local/mlx/include/mlx/primitives.h:1138:3: warning: unused parameter 'other' [-Wunused-parameter]
warning: mlx-sys@0.2.0:  1138 |   DEFINE_DEFAULT_IS_EQUIVALENT()
warning: mlx-sys@0.2.0:       |   ^
warning: mlx-sys@0.2.0: /Users/xin/.local/mlx/include/mlx/primitives.h:36:39: note: expanded from macro 'DEFINE_DEFAULT_IS_EQUIVALENT'
warning: mlx-sys@0.2.0:    36 |   bool is_equivalent(const Primitive& other) const override { \
warning: mlx-sys@0.2.0:       |                                       ^
warning: mlx-sys@0.2.0: /Users/xin/.local/mlx/include/mlx/primitives.h:1152:3: warning: unused parameter 'other' [-Wunused-parameter]
warning: mlx-sys@0.2.0:  1152 |   DEFINE_DEFAULT_IS_EQUIVALENT()
warning: mlx-sys@0.2.0:       |   ^
warning: mlx-sys@0.2.0: /Users/xin/.local/mlx/include/mlx/primitives.h:36:39: note: expanded from macro 'DEFINE_DEFAULT_IS_EQUIVALENT'
warning: mlx-sys@0.2.0:    36 |   bool is_equivalent(const Primitive& other) const override { \
warning: mlx-sys@0.2.0:       |                                       ^
warning: mlx-sys@0.2.0: /Users/xin/.local/mlx/include/mlx/primitives.h:1211:3: warning: unused parameter 'other' [-Wunused-parameter]
warning: mlx-sys@0.2.0:  1211 |   DEFINE_DEFAULT_IS_EQUIVALENT()
warning: mlx-sys@0.2.0:       |   ^
warning: mlx-sys@0.2.0: /Users/xin/.local/mlx/include/mlx/primitives.h:36:39: note: expanded from macro 'DEFINE_DEFAULT_IS_EQUIVALENT'
warning: mlx-sys@0.2.0:    36 |   bool is_equivalent(const Primitive& other) const override { \
warning: mlx-sys@0.2.0:       |                                       ^
warning: mlx-sys@0.2.0: /Users/xin/.local/mlx/include/mlx/primitives.h:1225:3: warning: unused parameter 'other' [-Wunused-parameter]
warning: mlx-sys@0.2.0:  1225 |   DEFINE_DEFAULT_IS_EQUIVALENT()
warning: mlx-sys@0.2.0:       |   ^
warning: mlx-sys@0.2.0: /Users/xin/.local/mlx/include/mlx/primitives.h:36:39: note: expanded from macro 'DEFINE_DEFAULT_IS_EQUIVALENT'
warning: mlx-sys@0.2.0:    36 |   bool is_equivalent(const Primitive& other) const override { \
warning: mlx-sys@0.2.0:       |                                       ^
warning: mlx-sys@0.2.0: /Users/xin/.local/mlx/include/mlx/primitives.h:1261:3: warning: unused parameter 'other' [-Wunused-parameter]
warning: mlx-sys@0.2.0:  1261 |   DEFINE_DEFAULT_IS_EQUIVALENT()
warning: mlx-sys@0.2.0:       |   ^
warning: mlx-sys@0.2.0: /Users/xin/.local/mlx/include/mlx/primitives.h:36:39: note: expanded from macro 'DEFINE_DEFAULT_IS_EQUIVALENT'
warning: mlx-sys@0.2.0:    36 |   bool is_equivalent(const Primitive& other) const override { \
warning: mlx-sys@0.2.0:       |                                       ^
warning: mlx-sys@0.2.0: /Users/xin/.local/mlx/include/mlx/primitives.h:1275:3: warning: unused parameter 'other' [-Wunused-parameter]
warning: mlx-sys@0.2.0:  1275 |   DEFINE_DEFAULT_IS_EQUIVALENT()
warning: mlx-sys@0.2.0:       |   ^
warning: mlx-sys@0.2.0: /Users/xin/.local/mlx/include/mlx/primitives.h:36:39: note: expanded from macro 'DEFINE_DEFAULT_IS_EQUIVALENT'
warning: mlx-sys@0.2.0:    36 |   bool is_equivalent(const Primitive& other) const override { \
warning: mlx-sys@0.2.0:       |                                       ^
warning: mlx-sys@0.2.0: /Users/xin/.local/mlx/include/mlx/primitives.h:1289:3: warning: unused parameter 'other' [-Wunused-parameter]
warning: mlx-sys@0.2.0:  1289 |   DEFINE_DEFAULT_IS_EQUIVALENT()
warning: mlx-sys@0.2.0:       |   ^
warning: mlx-sys@0.2.0: /Users/xin/.local/mlx/include/mlx/primitives.h:36:39: note: expanded from macro 'DEFINE_DEFAULT_IS_EQUIVALENT'
warning: mlx-sys@0.2.0:    36 |   bool is_equivalent(const Primitive& other) const override { \
warning: mlx-sys@0.2.0:       |                                       ^
warning: mlx-sys@0.2.0: /Users/xin/.local/mlx/include/mlx/primitives.h:1328:3: warning: unused parameter 'other' [-Wunused-parameter]
warning: mlx-sys@0.2.0:  1328 |   DEFINE_DEFAULT_IS_EQUIVALENT()
warning: mlx-sys@0.2.0:       |   ^
warning: mlx-sys@0.2.0: /Users/xin/.local/mlx/include/mlx/primitives.h:36:39: note: expanded from macro 'DEFINE_DEFAULT_IS_EQUIVALENT'
warning: mlx-sys@0.2.0:    36 |   bool is_equivalent(const Primitive& other) const override { \
warning: mlx-sys@0.2.0:       |                                       ^
warning: mlx-sys@0.2.0: /Users/xin/.local/mlx/include/mlx/primitives.h:1374:3: warning: unused parameter 'other' [-Wunused-parameter]
warning: mlx-sys@0.2.0:  1374 |   DEFINE_DEFAULT_IS_EQUIVALENT()
warning: mlx-sys@0.2.0:       |   ^
warning: mlx-sys@0.2.0: /Users/xin/.local/mlx/include/mlx/primitives.h:36:39: note: expanded from macro 'DEFINE_DEFAULT_IS_EQUIVALENT'
warning: mlx-sys@0.2.0:    36 |   bool is_equivalent(const Primitive& other) const override { \
warning: mlx-sys@0.2.0:       |                                       ^
warning: mlx-sys@0.2.0: /Users/xin/.local/mlx/include/mlx/primitives.h:1388:3: warning: unused parameter 'other' [-Wunused-parameter]
warning: mlx-sys@0.2.0:  1388 |   DEFINE_DEFAULT_IS_EQUIVALENT()
warning: mlx-sys@0.2.0:       |   ^
warning: mlx-sys@0.2.0: /Users/xin/.local/mlx/include/mlx/primitives.h:36:39: note: expanded from macro 'DEFINE_DEFAULT_IS_EQUIVALENT'
warning: mlx-sys@0.2.0:    36 |   bool is_equivalent(const Primitive& other) const override { \
warning: mlx-sys@0.2.0:       |                                       ^
warning: mlx-sys@0.2.0: /Users/xin/.local/mlx/include/mlx/primitives.h:1402:3: warning: unused parameter 'other' [-Wunused-parameter]
warning: mlx-sys@0.2.0:  1402 |   DEFINE_DEFAULT_IS_EQUIVALENT()
warning: mlx-sys@0.2.0:       |   ^
warning: mlx-sys@0.2.0: /Users/xin/.local/mlx/include/mlx/primitives.h:36:39: note: expanded from macro 'DEFINE_DEFAULT_IS_EQUIVALENT'
warning: mlx-sys@0.2.0:    36 |   bool is_equivalent(const Primitive& other) const override { \
warning: mlx-sys@0.2.0:       |                                       ^
warning: mlx-sys@0.2.0: /Users/xin/.local/mlx/include/mlx/primitives.h:1416:3: warning: unused parameter 'other' [-Wunused-parameter]
warning: mlx-sys@0.2.0:  1416 |   DEFINE_DEFAULT_IS_EQUIVALENT()
warning: mlx-sys@0.2.0:       |   ^
warning: mlx-sys@0.2.0: /Users/xin/.local/mlx/include/mlx/primitives.h:36:39: note: expanded from macro 'DEFINE_DEFAULT_IS_EQUIVALENT'
warning: mlx-sys@0.2.0:    36 |   bool is_equivalent(const Primitive& other) const override { \
warning: mlx-sys@0.2.0:       |                                       ^
warning: mlx-sys@0.2.0: /Users/xin/.local/mlx/include/mlx/primitives.h:1430:3: warning: unused parameter 'other' [-Wunused-parameter]
warning: mlx-sys@0.2.0:  1430 |   DEFINE_DEFAULT_IS_EQUIVALENT()
warning: mlx-sys@0.2.0:       |   ^
warning: mlx-sys@0.2.0: /Users/xin/.local/mlx/include/mlx/primitives.h:36:39: note: expanded from macro 'DEFINE_DEFAULT_IS_EQUIVALENT'
warning: mlx-sys@0.2.0:    36 |   bool is_equivalent(const Primitive& other) const override { \
warning: mlx-sys@0.2.0:       |                                       ^
warning: mlx-sys@0.2.0: /Users/xin/.local/mlx/include/mlx/primitives.h:1444:3: warning: unused parameter 'other' [-Wunused-parameter]
warning: mlx-sys@0.2.0:  1444 |   DEFINE_DEFAULT_IS_EQUIVALENT()
warning: mlx-sys@0.2.0:       |   ^
warning: mlx-sys@0.2.0: /Users/xin/.local/mlx/include/mlx/primitives.h:36:39: note: expanded from macro 'DEFINE_DEFAULT_IS_EQUIVALENT'
warning: mlx-sys@0.2.0:    36 |   bool is_equivalent(const Primitive& other) const override { \
warning: mlx-sys@0.2.0:       |                                       ^
warning: mlx-sys@0.2.0: /Users/xin/.local/mlx/include/mlx/primitives.h:1458:3: warning: unused parameter 'other' [-Wunused-parameter]
warning: mlx-sys@0.2.0:  1458 |   DEFINE_DEFAULT_IS_EQUIVALENT()
warning: mlx-sys@0.2.0:       |   ^
warning: mlx-sys@0.2.0: /Users/xin/.local/mlx/include/mlx/primitives.h:36:39: note: expanded from macro 'DEFINE_DEFAULT_IS_EQUIVALENT'
warning: mlx-sys@0.2.0:    36 |   bool is_equivalent(const Primitive& other) const override { \
warning: mlx-sys@0.2.0:       |                                       ^
warning: mlx-sys@0.2.0: /Users/xin/.local/mlx/include/mlx/primitives.h:1472:3: warning: unused parameter 'other' [-Wunused-parameter]
warning: mlx-sys@0.2.0:  1472 |   DEFINE_DEFAULT_IS_EQUIVALENT()
warning: mlx-sys@0.2.0:       |   ^
warning: mlx-sys@0.2.0: /Users/xin/.local/mlx/include/mlx/primitives.h:36:39: note: expanded from macro 'DEFINE_DEFAULT_IS_EQUIVALENT'
warning: mlx-sys@0.2.0:    36 |   bool is_equivalent(const Primitive& other) const override { \
warning: mlx-sys@0.2.0:       |                                       ^
warning: mlx-sys@0.2.0: /Users/xin/.local/mlx/include/mlx/primitives.h:1486:3: warning: unused parameter 'other' [-Wunused-parameter]
warning: mlx-sys@0.2.0:  1486 |   DEFINE_DEFAULT_IS_EQUIVALENT()
warning: mlx-sys@0.2.0:       |   ^
warning: mlx-sys@0.2.0: /Users/xin/.local/mlx/include/mlx/primitives.h:36:39: note: expanded from macro 'DEFINE_DEFAULT_IS_EQUIVALENT'
warning: mlx-sys@0.2.0:    36 |   bool is_equivalent(const Primitive& other) const override { \
warning: mlx-sys@0.2.0:       |                                       ^
warning: mlx-sys@0.2.0: /Users/xin/.local/mlx/include/mlx/primitives.h:1500:3: warning: unused parameter 'other' [-Wunused-parameter]
warning: mlx-sys@0.2.0:  1500 |   DEFINE_DEFAULT_IS_EQUIVALENT()
warning: mlx-sys@0.2.0:       |   ^
warning: mlx-sys@0.2.0: /Users/xin/.local/mlx/include/mlx/primitives.h:36:39: note: expanded from macro 'DEFINE_DEFAULT_IS_EQUIVALENT'
warning: mlx-sys@0.2.0:    36 |   bool is_equivalent(const Primitive& other) const override { \
warning: mlx-sys@0.2.0:       |                                       ^
warning: mlx-sys@0.2.0: /Users/xin/.local/mlx/include/mlx/primitives.h:1514:3: warning: unused parameter 'other' [-Wunused-parameter]
warning: mlx-sys@0.2.0:  1514 |   DEFINE_DEFAULT_IS_EQUIVALENT()
warning: mlx-sys@0.2.0:       |   ^
warning: mlx-sys@0.2.0: /Users/xin/.local/mlx/include/mlx/primitives.h:36:39: note: expanded from macro 'DEFINE_DEFAULT_IS_EQUIVALENT'
warning: mlx-sys@0.2.0:    36 |   bool is_equivalent(const Primitive& other) const override { \
warning: mlx-sys@0.2.0:       |                                       ^
warning: mlx-sys@0.2.0: /Users/xin/.local/mlx/include/mlx/primitives.h:1536:62: warning: unused parameter 'inputs' [-Wunused-parameter]
warning: mlx-sys@0.2.0:  1536 |   std::vector<Shape> output_shapes(const std::vector<array>& inputs) override {
warning: mlx-sys@0.2.0:       |                                                              ^
warning: mlx-sys@0.2.0: /Users/xin/.local/mlx/include/mlx/primitives.h:1612:3: warning: unused parameter 'other' [-Wunused-parameter]
warning: mlx-sys@0.2.0:  1612 |   DEFINE_DEFAULT_IS_EQUIVALENT()
warning: mlx-sys@0.2.0:       |   ^
warning: mlx-sys@0.2.0: /Users/xin/.local/mlx/include/mlx/primitives.h:36:39: note: expanded from macro 'DEFINE_DEFAULT_IS_EQUIVALENT'
warning: mlx-sys@0.2.0:    36 |   bool is_equivalent(const Primitive& other) const override { \
warning: mlx-sys@0.2.0:       |                                       ^
warning: mlx-sys@0.2.0: /Users/xin/.local/mlx/include/mlx/primitives.h:1796:3: warning: unused parameter 'other' [-Wunused-parameter]
warning: mlx-sys@0.2.0:  1796 |   DEFINE_DEFAULT_IS_EQUIVALENT()
warning: mlx-sys@0.2.0:       |   ^
warning: mlx-sys@0.2.0: /Users/xin/.local/mlx/include/mlx/primitives.h:36:39: note: expanded from macro 'DEFINE_DEFAULT_IS_EQUIVALENT'
warning: mlx-sys@0.2.0:    36 |   bool is_equivalent(const Primitive& other) const override { \
warning: mlx-sys@0.2.0:       |                                       ^
warning: mlx-sys@0.2.0: /Users/xin/.local/mlx/include/mlx/primitives.h:1878:3: warning: unused parameter 'other' [-Wunused-parameter]
warning: mlx-sys@0.2.0:  1878 |   DEFINE_DEFAULT_IS_EQUIVALENT()
warning: mlx-sys@0.2.0:       |   ^
warning: mlx-sys@0.2.0: /Users/xin/.local/mlx/include/mlx/primitives.h:36:39: note: expanded from macro 'DEFINE_DEFAULT_IS_EQUIVALENT'
warning: mlx-sys@0.2.0:    36 |   bool is_equivalent(const Primitive& other) const override { \
warning: mlx-sys@0.2.0:       |                                       ^
warning: mlx-sys@0.2.0: /Users/xin/.local/mlx/include/mlx/primitives.h:2018:3: warning: unused parameter 'other' [-Wunused-parameter]
warning: mlx-sys@0.2.0:  2018 |   DEFINE_DEFAULT_IS_EQUIVALENT();
warning: mlx-sys@0.2.0:       |   ^
warning: mlx-sys@0.2.0: /Users/xin/.local/mlx/include/mlx/primitives.h:36:39: note: expanded from macro 'DEFINE_DEFAULT_IS_EQUIVALENT'
warning: mlx-sys@0.2.0:    36 |   bool is_equivalent(const Primitive& other) const override { \
warning: mlx-sys@0.2.0:       |                                       ^
warning: mlx-sys@0.2.0: /Users/xin/.local/mlx/include/mlx/primitives.h:2032:3: warning: unused parameter 'other' [-Wunused-parameter]
warning: mlx-sys@0.2.0:  2032 |   DEFINE_DEFAULT_IS_EQUIVALENT()
warning: mlx-sys@0.2.0:       |   ^
warning: mlx-sys@0.2.0: /Users/xin/.local/mlx/include/mlx/primitives.h:36:39: note: expanded from macro 'DEFINE_DEFAULT_IS_EQUIVALENT'
warning: mlx-sys@0.2.0:    36 |   bool is_equivalent(const Primitive& other) const override { \
warning: mlx-sys@0.2.0:       |                                       ^
warning: mlx-sys@0.2.0: /Users/xin/.local/mlx/include/mlx/primitives.h:2046:3: warning: unused parameter 'other' [-Wunused-parameter]
warning: mlx-sys@0.2.0:  2046 |   DEFINE_DEFAULT_IS_EQUIVALENT()
warning: mlx-sys@0.2.0:       |   ^
warning: mlx-sys@0.2.0: /Users/xin/.local/mlx/include/mlx/primitives.h:36:39: note: expanded from macro 'DEFINE_DEFAULT_IS_EQUIVALENT'
warning: mlx-sys@0.2.0:    36 |   bool is_equivalent(const Primitive& other) const override { \
warning: mlx-sys@0.2.0:       |                                       ^
warning: mlx-sys@0.2.0: /Users/xin/.local/mlx/include/mlx/primitives.h:2060:3: warning: unused parameter 'other' [-Wunused-parameter]
warning: mlx-sys@0.2.0:  2060 |   DEFINE_DEFAULT_IS_EQUIVALENT()
warning: mlx-sys@0.2.0:       |   ^
warning: mlx-sys@0.2.0: /Users/xin/.local/mlx/include/mlx/primitives.h:36:39: note: expanded from macro 'DEFINE_DEFAULT_IS_EQUIVALENT'
warning: mlx-sys@0.2.0:    36 |   bool is_equivalent(const Primitive& other) const override { \
warning: mlx-sys@0.2.0:       |                                       ^
warning: mlx-sys@0.2.0: /Users/xin/.local/mlx/include/mlx/primitives.h:2074:3: warning: unused parameter 'other' [-Wunused-parameter]
warning: mlx-sys@0.2.0:  2074 |   DEFINE_DEFAULT_IS_EQUIVALENT()
warning: mlx-sys@0.2.0:       |   ^
warning: mlx-sys@0.2.0: /Users/xin/.local/mlx/include/mlx/primitives.h:36:39: note: expanded from macro 'DEFINE_DEFAULT_IS_EQUIVALENT'
warning: mlx-sys@0.2.0:    36 |   bool is_equivalent(const Primitive& other) const override { \
warning: mlx-sys@0.2.0:       |                                       ^
warning: mlx-sys@0.2.0: /Users/xin/.local/mlx/include/mlx/primitives.h:2303:3: warning: unused parameter 'other' [-Wunused-parameter]
warning: mlx-sys@0.2.0:  2303 |   DEFINE_DEFAULT_IS_EQUIVALENT()
warning: mlx-sys@0.2.0:       |   ^
warning: mlx-sys@0.2.0: /Users/xin/.local/mlx/include/mlx/primitives.h:36:39: note: expanded from macro 'DEFINE_DEFAULT_IS_EQUIVALENT'
warning: mlx-sys@0.2.0:    36 |   bool is_equivalent(const Primitive& other) const override { \
warning: mlx-sys@0.2.0:       |                                       ^
warning: mlx-sys@0.2.0: /Users/xin/.local/mlx/include/mlx/primitives.h:2344:3: warning: unused parameter 'other' [-Wunused-parameter]
warning: mlx-sys@0.2.0:  2344 |   DEFINE_DEFAULT_IS_EQUIVALENT()
warning: mlx-sys@0.2.0:       |   ^
warning: mlx-sys@0.2.0: /Users/xin/.local/mlx/include/mlx/primitives.h:36:39: note: expanded from macro 'DEFINE_DEFAULT_IS_EQUIVALENT'
warning: mlx-sys@0.2.0:    36 |   bool is_equivalent(const Primitive& other) const override { \
warning: mlx-sys@0.2.0:       |                                       ^
warning: mlx-sys@0.2.0: /Users/xin/.local/mlx/include/mlx/primitives.h:2361:3: warning: unused parameter 'other' [-Wunused-parameter]
warning: mlx-sys@0.2.0:  2361 |   DEFINE_DEFAULT_IS_EQUIVALENT()
warning: mlx-sys@0.2.0:       |   ^
warning: mlx-sys@0.2.0: /Users/xin/.local/mlx/include/mlx/primitives.h:36:39: note: expanded from macro 'DEFINE_DEFAULT_IS_EQUIVALENT'
warning: mlx-sys@0.2.0:    36 |   bool is_equivalent(const Primitive& other) const override { \
warning: mlx-sys@0.2.0:       |                                       ^
warning: mlx-sys@0.2.0: /Users/xin/.local/mlx/include/mlx/primitives.h:2400:3: warning: unused parameter 'other' [-Wunused-parameter]
warning: mlx-sys@0.2.0:  2400 |   DEFINE_DEFAULT_IS_EQUIVALENT()
warning: mlx-sys@0.2.0:       |   ^
warning: mlx-sys@0.2.0: /Users/xin/.local/mlx/include/mlx/primitives.h:36:39: note: expanded from macro 'DEFINE_DEFAULT_IS_EQUIVALENT'
warning: mlx-sys@0.2.0:    36 |   bool is_equivalent(const Primitive& other) const override { \
warning: mlx-sys@0.2.0:       |                                       ^
warning: mlx-sys@0.2.0: /Users/xin/.local/mlx/include/mlx/primitives.h:2414:3: warning: unused parameter 'other' [-Wunused-parameter]
warning: mlx-sys@0.2.0:  2414 |   DEFINE_DEFAULT_IS_EQUIVALENT()
warning: mlx-sys@0.2.0:       |   ^
warning: mlx-sys@0.2.0: /Users/xin/.local/mlx/include/mlx/primitives.h:36:39: note: expanded from macro 'DEFINE_DEFAULT_IS_EQUIVALENT'
warning: mlx-sys@0.2.0:    36 |   bool is_equivalent(const Primitive& other) const override { \
warning: mlx-sys@0.2.0:       |                                       ^
warning: mlx-sys@0.2.0: In file included from shim/src/prefill_masked_softmax.cc:13:
warning: mlx-sys@0.2.0: In file included from /Users/xin/.local/mlx/include/mlx/fast_primitives.h:7:
warning: mlx-sys@0.2.0: /Users/xin/.local/mlx/include/mlx/primitives.h:108:47: warning: unused parameter 'other' [-Wunused-parameter]
warning: mlx-sys@0.2.0:   108 |   virtual bool is_equivalent(const Primitive& other) const {
warning: mlx-sys@0.2.0:       |                                               ^
warning: mlx-sys@0.2.0: /Users/xin/.local/mlx/include/mlx/primitives.h:172:3: warning: unused parameter 'other' [-Wunused-parameter]
warning: mlx-sys@0.2.0:   172 |   DEFINE_DEFAULT_IS_EQUIVALENT()
warning: mlx-sys@0.2.0:       |   ^
warning: mlx-sys@0.2.0: /Users/xin/.local/mlx/include/mlx/primitives.h:36:39: note: expanded from macro 'DEFINE_DEFAULT_IS_EQUIVALENT'
warning: mlx-sys@0.2.0:    36 |   bool is_equivalent(const Primitive& other) const override { \
warning: mlx-sys@0.2.0:       |                                       ^
warning: mlx-sys@0.2.0: /Users/xin/.local/mlx/include/mlx/primitives.h:186:3: warning: unused parameter 'other' [-Wunused-parameter]
warning: mlx-sys@0.2.0:   186 |   DEFINE_DEFAULT_IS_EQUIVALENT()
warning: mlx-sys@0.2.0:       |   ^
warning: mlx-sys@0.2.0: /Users/xin/.local/mlx/include/mlx/primitives.h:36:39: note: expanded from macro 'DEFINE_DEFAULT_IS_EQUIVALENT'
warning: mlx-sys@0.2.0:    36 |   bool is_equivalent(const Primitive& other) const override { \
warning: mlx-sys@0.2.0:       |                                       ^
warning: mlx-sys@0.2.0: /Users/xin/.local/mlx/include/mlx/primitives.h:244:3: warning: unused parameter 'other' [-Wunused-parameter]
warning: mlx-sys@0.2.0:   244 |   DEFINE_DEFAULT_IS_EQUIVALENT()
warning: mlx-sys@0.2.0:       |   ^
warning: mlx-sys@0.2.0: /Users/xin/.local/mlx/include/mlx/primitives.h:36:39: note: expanded from macro 'DEFINE_DEFAULT_IS_EQUIVALENT'
warning: mlx-sys@0.2.0:    36 |   bool is_equivalent(const Primitive& other) const override { \
warning: mlx-sys@0.2.0:       |                                       ^
warning: mlx-sys@0.2.0: /Users/xin/.local/mlx/include/mlx/primitives.h:258:3: warning: unused parameter 'other' [-Wunused-parameter]
warning: mlx-sys@0.2.0:   258 |   DEFINE_DEFAULT_IS_EQUIVALENT()
warning: mlx-sys@0.2.0:       |   ^
warning: mlx-sys@0.2.0: /Users/xin/.local/mlx/include/mlx/primitives.h:36:39: note: expanded from macro 'DEFINE_DEFAULT_IS_EQUIVALENT'
warning: mlx-sys@0.2.0:    36 |   bool is_equivalent(const Primitive& other) const override { \
warning: mlx-sys@0.2.0:       |                                       ^
warning: mlx-sys@0.2.0: /Users/xin/.local/mlx/include/mlx/primitives.h:272:3: warning: unused parameter 'other' [-Wunused-parameter]
warning: mlx-sys@0.2.0:   272 |   DEFINE_DEFAULT_IS_EQUIVALENT()
warning: mlx-sys@0.2.0:       |   ^
warning: mlx-sys@0.2.0: /Users/xin/.local/mlx/include/mlx/primitives.h:36:39: note: expanded from macro 'DEFINE_DEFAULT_IS_EQUIVALENT'
warning: mlx-sys@0.2.0:    36 |   bool is_equivalent(const Primitive& other) const override { \
warning: mlx-sys@0.2.0:       |                                       ^
warning: mlx-sys@0.2.0: /Users/xin/.local/mlx/include/mlx/primitives.h:286:3: warning: unused parameter 'other' [-Wunused-parameter]
warning: mlx-sys@0.2.0:   286 |   DEFINE_DEFAULT_IS_EQUIVALENT()
warning: mlx-sys@0.2.0:       |   ^
warning: mlx-sys@0.2.0: /Users/xin/.local/mlx/include/mlx/primitives.h:36:39: note: expanded from macro 'DEFINE_DEFAULT_IS_EQUIVALENT'
warning: mlx-sys@0.2.0:    36 |   bool is_equivalent(const Primitive& other) const override { \
warning: mlx-sys@0.2.0:       |                                       ^
warning: mlx-sys@0.2.0: /Users/xin/.local/mlx/include/mlx/primitives.h:300:3: warning: unused parameter 'other' [-Wunused-parameter]
warning: mlx-sys@0.2.0:   300 |   DEFINE_DEFAULT_IS_EQUIVALENT()
warning: mlx-sys@0.2.0:       |   ^
warning: mlx-sys@0.2.0: /Users/xin/.local/mlx/include/mlx/primitives.h:36:39: note: expanded from macro 'DEFINE_DEFAULT_IS_EQUIVALENT'
warning: mlx-sys@0.2.0:    36 |   bool is_equivalent(const Primitive& other) const override { \
warning: mlx-sys@0.2.0:       |                                       ^
warning: mlx-sys@0.2.0: /Users/xin/.local/mlx/include/mlx/primitives.h:314:3: warning: unused parameter 'other' [-Wunused-parameter]
warning: mlx-sys@0.2.0:   314 |   DEFINE_DEFAULT_IS_EQUIVALENT()
warning: mlx-sys@0.2.0:       |   ^
warning: mlx-sys@0.2.0: /Users/xin/.local/mlx/include/mlx/primitives.h:36:39: note: expanded from macro 'DEFINE_DEFAULT_IS_EQUIVALENT'
warning: mlx-sys@0.2.0:    36 |   bool is_equivalent(const Primitive& other) const override { \
warning: mlx-sys@0.2.0:       |                                       ^
warning: mlx-sys@0.2.0: /Users/xin/.local/mlx/include/mlx/primitives.h:328:3: warning: unused parameter 'other' [-Wunused-parameter]
warning: mlx-sys@0.2.0:   328 |   DEFINE_DEFAULT_IS_EQUIVALENT()
warning: mlx-sys@0.2.0:       |   ^
warning: mlx-sys@0.2.0: /Users/xin/.local/mlx/include/mlx/primitives.h:36:39: note: expanded from macro 'DEFINE_DEFAULT_IS_EQUIVALENT'
warning: mlx-sys@0.2.0:    36 |   bool is_equivalent(const Primitive& other) const override { \
warning: mlx-sys@0.2.0:       |                                       ^
warning: mlx-sys@0.2.0: /Users/xin/.local/mlx/include/mlx/primitives.h:497:3: warning: unused parameter 'other' [-Wunused-parameter]
warning: mlx-sys@0.2.0:   497 |   DEFINE_DEFAULT_IS_EQUIVALENT()
warning: mlx-sys@0.2.0:       |   ^
warning: mlx-sys@0.2.0: /Users/xin/.local/mlx/include/mlx/primitives.h:36:39: note: expanded from macro 'DEFINE_DEFAULT_IS_EQUIVALENT'
warning: mlx-sys@0.2.0:    36 |   bool is_equivalent(const Primitive& other) const override { \
warning: mlx-sys@0.2.0:       |                                       ^
warning: mlx-sys@0.2.0: /Users/xin/.local/mlx/include/mlx/primitives.h:625:3: warning: unused parameter 'other' [-Wunused-parameter]
warning: mlx-sys@0.2.0:   625 |   DEFINE_DEFAULT_IS_EQUIVALENT()
warning: mlx-sys@0.2.0:       |   ^
warning: mlx-sys@0.2.0: /Users/xin/.local/mlx/include/mlx/primitives.h:36:39: note: expanded from macro 'DEFINE_DEFAULT_IS_EQUIVALENT'
warning: mlx-sys@0.2.0:    36 |   bool is_equivalent(const Primitive& other) const override { \
warning: mlx-sys@0.2.0:       |                                       ^
warning: mlx-sys@0.2.0: /Users/xin/.local/mlx/include/mlx/primitives.h:704:3: warning: unused parameter 'other' [-Wunused-parameter]
warning: mlx-sys@0.2.0:   704 |   DEFINE_DEFAULT_IS_EQUIVALENT()
warning: mlx-sys@0.2.0:       |   ^
warning: mlx-sys@0.2.0: /Users/xin/.local/mlx/include/mlx/primitives.h:36:39: note: expanded from macro 'DEFINE_DEFAULT_IS_EQUIVALENT'
warning: mlx-sys@0.2.0:    36 |   bool is_equivalent(const Primitive& other) const override { \
warning: mlx-sys@0.2.0:       |                                       ^
warning: mlx-sys@0.2.0: /Users/xin/.local/mlx/include/mlx/primitives.h:800:3: warning: unused parameter 'other' [-Wunused-parameter]
warning: mlx-sys@0.2.0:   800 |   DEFINE_DEFAULT_IS_EQUIVALENT()
warning: mlx-sys@0.2.0:       |   ^
warning: mlx-sys@0.2.0: /Users/xin/.local/mlx/include/mlx/primitives.h:36:39: note: expanded from macro 'DEFINE_DEFAULT_IS_EQUIVALENT'
warning: mlx-sys@0.2.0:    36 |   bool is_equivalent(const Primitive& other) const override { \
warning: mlx-sys@0.2.0:       |                                       ^
warning: mlx-sys@0.2.0: /Users/xin/.local/mlx/include/mlx/primitives.h:817:3: warning: unused parameter 'other' [-Wunused-parameter]
warning: mlx-sys@0.2.0:   817 |   DEFINE_DEFAULT_IS_EQUIVALENT()
warning: mlx-sys@0.2.0:       |   ^
warning: mlx-sys@0.2.0: /Users/xin/.local/mlx/include/mlx/primitives.h:36:39: note: expanded from macro 'DEFINE_DEFAULT_IS_EQUIVALENT'
warning: mlx-sys@0.2.0:    36 |   bool is_equivalent(const Primitive& other) const override { \
warning: mlx-sys@0.2.0:       |                                       ^
warning: mlx-sys@0.2.0: /Users/xin/.local/mlx/include/mlx/primitives.h:831:3: warning: unused parameter 'other' [-Wunused-parameter]
warning: mlx-sys@0.2.0:   831 |   DEFINE_DEFAULT_IS_EQUIVALENT()
warning: mlx-sys@0.2.0:       |   ^
warning: mlx-sys@0.2.0: /Users/xin/.local/mlx/include/mlx/primitives.h:36:39: note: expanded from macro 'DEFINE_DEFAULT_IS_EQUIVALENT'
warning: mlx-sys@0.2.0:    36 |   bool is_equivalent(const Primitive& other) const override { \
warning: mlx-sys@0.2.0:       |                                       ^
warning: mlx-sys@0.2.0: /Users/xin/.local/mlx/include/mlx/primitives.h:918:3: warning: unused parameter 'other' [-Wunused-parameter]
warning: mlx-sys@0.2.0:   918 |   DEFINE_DEFAULT_IS_EQUIVALENT()
warning: mlx-sys@0.2.0:       |   ^
warning: mlx-sys@0.2.0: /Users/xin/.local/mlx/include/mlx/primitives.h:36:39: note: expanded from macro 'DEFINE_DEFAULT_IS_EQUIVALENT'
warning: mlx-sys@0.2.0:    36 |   bool is_equivalent(const Primitive& other) const override { \
warning: mlx-sys@0.2.0:       |                                       ^
warning: mlx-sys@0.2.0: /Users/xin/.local/mlx/include/mlx/primitives.h:934:3: warning: unused parameter 'other' [-Wunused-parameter]
warning: mlx-sys@0.2.0:   934 |   DEFINE_DEFAULT_IS_EQUIVALENT()
warning: mlx-sys@0.2.0:       |   ^
warning: mlx-sys@0.2.0: /Users/xin/.local/mlx/include/mlx/primitives.h:36:39: note: expanded from macro 'DEFINE_DEFAULT_IS_EQUIVALENT'
warning: mlx-sys@0.2.0:    36 |   bool is_equivalent(const Primitive& other) const override { \
warning: mlx-sys@0.2.0:       |                                       ^
warning: mlx-sys@0.2.0: /Users/xin/.local/mlx/include/mlx/primitives.h:950:3: warning: unused parameter 'other' [-Wunused-parameter]
warning: mlx-sys@0.2.0:   950 |   DEFINE_DEFAULT_IS_EQUIVALENT()
warning: mlx-sys@0.2.0:       |   ^
warning: mlx-sys@0.2.0: /Users/xin/.local/mlx/include/mlx/primitives.h:36:39: note: expanded from macro 'DEFINE_DEFAULT_IS_EQUIVALENT'
warning: mlx-sys@0.2.0:    36 |   bool is_equivalent(const Primitive& other) const override { \
warning: mlx-sys@0.2.0:       |                                       ^
warning: mlx-sys@0.2.0: /Users/xin/.local/mlx/include/mlx/primitives.h:964:3: warning: unused parameter 'other' [-Wunused-parameter]
warning: mlx-sys@0.2.0:   964 |   DEFINE_DEFAULT_IS_EQUIVALENT()
warning: mlx-sys@0.2.0:       |   ^
warning: mlx-sys@0.2.0: /Users/xin/.local/mlx/include/mlx/primitives.h:36:39: note: expanded from macro 'DEFINE_DEFAULT_IS_EQUIVALENT'
warning: mlx-sys@0.2.0:    36 |   bool is_equivalent(const Primitive& other) const override { \
warning: mlx-sys@0.2.0:       |                                       ^
warning: mlx-sys@0.2.0: /Users/xin/.local/mlx/include/mlx/primitives.h:978:3: warning: unused parameter 'other' [-Wunused-parameter]
warning: mlx-sys@0.2.0:   978 |   DEFINE_DEFAULT_IS_EQUIVALENT()
warning: mlx-sys@0.2.0:       |   ^
warning: mlx-sys@0.2.0: /Users/xin/.local/mlx/include/mlx/primitives.h:36:39: note: expanded from macro 'DEFINE_DEFAULT_IS_EQUIVALENT'
warning: mlx-sys@0.2.0:    36 |   bool is_equivalent(const Primitive& other) const override { \
warning: mlx-sys@0.2.0:       |                                       ^
warning: mlx-sys@0.2.0: /Users/xin/.local/mlx/include/mlx/primitives.h:1006:3: warning: unused parameter 'other' [-Wunused-parameter]
warning: mlx-sys@0.2.0:  1006 |   DEFINE_DEFAULT_IS_EQUIVALENT()
warning: mlx-sys@0.2.0:       |   ^
warning: mlx-sys@0.2.0: /Users/xin/.local/mlx/include/mlx/primitives.h:36:39: note: expanded from macro 'DEFINE_DEFAULT_IS_EQUIVALENT'
warning: mlx-sys@0.2.0:    36 |   bool is_equivalent(const Primitive& other) const override { \
warning: mlx-sys@0.2.0:       |                                       ^
warning: mlx-sys@0.2.0: /Users/xin/.local/mlx/include/mlx/primitives.h:1020:3: warning: unused parameter 'other' [-Wunused-parameter]
warning: mlx-sys@0.2.0:  1020 |   DEFINE_DEFAULT_IS_EQUIVALENT()
warning: mlx-sys@0.2.0:       |   ^
warning: mlx-sys@0.2.0: /Users/xin/.local/mlx/include/mlx/primitives.h:36:39: note: expanded from macro 'DEFINE_DEFAULT_IS_EQUIVALENT'
warning: mlx-sys@0.2.0:    36 |   bool is_equivalent(const Primitive& other) const override { \
warning: mlx-sys@0.2.0:       |                                       ^
warning: mlx-sys@0.2.0: /Users/xin/.local/mlx/include/mlx/primitives.h:1034:3: warning: unused parameter 'other' [-Wunused-parameter]
warning: mlx-sys@0.2.0:  1034 |   DEFINE_DEFAULT_IS_EQUIVALENT()
warning: mlx-sys@0.2.0:       |   ^
warning: mlx-sys@0.2.0: /Users/xin/.local/mlx/include/mlx/primitives.h:36:39: note: expanded from macro 'DEFINE_DEFAULT_IS_EQUIVALENT'
warning: mlx-sys@0.2.0:    36 |   bool is_equivalent(const Primitive& other) const override { \
warning: mlx-sys@0.2.0:       |                                       ^
warning: mlx-sys@0.2.0: /Users/xin/.local/mlx/include/mlx/primitives.h:1138:3: warning: unused parameter 'other' [-Wunused-parameter]
warning: mlx-sys@0.2.0:  1138 |   DEFINE_DEFAULT_IS_EQUIVALENT()
warning: mlx-sys@0.2.0:       |   ^
warning: mlx-sys@0.2.0: /Users/xin/.local/mlx/include/mlx/primitives.h:36:39: note: expanded from macro 'DEFINE_DEFAULT_IS_EQUIVALENT'
warning: mlx-sys@0.2.0:    36 |   bool is_equivalent(const Primitive& other) const override { \
warning: mlx-sys@0.2.0:       |                                       ^
warning: mlx-sys@0.2.0: /Users/xin/.local/mlx/include/mlx/primitives.h:1152:3: warning: unused parameter 'other' [-Wunused-parameter]
warning: mlx-sys@0.2.0:  1152 |   DEFINE_DEFAULT_IS_EQUIVALENT()
warning: mlx-sys@0.2.0:       |   ^
warning: mlx-sys@0.2.0: /Users/xin/.local/mlx/include/mlx/primitives.h:36:39: note: expanded from macro 'DEFINE_DEFAULT_IS_EQUIVALENT'
warning: mlx-sys@0.2.0:    36 |   bool is_equivalent(const Primitive& other) const override { \
warning: mlx-sys@0.2.0:       |                                       ^
warning: mlx-sys@0.2.0: /Users/xin/.local/mlx/include/mlx/primitives.h:1211:3: warning: unused parameter 'other' [-Wunused-parameter]
warning: mlx-sys@0.2.0:  1211 |   DEFINE_DEFAULT_IS_EQUIVALENT()
warning: mlx-sys@0.2.0:       |   ^
warning: mlx-sys@0.2.0: /Users/xin/.local/mlx/include/mlx/primitives.h:36:39: note: expanded from macro 'DEFINE_DEFAULT_IS_EQUIVALENT'
warning: mlx-sys@0.2.0:    36 |   bool is_equivalent(const Primitive& other) const override { \
warning: mlx-sys@0.2.0:       |                                       ^
warning: mlx-sys@0.2.0: /Users/xin/.local/mlx/include/mlx/primitives.h:1225:3: warning: unused parameter 'other' [-Wunused-parameter]
warning: mlx-sys@0.2.0:  1225 |   DEFINE_DEFAULT_IS_EQUIVALENT()
warning: mlx-sys@0.2.0:       |   ^
warning: mlx-sys@0.2.0: /Users/xin/.local/mlx/include/mlx/primitives.h:36:39: note: expanded from macro 'DEFINE_DEFAULT_IS_EQUIVALENT'
warning: mlx-sys@0.2.0:    36 |   bool is_equivalent(const Primitive& other) const override { \
warning: mlx-sys@0.2.0:       |                                       ^
warning: mlx-sys@0.2.0: /Users/xin/.local/mlx/include/mlx/primitives.h:1261:3: warning: unused parameter 'other' [-Wunused-parameter]
warning: mlx-sys@0.2.0:  1261 |   DEFINE_DEFAULT_IS_EQUIVALENT()
warning: mlx-sys@0.2.0:       |   ^
warning: mlx-sys@0.2.0: /Users/xin/.local/mlx/include/mlx/primitives.h:36:39: note: expanded from macro 'DEFINE_DEFAULT_IS_EQUIVALENT'
warning: mlx-sys@0.2.0:    36 |   bool is_equivalent(const Primitive& other) const override { \
warning: mlx-sys@0.2.0:       |                                       ^
warning: mlx-sys@0.2.0: /Users/xin/.local/mlx/include/mlx/primitives.h:1275:3: warning: unused parameter 'other' [-Wunused-parameter]
warning: mlx-sys@0.2.0:  1275 |   DEFINE_DEFAULT_IS_EQUIVALENT()
warning: mlx-sys@0.2.0:       |   ^
warning: mlx-sys@0.2.0: /Users/xin/.local/mlx/include/mlx/primitives.h:36:39: note: expanded from macro 'DEFINE_DEFAULT_IS_EQUIVALENT'
warning: mlx-sys@0.2.0:    36 |   bool is_equivalent(const Primitive& other) const override { \
warning: mlx-sys@0.2.0:       |                                       ^
warning: mlx-sys@0.2.0: /Users/xin/.local/mlx/include/mlx/primitives.h:1289:3: warning: unused parameter 'other' [-Wunused-parameter]
warning: mlx-sys@0.2.0:  1289 |   DEFINE_DEFAULT_IS_EQUIVALENT()
warning: mlx-sys@0.2.0:       |   ^
warning: mlx-sys@0.2.0: /Users/xin/.local/mlx/include/mlx/primitives.h:36:39: note: expanded from macro 'DEFINE_DEFAULT_IS_EQUIVALENT'
warning: mlx-sys@0.2.0:    36 |   bool is_equivalent(const Primitive& other) const override { \
warning: mlx-sys@0.2.0:       |                                       ^
warning: mlx-sys@0.2.0: /Users/xin/.local/mlx/include/mlx/primitives.h:1328:3: warning: unused parameter 'other' [-Wunused-parameter]
warning: mlx-sys@0.2.0:  1328 |   DEFINE_DEFAULT_IS_EQUIVALENT()
warning: mlx-sys@0.2.0:       |   ^
warning: mlx-sys@0.2.0: /Users/xin/.local/mlx/include/mlx/primitives.h:36:39: note: expanded from macro 'DEFINE_DEFAULT_IS_EQUIVALENT'
warning: mlx-sys@0.2.0:    36 |   bool is_equivalent(const Primitive& other) const override { \
warning: mlx-sys@0.2.0:       |                                       ^
warning: mlx-sys@0.2.0: /Users/xin/.local/mlx/include/mlx/primitives.h:1374:3: warning: unused parameter 'other' [-Wunused-parameter]
warning: mlx-sys@0.2.0:  1374 |   DEFINE_DEFAULT_IS_EQUIVALENT()
warning: mlx-sys@0.2.0:       |   ^
warning: mlx-sys@0.2.0: /Users/xin/.local/mlx/include/mlx/primitives.h:36:39: note: expanded from macro 'DEFINE_DEFAULT_IS_EQUIVALENT'
warning: mlx-sys@0.2.0:    36 |   bool is_equivalent(const Primitive& other) const override { \
warning: mlx-sys@0.2.0:       |                                       ^
warning: mlx-sys@0.2.0: /Users/xin/.local/mlx/include/mlx/primitives.h:1388:3: warning: unused parameter 'other' [-Wunused-parameter]
warning: mlx-sys@0.2.0:  1388 |   DEFINE_DEFAULT_IS_EQUIVALENT()
warning: mlx-sys@0.2.0:       |   ^
warning: mlx-sys@0.2.0: /Users/xin/.local/mlx/include/mlx/primitives.h:36:39: note: expanded from macro 'DEFINE_DEFAULT_IS_EQUIVALENT'
warning: mlx-sys@0.2.0:    36 |   bool is_equivalent(const Primitive& other) const override { \
warning: mlx-sys@0.2.0:       |                                       ^
warning: mlx-sys@0.2.0: /Users/xin/.local/mlx/include/mlx/primitives.h:1402:3: warning: unused parameter 'other' [-Wunused-parameter]
warning: mlx-sys@0.2.0:  1402 |   DEFINE_DEFAULT_IS_EQUIVALENT()
warning: mlx-sys@0.2.0:       |   ^
warning: mlx-sys@0.2.0: /Users/xin/.local/mlx/include/mlx/primitives.h:36:39: note: expanded from macro 'DEFINE_DEFAULT_IS_EQUIVALENT'
warning: mlx-sys@0.2.0:    36 |   bool is_equivalent(const Primitive& other) const override { \
warning: mlx-sys@0.2.0:       |                                       ^
warning: mlx-sys@0.2.0: /Users/xin/.local/mlx/include/mlx/primitives.h:1416:3: warning: unused parameter 'other' [-Wunused-parameter]
warning: mlx-sys@0.2.0:  1416 |   DEFINE_DEFAULT_IS_EQUIVALENT()
warning: mlx-sys@0.2.0:       |   ^
warning: mlx-sys@0.2.0: /Users/xin/.local/mlx/include/mlx/primitives.h:36:39: note: expanded from macro 'DEFINE_DEFAULT_IS_EQUIVALENT'
warning: mlx-sys@0.2.0:    36 |   bool is_equivalent(const Primitive& other) const override { \
warning: mlx-sys@0.2.0:       |                                       ^
warning: mlx-sys@0.2.0: /Users/xin/.local/mlx/include/mlx/primitives.h:1430:3: warning: unused parameter 'other' [-Wunused-parameter]
warning: mlx-sys@0.2.0:  1430 |   DEFINE_DEFAULT_IS_EQUIVALENT()
warning: mlx-sys@0.2.0:       |   ^
warning: mlx-sys@0.2.0: /Users/xin/.local/mlx/include/mlx/primitives.h:36:39: note: expanded from macro 'DEFINE_DEFAULT_IS_EQUIVALENT'
warning: mlx-sys@0.2.0:    36 |   bool is_equivalent(const Primitive& other) const override { \
warning: mlx-sys@0.2.0:       |                                       ^
warning: mlx-sys@0.2.0: /Users/xin/.local/mlx/include/mlx/primitives.h:1444:3: warning: unused parameter 'other' [-Wunused-parameter]
warning: mlx-sys@0.2.0:  1444 |   DEFINE_DEFAULT_IS_EQUIVALENT()
warning: mlx-sys@0.2.0:       |   ^
warning: mlx-sys@0.2.0: /Users/xin/.local/mlx/include/mlx/primitives.h:36:39: note: expanded from macro 'DEFINE_DEFAULT_IS_EQUIVALENT'
warning: mlx-sys@0.2.0:    36 |   bool is_equivalent(const Primitive& other) const override { \
warning: mlx-sys@0.2.0:       |                                       ^
warning: mlx-sys@0.2.0: /Users/xin/.local/mlx/include/mlx/primitives.h:1458:3: warning: unused parameter 'other' [-Wunused-parameter]
warning: mlx-sys@0.2.0:  1458 |   DEFINE_DEFAULT_IS_EQUIVALENT()
warning: mlx-sys@0.2.0:       |   ^
warning: mlx-sys@0.2.0: /Users/xin/.local/mlx/include/mlx/primitives.h:36:39: note: expanded from macro 'DEFINE_DEFAULT_IS_EQUIVALENT'
warning: mlx-sys@0.2.0:    36 |   bool is_equivalent(const Primitive& other) const override { \
warning: mlx-sys@0.2.0:       |                                       ^
warning: mlx-sys@0.2.0: /Users/xin/.local/mlx/include/mlx/primitives.h:1472:3: warning: unused parameter 'other' [-Wunused-parameter]
warning: mlx-sys@0.2.0:  1472 |   DEFINE_DEFAULT_IS_EQUIVALENT()
warning: mlx-sys@0.2.0:       |   ^
warning: mlx-sys@0.2.0: /Users/xin/.local/mlx/include/mlx/primitives.h:36:39: note: expanded from macro 'DEFINE_DEFAULT_IS_EQUIVALENT'
warning: mlx-sys@0.2.0:    36 |   bool is_equivalent(const Primitive& other) const override { \
warning: mlx-sys@0.2.0:       |                                       ^
warning: mlx-sys@0.2.0: /Users/xin/.local/mlx/include/mlx/primitives.h:1486:3: warning: unused parameter 'other' [-Wunused-parameter]
warning: mlx-sys@0.2.0:  1486 |   DEFINE_DEFAULT_IS_EQUIVALENT()
warning: mlx-sys@0.2.0:       |   ^
warning: mlx-sys@0.2.0: /Users/xin/.local/mlx/include/mlx/primitives.h:36:39: note: expanded from macro 'DEFINE_DEFAULT_IS_EQUIVALENT'
warning: mlx-sys@0.2.0:    36 |   bool is_equivalent(const Primitive& other) const override { \
warning: mlx-sys@0.2.0:       |                                       ^
warning: mlx-sys@0.2.0: /Users/xin/.local/mlx/include/mlx/primitives.h:1500:3: warning: unused parameter 'other' [-Wunused-parameter]
warning: mlx-sys@0.2.0:  1500 |   DEFINE_DEFAULT_IS_EQUIVALENT()
warning: mlx-sys@0.2.0:       |   ^
warning: mlx-sys@0.2.0: /Users/xin/.local/mlx/include/mlx/primitives.h:36:39: note: expanded from macro 'DEFINE_DEFAULT_IS_EQUIVALENT'
warning: mlx-sys@0.2.0:    36 |   bool is_equivalent(const Primitive& other) const override { \
warning: mlx-sys@0.2.0:       |                                       ^
warning: mlx-sys@0.2.0: /Users/xin/.local/mlx/include/mlx/primitives.h:1514:3: warning: unused parameter 'other' [-Wunused-parameter]
warning: mlx-sys@0.2.0:  1514 |   DEFINE_DEFAULT_IS_EQUIVALENT()
warning: mlx-sys@0.2.0:       |   ^
warning: mlx-sys@0.2.0: /Users/xin/.local/mlx/include/mlx/primitives.h:36:39: note: expanded from macro 'DEFINE_DEFAULT_IS_EQUIVALENT'
warning: mlx-sys@0.2.0:    36 |   bool is_equivalent(const Primitive& other) const override { \
warning: mlx-sys@0.2.0:       |                                       ^
warning: mlx-sys@0.2.0: /Users/xin/.local/mlx/include/mlx/primitives.h:1536:62: warning: unused parameter 'inputs' [-Wunused-parameter]
warning: mlx-sys@0.2.0:  1536 |   std::vector<Shape> output_shapes(const std::vector<array>& inputs) override {
warning: mlx-sys@0.2.0:       |                                                              ^
warning: mlx-sys@0.2.0: /Users/xin/.local/mlx/include/mlx/primitives.h:1612:3: warning: unused parameter 'other' [-Wunused-parameter]
warning: mlx-sys@0.2.0:  1612 |   DEFINE_DEFAULT_IS_EQUIVALENT()
warning: mlx-sys@0.2.0:       |   ^
warning: mlx-sys@0.2.0: /Users/xin/.local/mlx/include/mlx/primitives.h:36:39: note: expanded from macro 'DEFINE_DEFAULT_IS_EQUIVALENT'
warning: mlx-sys@0.2.0:    36 |   bool is_equivalent(const Primitive& other) const override { \
warning: mlx-sys@0.2.0:       |                                       ^
warning: mlx-sys@0.2.0: /Users/xin/.local/mlx/include/mlx/primitives.h:1796:3: warning: unused parameter 'other' [-Wunused-parameter]
warning: mlx-sys@0.2.0:  1796 |   DEFINE_DEFAULT_IS_EQUIVALENT()
warning: mlx-sys@0.2.0:       |   ^
warning: mlx-sys@0.2.0: /Users/xin/.local/mlx/include/mlx/primitives.h:36:39: note: expanded from macro 'DEFINE_DEFAULT_IS_EQUIVALENT'
warning: mlx-sys@0.2.0:    36 |   bool is_equivalent(const Primitive& other) const override { \
warning: mlx-sys@0.2.0:       |                                       ^
warning: mlx-sys@0.2.0: /Users/xin/.local/mlx/include/mlx/primitives.h:1878:3: warning: unused parameter 'other' [-Wunused-parameter]
warning: mlx-sys@0.2.0:  1878 |   DEFINE_DEFAULT_IS_EQUIVALENT()
warning: mlx-sys@0.2.0:       |   ^
warning: mlx-sys@0.2.0: /Users/xin/.local/mlx/include/mlx/primitives.h:36:39: note: expanded from macro 'DEFINE_DEFAULT_IS_EQUIVALENT'
warning: mlx-sys@0.2.0:    36 |   bool is_equivalent(const Primitive& other) const override { \
warning: mlx-sys@0.2.0:       |                                       ^
warning: mlx-sys@0.2.0: /Users/xin/.local/mlx/include/mlx/primitives.h:2018:3: warning: unused parameter 'other' [-Wunused-parameter]
warning: mlx-sys@0.2.0:  2018 |   DEFINE_DEFAULT_IS_EQUIVALENT();
warning: mlx-sys@0.2.0:       |   ^
warning: mlx-sys@0.2.0: /Users/xin/.local/mlx/include/mlx/primitives.h:36:39: note: expanded from macro 'DEFINE_DEFAULT_IS_EQUIVALENT'
warning: mlx-sys@0.2.0:    36 |   bool is_equivalent(const Primitive& other) const override { \
warning: mlx-sys@0.2.0:       |                                       ^
warning: mlx-sys@0.2.0: /Users/xin/.local/mlx/include/mlx/primitives.h:2032:3: warning: unused parameter 'other' [-Wunused-parameter]
warning: mlx-sys@0.2.0:  2032 |   DEFINE_DEFAULT_IS_EQUIVALENT()
warning: mlx-sys@0.2.0:       |   ^
warning: mlx-sys@0.2.0: /Users/xin/.local/mlx/include/mlx/primitives.h:36:39: note: expanded from macro 'DEFINE_DEFAULT_IS_EQUIVALENT'
warning: mlx-sys@0.2.0:    36 |   bool is_equivalent(const Primitive& other) const override { \
warning: mlx-sys@0.2.0:       |                                       ^
warning: mlx-sys@0.2.0: /Users/xin/.local/mlx/include/mlx/primitives.h:2046:3: warning: unused parameter 'other' [-Wunused-parameter]
warning: mlx-sys@0.2.0:  2046 |   DEFINE_DEFAULT_IS_EQUIVALENT()
warning: mlx-sys@0.2.0:       |   ^
warning: mlx-sys@0.2.0: /Users/xin/.local/mlx/include/mlx/primitives.h:36:39: note: expanded from macro 'DEFINE_DEFAULT_IS_EQUIVALENT'
warning: mlx-sys@0.2.0:    36 |   bool is_equivalent(const Primitive& other) const override { \
warning: mlx-sys@0.2.0:       |                                       ^
warning: mlx-sys@0.2.0: /Users/xin/.local/mlx/include/mlx/primitives.h:2060:3: warning: unused parameter 'other' [-Wunused-parameter]
warning: mlx-sys@0.2.0:  2060 |   DEFINE_DEFAULT_IS_EQUIVALENT()
warning: mlx-sys@0.2.0:       |   ^
warning: mlx-sys@0.2.0: /Users/xin/.local/mlx/include/mlx/primitives.h:36:39: note: expanded from macro 'DEFINE_DEFAULT_IS_EQUIVALENT'
warning: mlx-sys@0.2.0:    36 |   bool is_equivalent(const Primitive& other) const override { \
warning: mlx-sys@0.2.0:       |                                       ^
warning: mlx-sys@0.2.0: /Users/xin/.local/mlx/include/mlx/primitives.h:2074:3: warning: unused parameter 'other' [-Wunused-parameter]
warning: mlx-sys@0.2.0:  2074 |   DEFINE_DEFAULT_IS_EQUIVALENT()
warning: mlx-sys@0.2.0:       |   ^
warning: mlx-sys@0.2.0: /Users/xin/.local/mlx/include/mlx/primitives.h:36:39: note: expanded from macro 'DEFINE_DEFAULT_IS_EQUIVALENT'
warning: mlx-sys@0.2.0:    36 |   bool is_equivalent(const Primitive& other) const override { \
warning: mlx-sys@0.2.0:       |                                       ^
warning: mlx-sys@0.2.0: /Users/xin/.local/mlx/include/mlx/primitives.h:2303:3: warning: unused parameter 'other' [-Wunused-parameter]
warning: mlx-sys@0.2.0:  2303 |   DEFINE_DEFAULT_IS_EQUIVALENT()
warning: mlx-sys@0.2.0:       |   ^
warning: mlx-sys@0.2.0: /Users/xin/.local/mlx/include/mlx/primitives.h:36:39: note: expanded from macro 'DEFINE_DEFAULT_IS_EQUIVALENT'
warning: mlx-sys@0.2.0:    36 |   bool is_equivalent(const Primitive& other) const override { \
warning: mlx-sys@0.2.0:       |                                       ^
warning: mlx-sys@0.2.0: /Users/xin/.local/mlx/include/mlx/primitives.h:2344:3: warning: unused parameter 'other' [-Wunused-parameter]
warning: mlx-sys@0.2.0:  2344 |   DEFINE_DEFAULT_IS_EQUIVALENT()
warning: mlx-sys@0.2.0:       |   ^
warning: mlx-sys@0.2.0: /Users/xin/.local/mlx/include/mlx/primitives.h:36:39: note: expanded from macro 'DEFINE_DEFAULT_IS_EQUIVALENT'
warning: mlx-sys@0.2.0:    36 |   bool is_equivalent(const Primitive& other) const override { \
warning: mlx-sys@0.2.0:       |                                       ^
warning: mlx-sys@0.2.0: /Users/xin/.local/mlx/include/mlx/primitives.h:2361:3: warning: unused parameter 'other' [-Wunused-parameter]
warning: mlx-sys@0.2.0:  2361 |   DEFINE_DEFAULT_IS_EQUIVALENT()
warning: mlx-sys@0.2.0:       |   ^
warning: mlx-sys@0.2.0: /Users/xin/.local/mlx/include/mlx/primitives.h:36:39: note: expanded from macro 'DEFINE_DEFAULT_IS_EQUIVALENT'
warning: mlx-sys@0.2.0:    36 |   bool is_equivalent(const Primitive& other) const override { \
warning: mlx-sys@0.2.0:       |                                       ^
warning: mlx-sys@0.2.0: /Users/xin/.local/mlx/include/mlx/primitives.h:2400:3: warning: unused parameter 'other' [-Wunused-parameter]
warning: mlx-sys@0.2.0:  2400 |   DEFINE_DEFAULT_IS_EQUIVALENT()
warning: mlx-sys@0.2.0:       |   ^
warning: mlx-sys@0.2.0: /Users/xin/.local/mlx/include/mlx/primitives.h:36:39: note: expanded from macro 'DEFINE_DEFAULT_IS_EQUIVALENT'
warning: mlx-sys@0.2.0:    36 |   bool is_equivalent(const Primitive& other) const override { \
warning: mlx-sys@0.2.0:       |                                       ^
warning: mlx-sys@0.2.0: /Users/xin/.local/mlx/include/mlx/primitives.h:2414:3: warning: unused parameter 'other' [-Wunused-parameter]
warning: mlx-sys@0.2.0:  2414 |   DEFINE_DEFAULT_IS_EQUIVALENT()
warning: mlx-sys@0.2.0:       |   ^
warning: mlx-sys@0.2.0: /Users/xin/.local/mlx/include/mlx/primitives.h:36:39: note: expanded from macro 'DEFINE_DEFAULT_IS_EQUIVALENT'
warning: mlx-sys@0.2.0:    36 |   bool is_equivalent(const Primitive& other) const override { \
warning: mlx-sys@0.2.0:       |                                       ^
warning: mlx-sys@0.2.0: In file included from shim/src/prefill_masked_softmax.cc:13:
warning: mlx-sys@0.2.0: /Users/xin/.local/mlx/include/mlx/fast_primitives.h:50:43: warning: unused parameter 'inputs' [-Wunused-parameter]
warning: mlx-sys@0.2.0:    50 |   void eval_cpu(const std::vector<array>& inputs, std::vector<array>& outputs)
warning: mlx-sys@0.2.0:       |                                           ^
warning: mlx-sys@0.2.0: /Users/xin/.local/mlx/include/mlx/fast_primitives.h:50:71: warning: unused parameter 'outputs' [-Wunused-parameter]
warning: mlx-sys@0.2.0:    50 |   void eval_cpu(const std::vector<array>& inputs, std::vector<array>& outputs)
warning: mlx-sys@0.2.0:       |                                                                       ^
warning: mlx-sys@0.2.0: /Users/xin/.local/mlx/include/mlx/fast_primitives.h:83:43: warning: unused parameter 'inputs' [-Wunused-parameter]
warning: mlx-sys@0.2.0:    83 |   void eval_cpu(const std::vector<array>& inputs, std::vector<array>& outputs)
warning: mlx-sys@0.2.0:       |                                           ^
warning: mlx-sys@0.2.0: /Users/xin/.local/mlx/include/mlx/fast_primitives.h:83:71: warning: unused parameter 'outputs' [-Wunused-parameter]
warning: mlx-sys@0.2.0:    83 |   void eval_cpu(const std::vector<array>& inputs, std::vector<array>& outputs)
warning: mlx-sys@0.2.0:       |                                                                       ^
warning: mlx-sys@0.2.0: /Users/xin/.local/mlx/include/mlx/fast_primitives.h:110:43: warning: unused parameter 'inputs' [-Wunused-parameter]
warning: mlx-sys@0.2.0:   110 |   void eval_cpu(const std::vector<array>& inputs, std::vector<array>& outputs)
warning: mlx-sys@0.2.0:       |                                           ^
warning: mlx-sys@0.2.0: /Users/xin/.local/mlx/include/mlx/fast_primitives.h:110:71: warning: unused parameter 'outputs' [-Wunused-parameter]
warning: mlx-sys@0.2.0:   110 |   void eval_cpu(const std::vector<array>& inputs, std::vector<array>& outputs)
warning: mlx-sys@0.2.0:       |                                                                       ^
warning: mlx-sys@0.2.0: /Users/xin/.local/mlx/include/mlx/fast_primitives.h:142:43: warning: unused parameter 'inputs' [-Wunused-parameter]
warning: mlx-sys@0.2.0:   142 |   void eval_cpu(const std::vector<array>& inputs, std::vector<array>& outputs)
warning: mlx-sys@0.2.0:       |                                           ^
warning: mlx-sys@0.2.0: /Users/xin/.local/mlx/include/mlx/fast_primitives.h:142:71: warning: unused parameter 'outputs' [-Wunused-parameter]
warning: mlx-sys@0.2.0:   142 |   void eval_cpu(const std::vector<array>& inputs, std::vector<array>& outputs)
warning: mlx-sys@0.2.0:       |                                                                       ^
warning: mlx-sys@0.2.0: /Users/xin/.local/mlx/include/mlx/fast_primitives.h:178:43: warning: unused parameter 'inputs' [-Wunused-parameter]
warning: mlx-sys@0.2.0:   178 |   void eval_cpu(const std::vector<array>& inputs, std::vector<array>& outputs)
warning: mlx-sys@0.2.0:       |                                           ^
warning: mlx-sys@0.2.0: /Users/xin/.local/mlx/include/mlx/fast_primitives.h:178:71: warning: unused parameter 'outputs' [-Wunused-parameter]
warning: mlx-sys@0.2.0:   178 |   void eval_cpu(const std::vector<array>& inputs, std::vector<array>& outputs)
warning: mlx-sys@0.2.0:       |                                                                       ^
warning: mlx-sys@0.2.0: /Users/xin/.local/mlx/include/mlx/fast_primitives.h:237:43: warning: unused parameter 'inputs' [-Wunused-parameter]
warning: mlx-sys@0.2.0:   237 |   void eval_cpu(const std::vector<array>& inputs, std::vector<array>& outputs)
warning: mlx-sys@0.2.0:       |                                           ^
warning: mlx-sys@0.2.0: /Users/xin/.local/mlx/include/mlx/fast_primitives.h:237:71: warning: unused parameter 'outputs' [-Wunused-parameter]
warning: mlx-sys@0.2.0:   237 |   void eval_cpu(const std::vector<array>& inputs, std::vector<array>& outputs)
warning: mlx-sys@0.2.0:       |                                                                       ^
warning: mlx-sys@0.2.0: /Users/xin/.local/mlx/include/mlx/fast_primitives.h:288:43: warning: unused parameter 'inputs' [-Wunused-parameter]
warning: mlx-sys@0.2.0:   288 |   void eval_cpu(const std::vector<array>& inputs, std::vector<array>& outputs)
warning: mlx-sys@0.2.0:       |                                           ^
warning: mlx-sys@0.2.0: /Users/xin/.local/mlx/include/mlx/fast_primitives.h:288:71: warning: unused parameter 'outputs' [-Wunused-parameter]
warning: mlx-sys@0.2.0:   288 |   void eval_cpu(const std::vector<array>& inputs, std::vector<array>& outputs)
warning: mlx-sys@0.2.0:       |                                                                       ^
warning: mlx-sys@0.2.0: /Users/xin/.local/mlx/include/mlx/fast_primitives.h:403:43: warning: unused parameter 'inputs' [-Wunused-parameter]
warning: mlx-sys@0.2.0:   403 |   void eval_cpu(const std::vector<array>& inputs, std::vector<array>& outputs)
warning: mlx-sys@0.2.0:       |                                           ^
warning: mlx-sys@0.2.0: /Users/xin/.local/mlx/include/mlx/fast_primitives.h:403:71: warning: unused parameter 'outputs' [-Wunused-parameter]
warning: mlx-sys@0.2.0:   403 |   void eval_cpu(const std::vector<array>& inputs, std::vector<array>& outputs)
warning: mlx-sys@0.2.0:       |                                                                       ^
warning: mlx-sys@0.2.0: In file included from shim/src/prefill_qmm_mtile.cc:12:
warning: mlx-sys@0.2.0: /Users/xin/.local/mlx/include/mlx/primitives.h:108:47: warning: unused parameter 'other' [-Wunused-parameter]
warning: mlx-sys@0.2.0:   108 |   virtual bool is_equivalent(const Primitive& other) const {
warning: mlx-sys@0.2.0:       |                                               ^
warning: mlx-sys@0.2.0: /Users/xin/.local/mlx/include/mlx/primitives.h:172:3: warning: unused parameter 'other' [-Wunused-parameter]
warning: mlx-sys@0.2.0:   172 |   DEFINE_DEFAULT_IS_EQUIVALENT()
warning: mlx-sys@0.2.0:       |   ^
warning: mlx-sys@0.2.0: /Users/xin/.local/mlx/include/mlx/primitives.h:36:39: note: expanded from macro 'DEFINE_DEFAULT_IS_EQUIVALENT'
warning: mlx-sys@0.2.0:    36 |   bool is_equivalent(const Primitive& other) const override { \
warning: mlx-sys@0.2.0:       |                                       ^
warning: mlx-sys@0.2.0: /Users/xin/.local/mlx/include/mlx/primitives.h:186:3: warning: unused parameter 'other' [-Wunused-parameter]
warning: mlx-sys@0.2.0:   186 |   DEFINE_DEFAULT_IS_EQUIVALENT()
warning: mlx-sys@0.2.0:       |   ^
warning: mlx-sys@0.2.0: /Users/xin/.local/mlx/include/mlx/primitives.h:36:39: note: expanded from macro 'DEFINE_DEFAULT_IS_EQUIVALENT'
warning: mlx-sys@0.2.0:    36 |   bool is_equivalent(const Primitive& other) const override { \
warning: mlx-sys@0.2.0:       |                                       ^
warning: mlx-sys@0.2.0: /Users/xin/.local/mlx/include/mlx/primitives.h:244:3: warning: unused parameter 'other' [-Wunused-parameter]
warning: mlx-sys@0.2.0:   244 |   DEFINE_DEFAULT_IS_EQUIVALENT()
warning: mlx-sys@0.2.0:       |   ^
warning: mlx-sys@0.2.0: /Users/xin/.local/mlx/include/mlx/primitives.h:36:39: note: expanded from macro 'DEFINE_DEFAULT_IS_EQUIVALENT'
warning: mlx-sys@0.2.0:    36 |   bool is_equivalent(const Primitive& other) const override { \
warning: mlx-sys@0.2.0:       |                                       ^
warning: mlx-sys@0.2.0: /Users/xin/.local/mlx/include/mlx/primitives.h:258:3: warning: unused parameter 'other' [-Wunused-parameter]
warning: mlx-sys@0.2.0:   258 |   DEFINE_DEFAULT_IS_EQUIVALENT()
warning: mlx-sys@0.2.0:       |   ^
warning: mlx-sys@0.2.0: /Users/xin/.local/mlx/include/mlx/primitives.h:36:39: note: expanded from macro 'DEFINE_DEFAULT_IS_EQUIVALENT'
warning: mlx-sys@0.2.0:    36 |   bool is_equivalent(const Primitive& other) const override { \
warning: mlx-sys@0.2.0:       |                                       ^
warning: mlx-sys@0.2.0: /Users/xin/.local/mlx/include/mlx/primitives.h:272:3: warning: unused parameter 'other' [-Wunused-parameter]
warning: mlx-sys@0.2.0:   272 |   DEFINE_DEFAULT_IS_EQUIVALENT()
warning: mlx-sys@0.2.0:       |   ^
warning: mlx-sys@0.2.0: /Users/xin/.local/mlx/include/mlx/primitives.h:36:39: note: expanded from macro 'DEFINE_DEFAULT_IS_EQUIVALENT'
warning: mlx-sys@0.2.0:    36 |   bool is_equivalent(const Primitive& other) const override { \
warning: mlx-sys@0.2.0:       |                                       ^
warning: mlx-sys@0.2.0: /Users/xin/.local/mlx/include/mlx/primitives.h:286:3: warning: unused parameter 'other' [-Wunused-parameter]
warning: mlx-sys@0.2.0:   286 |   DEFINE_DEFAULT_IS_EQUIVALENT()
warning: mlx-sys@0.2.0:       |   ^
warning: mlx-sys@0.2.0: /Users/xin/.local/mlx/include/mlx/primitives.h:36:39: note: expanded from macro 'DEFINE_DEFAULT_IS_EQUIVALENT'
warning: mlx-sys@0.2.0:    36 |   bool is_equivalent(const Primitive& other) const override { \
warning: mlx-sys@0.2.0:       |                                       ^
warning: mlx-sys@0.2.0: /Users/xin/.local/mlx/include/mlx/primitives.h:300:3: warning: unused parameter 'other' [-Wunused-parameter]
warning: mlx-sys@0.2.0:   300 |   DEFINE_DEFAULT_IS_EQUIVALENT()
warning: mlx-sys@0.2.0:       |   ^
warning: mlx-sys@0.2.0: /Users/xin/.local/mlx/include/mlx/primitives.h:36:39: note: expanded from macro 'DEFINE_DEFAULT_IS_EQUIVALENT'
warning: mlx-sys@0.2.0:    36 |   bool is_equivalent(const Primitive& other) const override { \
warning: mlx-sys@0.2.0:       |                                       ^
warning: mlx-sys@0.2.0: /Users/xin/.local/mlx/include/mlx/primitives.h:314:3: warning: unused parameter 'other' [-Wunused-parameter]
warning: mlx-sys@0.2.0:   314 |   DEFINE_DEFAULT_IS_EQUIVALENT()
warning: mlx-sys@0.2.0:       |   ^
warning: mlx-sys@0.2.0: /Users/xin/.local/mlx/include/mlx/primitives.h:36:39: note: expanded from macro 'DEFINE_DEFAULT_IS_EQUIVALENT'
warning: mlx-sys@0.2.0:    36 |   bool is_equivalent(const Primitive& other) const override { \
warning: mlx-sys@0.2.0:       |                                       ^
warning: mlx-sys@0.2.0: /Users/xin/.local/mlx/include/mlx/primitives.h:328:3: warning: unused parameter 'other' [-Wunused-parameter]
warning: mlx-sys@0.2.0:   328 |   DEFINE_DEFAULT_IS_EQUIVALENT()
warning: mlx-sys@0.2.0:       |   ^
warning: mlx-sys@0.2.0: /Users/xin/.local/mlx/include/mlx/primitives.h:36:39: note: expanded from macro 'DEFINE_DEFAULT_IS_EQUIVALENT'
warning: mlx-sys@0.2.0:    36 |   bool is_equivalent(const Primitive& other) const override { \
warning: mlx-sys@0.2.0:       |                                       ^
warning: mlx-sys@0.2.0: /Users/xin/.local/mlx/include/mlx/primitives.h:497:3: warning: unused parameter 'other' [-Wunused-parameter]
warning: mlx-sys@0.2.0:   497 |   DEFINE_DEFAULT_IS_EQUIVALENT()
warning: mlx-sys@0.2.0:       |   ^
warning: mlx-sys@0.2.0: /Users/xin/.local/mlx/include/mlx/primitives.h:36:39: note: expanded from macro 'DEFINE_DEFAULT_IS_EQUIVALENT'
warning: mlx-sys@0.2.0:    36 |   bool is_equivalent(const Primitive& other) const override { \
warning: mlx-sys@0.2.0:       |                                       ^
warning: mlx-sys@0.2.0: /Users/xin/.local/mlx/include/mlx/primitives.h:625:3: warning: unused parameter 'other' [-Wunused-parameter]
warning: mlx-sys@0.2.0:   625 |   DEFINE_DEFAULT_IS_EQUIVALENT()
warning: mlx-sys@0.2.0:       |   ^
warning: mlx-sys@0.2.0: /Users/xin/.local/mlx/include/mlx/primitives.h:36:39: note: expanded from macro 'DEFINE_DEFAULT_IS_EQUIVALENT'
warning: mlx-sys@0.2.0:    36 |   bool is_equivalent(const Primitive& other) const override { \
warning: mlx-sys@0.2.0:       |                                       ^
warning: mlx-sys@0.2.0: /Users/xin/.local/mlx/include/mlx/primitives.h:704:3: warning: unused parameter 'other' [-Wunused-parameter]
warning: mlx-sys@0.2.0:   704 |   DEFINE_DEFAULT_IS_EQUIVALENT()
warning: mlx-sys@0.2.0:       |   ^
warning: mlx-sys@0.2.0: /Users/xin/.local/mlx/include/mlx/primitives.h:36:39: note: expanded from macro 'DEFINE_DEFAULT_IS_EQUIVALENT'
warning: mlx-sys@0.2.0:    36 |   bool is_equivalent(const Primitive& other) const override { \
warning: mlx-sys@0.2.0:       |                                       ^
warning: mlx-sys@0.2.0: /Users/xin/.local/mlx/include/mlx/primitives.h:800:3: warning: unused parameter 'other' [-Wunused-parameter]
warning: mlx-sys@0.2.0:   800 |   DEFINE_DEFAULT_IS_EQUIVALENT()
warning: mlx-sys@0.2.0:       |   ^
warning: mlx-sys@0.2.0: /Users/xin/.local/mlx/include/mlx/primitives.h:36:39: note: expanded from macro 'DEFINE_DEFAULT_IS_EQUIVALENT'
warning: mlx-sys@0.2.0:    36 |   bool is_equivalent(const Primitive& other) const override { \
warning: mlx-sys@0.2.0:       |                                       ^
warning: mlx-sys@0.2.0: /Users/xin/.local/mlx/include/mlx/primitives.h:817:3: warning: unused parameter 'other' [-Wunused-parameter]
warning: mlx-sys@0.2.0:   817 |   DEFINE_DEFAULT_IS_EQUIVALENT()
warning: mlx-sys@0.2.0:       |   ^
warning: mlx-sys@0.2.0: /Users/xin/.local/mlx/include/mlx/primitives.h:36:39: note: expanded from macro 'DEFINE_DEFAULT_IS_EQUIVALENT'
warning: mlx-sys@0.2.0:    36 |   bool is_equivalent(const Primitive& other) const override { \
warning: mlx-sys@0.2.0:       |                                       ^
warning: mlx-sys@0.2.0: /Users/xin/.local/mlx/include/mlx/primitives.h:831:3: warning: unused parameter 'other' [-Wunused-parameter]
warning: mlx-sys@0.2.0:   831 |   DEFINE_DEFAULT_IS_EQUIVALENT()
warning: mlx-sys@0.2.0:       |   ^
warning: mlx-sys@0.2.0: /Users/xin/.local/mlx/include/mlx/primitives.h:36:39: note: expanded from macro 'DEFINE_DEFAULT_IS_EQUIVALENT'
warning: mlx-sys@0.2.0:    36 |   bool is_equivalent(const Primitive& other) const override { \
warning: mlx-sys@0.2.0:       |                                       ^
warning: mlx-sys@0.2.0: /Users/xin/.local/mlx/include/mlx/primitives.h:918:3: warning: unused parameter 'other' [-Wunused-parameter]
warning: mlx-sys@0.2.0:   918 |   DEFINE_DEFAULT_IS_EQUIVALENT()
warning: mlx-sys@0.2.0:       |   ^
warning: mlx-sys@0.2.0: /Users/xin/.local/mlx/include/mlx/primitives.h:36:39: note: expanded from macro 'DEFINE_DEFAULT_IS_EQUIVALENT'
warning: mlx-sys@0.2.0:    36 |   bool is_equivalent(const Primitive& other) const override { \
warning: mlx-sys@0.2.0:       |                                       ^
warning: mlx-sys@0.2.0: /Users/xin/.local/mlx/include/mlx/primitives.h:934:3: warning: unused parameter 'other' [-Wunused-parameter]
warning: mlx-sys@0.2.0:   934 |   DEFINE_DEFAULT_IS_EQUIVALENT()
warning: mlx-sys@0.2.0:       |   ^
warning: mlx-sys@0.2.0: /Users/xin/.local/mlx/include/mlx/primitives.h:36:39: note: expanded from macro 'DEFINE_DEFAULT_IS_EQUIVALENT'
warning: mlx-sys@0.2.0:    36 |   bool is_equivalent(const Primitive& other) const override { \
warning: mlx-sys@0.2.0:       |                                       ^
warning: mlx-sys@0.2.0: /Users/xin/.local/mlx/include/mlx/primitives.h:950:3: warning: unused parameter 'other' [-Wunused-parameter]
warning: mlx-sys@0.2.0:   950 |   DEFINE_DEFAULT_IS_EQUIVALENT()
warning: mlx-sys@0.2.0:       |   ^
warning: mlx-sys@0.2.0: /Users/xin/.local/mlx/include/mlx/primitives.h:36:39: note: expanded from macro 'DEFINE_DEFAULT_IS_EQUIVALENT'
warning: mlx-sys@0.2.0:    36 |   bool is_equivalent(const Primitive& other) const override { \
warning: mlx-sys@0.2.0:       |                                       ^
warning: mlx-sys@0.2.0: /Users/xin/.local/mlx/include/mlx/primitives.h:964:3: warning: unused parameter 'other' [-Wunused-parameter]
warning: mlx-sys@0.2.0:   964 |   DEFINE_DEFAULT_IS_EQUIVALENT()
warning: mlx-sys@0.2.0:       |   ^
warning: mlx-sys@0.2.0: /Users/xin/.local/mlx/include/mlx/primitives.h:36:39: note: expanded from macro 'DEFINE_DEFAULT_IS_EQUIVALENT'
warning: mlx-sys@0.2.0:    36 |   bool is_equivalent(const Primitive& other) const override { \
warning: mlx-sys@0.2.0:       |                                       ^
warning: mlx-sys@0.2.0: /Users/xin/.local/mlx/include/mlx/primitives.h:978:3: warning: unused parameter 'other' [-Wunused-parameter]
warning: mlx-sys@0.2.0:   978 |   DEFINE_DEFAULT_IS_EQUIVALENT()
warning: mlx-sys@0.2.0:       |   ^
warning: mlx-sys@0.2.0: /Users/xin/.local/mlx/include/mlx/primitives.h:36:39: note: expanded from macro 'DEFINE_DEFAULT_IS_EQUIVALENT'
warning: mlx-sys@0.2.0:    36 |   bool is_equivalent(const Primitive& other) const override { \
warning: mlx-sys@0.2.0:       |                                       ^
warning: mlx-sys@0.2.0: /Users/xin/.local/mlx/include/mlx/primitives.h:1006:3: warning: unused parameter 'other' [-Wunused-parameter]
warning: mlx-sys@0.2.0:  1006 |   DEFINE_DEFAULT_IS_EQUIVALENT()
warning: mlx-sys@0.2.0:       |   ^
warning: mlx-sys@0.2.0: /Users/xin/.local/mlx/include/mlx/primitives.h:36:39: note: expanded from macro 'DEFINE_DEFAULT_IS_EQUIVALENT'
warning: mlx-sys@0.2.0:    36 |   bool is_equivalent(const Primitive& other) const override { \
warning: mlx-sys@0.2.0:       |                                       ^
warning: mlx-sys@0.2.0: /Users/xin/.local/mlx/include/mlx/primitives.h:1020:3: warning: unused parameter 'other' [-Wunused-parameter]
warning: mlx-sys@0.2.0:  1020 |   DEFINE_DEFAULT_IS_EQUIVALENT()
warning: mlx-sys@0.2.0:       |   ^
warning: mlx-sys@0.2.0: /Users/xin/.local/mlx/include/mlx/primitives.h:36:39: note: expanded from macro 'DEFINE_DEFAULT_IS_EQUIVALENT'
warning: mlx-sys@0.2.0:    36 |   bool is_equivalent(const Primitive& other) const override { \
warning: mlx-sys@0.2.0:       |                                       ^
warning: mlx-sys@0.2.0: /Users/xin/.local/mlx/include/mlx/primitives.h:1034:3: warning: unused parameter 'other' [-Wunused-parameter]
warning: mlx-sys@0.2.0:  1034 |   DEFINE_DEFAULT_IS_EQUIVALENT()
warning: mlx-sys@0.2.0:       |   ^
warning: mlx-sys@0.2.0: /Users/xin/.local/mlx/include/mlx/primitives.h:36:39: note: expanded from macro 'DEFINE_DEFAULT_IS_EQUIVALENT'
warning: mlx-sys@0.2.0:    36 |   bool is_equivalent(const Primitive& other) const override { \
warning: mlx-sys@0.2.0:       |                                       ^
warning: mlx-sys@0.2.0: /Users/xin/.local/mlx/include/mlx/primitives.h:1138:3: warning: unused parameter 'other' [-Wunused-parameter]
warning: mlx-sys@0.2.0:  1138 |   DEFINE_DEFAULT_IS_EQUIVALENT()
warning: mlx-sys@0.2.0:       |   ^
warning: mlx-sys@0.2.0: /Users/xin/.local/mlx/include/mlx/primitives.h:36:39: note: expanded from macro 'DEFINE_DEFAULT_IS_EQUIVALENT'
warning: mlx-sys@0.2.0:    36 |   bool is_equivalent(const Primitive& other) const override { \
warning: mlx-sys@0.2.0:       |                                       ^
warning: mlx-sys@0.2.0: /Users/xin/.local/mlx/include/mlx/primitives.h:1152:3: warning: unused parameter 'other' [-Wunused-parameter]
warning: mlx-sys@0.2.0:  1152 |   DEFINE_DEFAULT_IS_EQUIVALENT()
warning: mlx-sys@0.2.0:       |   ^
warning: mlx-sys@0.2.0: /Users/xin/.local/mlx/include/mlx/primitives.h:36:39: note: expanded from macro 'DEFINE_DEFAULT_IS_EQUIVALENT'
warning: mlx-sys@0.2.0:    36 |   bool is_equivalent(const Primitive& other) const override { \
warning: mlx-sys@0.2.0:       |                                       ^
warning: mlx-sys@0.2.0: /Users/xin/.local/mlx/include/mlx/primitives.h:1211:3: warning: unused parameter 'other' [-Wunused-parameter]
warning: mlx-sys@0.2.0:  1211 |   DEFINE_DEFAULT_IS_EQUIVALENT()
warning: mlx-sys@0.2.0:       |   ^
warning: mlx-sys@0.2.0: /Users/xin/.local/mlx/include/mlx/primitives.h:36:39: note: expanded from macro 'DEFINE_DEFAULT_IS_EQUIVALENT'
warning: mlx-sys@0.2.0:    36 |   bool is_equivalent(const Primitive& other) const override { \
warning: mlx-sys@0.2.0:       |                                       ^
warning: mlx-sys@0.2.0: /Users/xin/.local/mlx/include/mlx/primitives.h:1225:3: warning: unused parameter 'other' [-Wunused-parameter]
warning: mlx-sys@0.2.0:  1225 |   DEFINE_DEFAULT_IS_EQUIVALENT()
warning: mlx-sys@0.2.0:       |   ^
warning: mlx-sys@0.2.0: /Users/xin/.local/mlx/include/mlx/primitives.h:36:39: note: expanded from macro 'DEFINE_DEFAULT_IS_EQUIVALENT'
warning: mlx-sys@0.2.0:    36 |   bool is_equivalent(const Primitive& other) const override { \
warning: mlx-sys@0.2.0:       |                                       ^
warning: mlx-sys@0.2.0: /Users/xin/.local/mlx/include/mlx/primitives.h:1261:3: warning: unused parameter 'other' [-Wunused-parameter]
warning: mlx-sys@0.2.0:  1261 |   DEFINE_DEFAULT_IS_EQUIVALENT()
warning: mlx-sys@0.2.0:       |   ^
warning: mlx-sys@0.2.0: /Users/xin/.local/mlx/include/mlx/primitives.h:36:39: note: expanded from macro 'DEFINE_DEFAULT_IS_EQUIVALENT'
warning: mlx-sys@0.2.0:    36 |   bool is_equivalent(const Primitive& other) const override { \
warning: mlx-sys@0.2.0:       |                                       ^
warning: mlx-sys@0.2.0: /Users/xin/.local/mlx/include/mlx/primitives.h:1275:3: warning: unused parameter 'other' [-Wunused-parameter]
warning: mlx-sys@0.2.0:  1275 |   DEFINE_DEFAULT_IS_EQUIVALENT()
warning: mlx-sys@0.2.0:       |   ^
warning: mlx-sys@0.2.0: /Users/xin/.local/mlx/include/mlx/primitives.h:36:39: note: expanded from macro 'DEFINE_DEFAULT_IS_EQUIVALENT'
warning: mlx-sys@0.2.0:    36 |   bool is_equivalent(const Primitive& other) const override { \
warning: mlx-sys@0.2.0:       |                                       ^
warning: mlx-sys@0.2.0: /Users/xin/.local/mlx/include/mlx/primitives.h:1289:3: warning: unused parameter 'other' [-Wunused-parameter]
warning: mlx-sys@0.2.0:  1289 |   DEFINE_DEFAULT_IS_EQUIVALENT()
warning: mlx-sys@0.2.0:       |   ^
warning: mlx-sys@0.2.0: /Users/xin/.local/mlx/include/mlx/primitives.h:36:39: note: expanded from macro 'DEFINE_DEFAULT_IS_EQUIVALENT'
warning: mlx-sys@0.2.0:    36 |   bool is_equivalent(const Primitive& other) const override { \
warning: mlx-sys@0.2.0:       |                                       ^
warning: mlx-sys@0.2.0: /Users/xin/.local/mlx/include/mlx/primitives.h:1328:3: warning: unused parameter 'other' [-Wunused-parameter]
warning: mlx-sys@0.2.0:  1328 |   DEFINE_DEFAULT_IS_EQUIVALENT()
warning: mlx-sys@0.2.0:       |   ^
warning: mlx-sys@0.2.0: /Users/xin/.local/mlx/include/mlx/primitives.h:36:39: note: expanded from macro 'DEFINE_DEFAULT_IS_EQUIVALENT'
warning: mlx-sys@0.2.0:    36 |   bool is_equivalent(const Primitive& other) const override { \
warning: mlx-sys@0.2.0:       |                                       ^
warning: mlx-sys@0.2.0: /Users/xin/.local/mlx/include/mlx/primitives.h:1374:3: warning: unused parameter 'other' [-Wunused-parameter]
warning: mlx-sys@0.2.0:  1374 |   DEFINE_DEFAULT_IS_EQUIVALENT()
warning: mlx-sys@0.2.0:       |   ^
warning: mlx-sys@0.2.0: /Users/xin/.local/mlx/include/mlx/primitives.h:36:39: note: expanded from macro 'DEFINE_DEFAULT_IS_EQUIVALENT'
warning: mlx-sys@0.2.0:    36 |   bool is_equivalent(const Primitive& other) const override { \
warning: mlx-sys@0.2.0:       |                                       ^
warning: mlx-sys@0.2.0: /Users/xin/.local/mlx/include/mlx/primitives.h:1388:3: warning: unused parameter 'other' [-Wunused-parameter]
warning: mlx-sys@0.2.0:  1388 |   DEFINE_DEFAULT_IS_EQUIVALENT()
warning: mlx-sys@0.2.0:       |   ^
warning: mlx-sys@0.2.0: /Users/xin/.local/mlx/include/mlx/primitives.h:36:39: note: expanded from macro 'DEFINE_DEFAULT_IS_EQUIVALENT'
warning: mlx-sys@0.2.0:    36 |   bool is_equivalent(const Primitive& other) const override { \
warning: mlx-sys@0.2.0:       |                                       ^
warning: mlx-sys@0.2.0: /Users/xin/.local/mlx/include/mlx/primitives.h:1402:3: warning: unused parameter 'other' [-Wunused-parameter]
warning: mlx-sys@0.2.0:  1402 |   DEFINE_DEFAULT_IS_EQUIVALENT()
warning: mlx-sys@0.2.0:       |   ^
warning: mlx-sys@0.2.0: /Users/xin/.local/mlx/include/mlx/primitives.h:36:39: note: expanded from macro 'DEFINE_DEFAULT_IS_EQUIVALENT'
warning: mlx-sys@0.2.0:    36 |   bool is_equivalent(const Primitive& other) const override { \
warning: mlx-sys@0.2.0:       |                                       ^
warning: mlx-sys@0.2.0: /Users/xin/.local/mlx/include/mlx/primitives.h:1416:3: warning: unused parameter 'other' [-Wunused-parameter]
warning: mlx-sys@0.2.0:  1416 |   DEFINE_DEFAULT_IS_EQUIVALENT()
warning: mlx-sys@0.2.0:       |   ^
warning: mlx-sys@0.2.0: /Users/xin/.local/mlx/include/mlx/primitives.h:36:39: note: expanded from macro 'DEFINE_DEFAULT_IS_EQUIVALENT'
warning: mlx-sys@0.2.0:    36 |   bool is_equivalent(const Primitive& other) const override { \
warning: mlx-sys@0.2.0:       |                                       ^
warning: mlx-sys@0.2.0: /Users/xin/.local/mlx/include/mlx/primitives.h:1430:3: warning: unused parameter 'other' [-Wunused-parameter]
warning: mlx-sys@0.2.0:  1430 |   DEFINE_DEFAULT_IS_EQUIVALENT()
warning: mlx-sys@0.2.0:       |   ^
warning: mlx-sys@0.2.0: /Users/xin/.local/mlx/include/mlx/primitives.h:36:39: note: expanded from macro 'DEFINE_DEFAULT_IS_EQUIVALENT'
warning: mlx-sys@0.2.0:    36 |   bool is_equivalent(const Primitive& other) const override { \
warning: mlx-sys@0.2.0:       |                                       ^
warning: mlx-sys@0.2.0: /Users/xin/.local/mlx/include/mlx/primitives.h:1444:3: warning: unused parameter 'other' [-Wunused-parameter]
warning: mlx-sys@0.2.0:  1444 |   DEFINE_DEFAULT_IS_EQUIVALENT()
warning: mlx-sys@0.2.0:       |   ^
warning: mlx-sys@0.2.0: /Users/xin/.local/mlx/include/mlx/primitives.h:36:39: note: expanded from macro 'DEFINE_DEFAULT_IS_EQUIVALENT'
warning: mlx-sys@0.2.0:    36 |   bool is_equivalent(const Primitive& other) const override { \
warning: mlx-sys@0.2.0:       |                                       ^
warning: mlx-sys@0.2.0: /Users/xin/.local/mlx/include/mlx/primitives.h:1458:3: warning: unused parameter 'other' [-Wunused-parameter]
warning: mlx-sys@0.2.0:  1458 |   DEFINE_DEFAULT_IS_EQUIVALENT()
warning: mlx-sys@0.2.0:       |   ^
warning: mlx-sys@0.2.0: /Users/xin/.local/mlx/include/mlx/primitives.h:36:39: note: expanded from macro 'DEFINE_DEFAULT_IS_EQUIVALENT'
warning: mlx-sys@0.2.0:    36 |   bool is_equivalent(const Primitive& other) const override { \
warning: mlx-sys@0.2.0:       |                                       ^
warning: mlx-sys@0.2.0: /Users/xin/.local/mlx/include/mlx/primitives.h:1472:3: warning: unused parameter 'other' [-Wunused-parameter]
warning: mlx-sys@0.2.0:  1472 |   DEFINE_DEFAULT_IS_EQUIVALENT()
warning: mlx-sys@0.2.0:       |   ^
warning: mlx-sys@0.2.0: /Users/xin/.local/mlx/include/mlx/primitives.h:36:39: note: expanded from macro 'DEFINE_DEFAULT_IS_EQUIVALENT'
warning: mlx-sys@0.2.0:    36 |   bool is_equivalent(const Primitive& other) const override { \
warning: mlx-sys@0.2.0:       |                                       ^
warning: mlx-sys@0.2.0: /Users/xin/.local/mlx/include/mlx/primitives.h:1486:3: warning: unused parameter 'other' [-Wunused-parameter]
warning: mlx-sys@0.2.0:  1486 |   DEFINE_DEFAULT_IS_EQUIVALENT()
warning: mlx-sys@0.2.0:       |   ^
warning: mlx-sys@0.2.0: /Users/xin/.local/mlx/include/mlx/primitives.h:36:39: note: expanded from macro 'DEFINE_DEFAULT_IS_EQUIVALENT'
warning: mlx-sys@0.2.0:    36 |   bool is_equivalent(const Primitive& other) const override { \
warning: mlx-sys@0.2.0:       |                                       ^
warning: mlx-sys@0.2.0: /Users/xin/.local/mlx/include/mlx/primitives.h:1500:3: warning: unused parameter 'other' [-Wunused-parameter]
warning: mlx-sys@0.2.0:  1500 |   DEFINE_DEFAULT_IS_EQUIVALENT()
warning: mlx-sys@0.2.0:       |   ^
warning: mlx-sys@0.2.0: /Users/xin/.local/mlx/include/mlx/primitives.h:36:39: note: expanded from macro 'DEFINE_DEFAULT_IS_EQUIVALENT'
warning: mlx-sys@0.2.0:    36 |   bool is_equivalent(const Primitive& other) const override { \
warning: mlx-sys@0.2.0:       |                                       ^
warning: mlx-sys@0.2.0: /Users/xin/.local/mlx/include/mlx/primitives.h:1514:3: warning: unused parameter 'other' [-Wunused-parameter]
warning: mlx-sys@0.2.0:  1514 |   DEFINE_DEFAULT_IS_EQUIVALENT()
warning: mlx-sys@0.2.0:       |   ^
warning: mlx-sys@0.2.0: /Users/xin/.local/mlx/include/mlx/primitives.h:36:39: note: expanded from macro 'DEFINE_DEFAULT_IS_EQUIVALENT'
warning: mlx-sys@0.2.0:    36 |   bool is_equivalent(const Primitive& other) const override { \
warning: mlx-sys@0.2.0:       |                                       ^
warning: mlx-sys@0.2.0: /Users/xin/.local/mlx/include/mlx/primitives.h:1536:62: warning: unused parameter 'inputs' [-Wunused-parameter]
warning: mlx-sys@0.2.0:  1536 |   std::vector<Shape> output_shapes(const std::vector<array>& inputs) override {
warning: mlx-sys@0.2.0:       |                                                              ^
warning: mlx-sys@0.2.0: /Users/xin/.local/mlx/include/mlx/primitives.h:1612:3: warning: unused parameter 'other' [-Wunused-parameter]
warning: mlx-sys@0.2.0:  1612 |   DEFINE_DEFAULT_IS_EQUIVALENT()
warning: mlx-sys@0.2.0:       |   ^
warning: mlx-sys@0.2.0: /Users/xin/.local/mlx/include/mlx/primitives.h:36:39: note: expanded from macro 'DEFINE_DEFAULT_IS_EQUIVALENT'
warning: mlx-sys@0.2.0:    36 |   bool is_equivalent(const Primitive& other) const override { \
warning: mlx-sys@0.2.0:       |                                       ^
warning: mlx-sys@0.2.0: /Users/xin/.local/mlx/include/mlx/primitives.h:1796:3: warning: unused parameter 'other' [-Wunused-parameter]
warning: mlx-sys@0.2.0:  1796 |   DEFINE_DEFAULT_IS_EQUIVALENT()
warning: mlx-sys@0.2.0:       |   ^
warning: mlx-sys@0.2.0: /Users/xin/.local/mlx/include/mlx/primitives.h:36:39: note: expanded from macro 'DEFINE_DEFAULT_IS_EQUIVALENT'
warning: mlx-sys@0.2.0:    36 |   bool is_equivalent(const Primitive& other) const override { \
warning: mlx-sys@0.2.0:       |                                       ^
warning: mlx-sys@0.2.0: /Users/xin/.local/mlx/include/mlx/primitives.h:1878:3: warning: unused parameter 'other' [-Wunused-parameter]
warning: mlx-sys@0.2.0:  1878 |   DEFINE_DEFAULT_IS_EQUIVALENT()
warning: mlx-sys@0.2.0:       |   ^
warning: mlx-sys@0.2.0: /Users/xin/.local/mlx/include/mlx/primitives.h:36:39: note: expanded from macro 'DEFINE_DEFAULT_IS_EQUIVALENT'
warning: mlx-sys@0.2.0:    36 |   bool is_equivalent(const Primitive& other) const override { \
warning: mlx-sys@0.2.0:       |                                       ^
warning: mlx-sys@0.2.0: /Users/xin/.local/mlx/include/mlx/primitives.h:2018:3: warning: unused parameter 'other' [-Wunused-parameter]
warning: mlx-sys@0.2.0:  2018 |   DEFINE_DEFAULT_IS_EQUIVALENT();
warning: mlx-sys@0.2.0:       |   ^
warning: mlx-sys@0.2.0: /Users/xin/.local/mlx/include/mlx/primitives.h:36:39: note: expanded from macro 'DEFINE_DEFAULT_IS_EQUIVALENT'
warning: mlx-sys@0.2.0:    36 |   bool is_equivalent(const Primitive& other) const override { \
warning: mlx-sys@0.2.0:       |                                       ^
warning: mlx-sys@0.2.0: /Users/xin/.local/mlx/include/mlx/primitives.h:2032:3: warning: unused parameter 'other' [-Wunused-parameter]
warning: mlx-sys@0.2.0:  2032 |   DEFINE_DEFAULT_IS_EQUIVALENT()
warning: mlx-sys@0.2.0:       |   ^
warning: mlx-sys@0.2.0: /Users/xin/.local/mlx/include/mlx/primitives.h:36:39: note: expanded from macro 'DEFINE_DEFAULT_IS_EQUIVALENT'
warning: mlx-sys@0.2.0:    36 |   bool is_equivalent(const Primitive& other) const override { \
warning: mlx-sys@0.2.0:       |                                       ^
warning: mlx-sys@0.2.0: /Users/xin/.local/mlx/include/mlx/primitives.h:2046:3: warning: unused parameter 'other' [-Wunused-parameter]
warning: mlx-sys@0.2.0:  2046 |   DEFINE_DEFAULT_IS_EQUIVALENT()
warning: mlx-sys@0.2.0:       |   ^
warning: mlx-sys@0.2.0: /Users/xin/.local/mlx/include/mlx/primitives.h:36:39: note: expanded from macro 'DEFINE_DEFAULT_IS_EQUIVALENT'
warning: mlx-sys@0.2.0:    36 |   bool is_equivalent(const Primitive& other) const override { \
warning: mlx-sys@0.2.0:       |                                       ^
warning: mlx-sys@0.2.0: /Users/xin/.local/mlx/include/mlx/primitives.h:2060:3: warning: unused parameter 'other' [-Wunused-parameter]
warning: mlx-sys@0.2.0:  2060 |   DEFINE_DEFAULT_IS_EQUIVALENT()
warning: mlx-sys@0.2.0:       |   ^
warning: mlx-sys@0.2.0: /Users/xin/.local/mlx/include/mlx/primitives.h:36:39: note: expanded from macro 'DEFINE_DEFAULT_IS_EQUIVALENT'
warning: mlx-sys@0.2.0:    36 |   bool is_equivalent(const Primitive& other) const override { \
warning: mlx-sys@0.2.0:       |                                       ^
warning: mlx-sys@0.2.0: /Users/xin/.local/mlx/include/mlx/primitives.h:2074:3: warning: unused parameter 'other' [-Wunused-parameter]
warning: mlx-sys@0.2.0:  2074 |   DEFINE_DEFAULT_IS_EQUIVALENT()
warning: mlx-sys@0.2.0:       |   ^
warning: mlx-sys@0.2.0: /Users/xin/.local/mlx/include/mlx/primitives.h:36:39: note: expanded from macro 'DEFINE_DEFAULT_IS_EQUIVALENT'
warning: mlx-sys@0.2.0:    36 |   bool is_equivalent(const Primitive& other) const override { \
warning: mlx-sys@0.2.0:       |                                       ^
warning: mlx-sys@0.2.0: /Users/xin/.local/mlx/include/mlx/primitives.h:2303:3: warning: unused parameter 'other' [-Wunused-parameter]
warning: mlx-sys@0.2.0:  2303 |   DEFINE_DEFAULT_IS_EQUIVALENT()
warning: mlx-sys@0.2.0:       |   ^
warning: mlx-sys@0.2.0: /Users/xin/.local/mlx/include/mlx/primitives.h:36:39: note: expanded from macro 'DEFINE_DEFAULT_IS_EQUIVALENT'
warning: mlx-sys@0.2.0:    36 |   bool is_equivalent(const Primitive& other) const override { \
warning: mlx-sys@0.2.0:       |                                       ^
warning: mlx-sys@0.2.0: /Users/xin/.local/mlx/include/mlx/primitives.h:2344:3: warning: unused parameter 'other' [-Wunused-parameter]
warning: mlx-sys@0.2.0:  2344 |   DEFINE_DEFAULT_IS_EQUIVALENT()
warning: mlx-sys@0.2.0:       |   ^
warning: mlx-sys@0.2.0: /Users/xin/.local/mlx/include/mlx/primitives.h:36:39: note: expanded from macro 'DEFINE_DEFAULT_IS_EQUIVALENT'
warning: mlx-sys@0.2.0:    36 |   bool is_equivalent(const Primitive& other) const override { \
warning: mlx-sys@0.2.0:       |                                       ^
warning: mlx-sys@0.2.0: /Users/xin/.local/mlx/include/mlx/primitives.h:2361:3: warning: unused parameter 'other' [-Wunused-parameter]
warning: mlx-sys@0.2.0:  2361 |   DEFINE_DEFAULT_IS_EQUIVALENT()
warning: mlx-sys@0.2.0:       |   ^
warning: mlx-sys@0.2.0: /Users/xin/.local/mlx/include/mlx/primitives.h:36:39: note: expanded from macro 'DEFINE_DEFAULT_IS_EQUIVALENT'
warning: mlx-sys@0.2.0:    36 |   bool is_equivalent(const Primitive& other) const override { \
warning: mlx-sys@0.2.0:       |                                       ^
warning: mlx-sys@0.2.0: /Users/xin/.local/mlx/include/mlx/primitives.h:2400:3: warning: unused parameter 'other' [-Wunused-parameter]
warning: mlx-sys@0.2.0:  2400 |   DEFINE_DEFAULT_IS_EQUIVALENT()
warning: mlx-sys@0.2.0:       |   ^
warning: mlx-sys@0.2.0: /Users/xin/.local/mlx/include/mlx/primitives.h:36:39: note: expanded from macro 'DEFINE_DEFAULT_IS_EQUIVALENT'
warning: mlx-sys@0.2.0:    36 |   bool is_equivalent(const Primitive& other) const override { \
warning: mlx-sys@0.2.0:       |                                       ^
warning: mlx-sys@0.2.0: /Users/xin/.local/mlx/include/mlx/primitives.h:2414:3: warning: unused parameter 'other' [-Wunused-parameter]
warning: mlx-sys@0.2.0:  2414 |   DEFINE_DEFAULT_IS_EQUIVALENT()
warning: mlx-sys@0.2.0:       |   ^
warning: mlx-sys@0.2.0: /Users/xin/.local/mlx/include/mlx/primitives.h:36:39: note: expanded from macro 'DEFINE_DEFAULT_IS_EQUIVALENT'
warning: mlx-sys@0.2.0:    36 |   bool is_equivalent(const Primitive& other) const override { \
warning: mlx-sys@0.2.0:       |                                       ^
warning: mlx-sys@0.2.0: In file included from shim/src/quantization.cc:1:
warning: mlx-sys@0.2.0: In file included from shim/include/cxx_mlx_shim/quantization.h:10:
warning: mlx-sys@0.2.0: In file included from /Users/xin/.local/mlx/include/mlx/array.h:12:
warning: mlx-sys@0.2.0: In file included from /Users/xin/.local/mlx/include/mlx/dtype.h:9:
warning: mlx-sys@0.2.0: In file included from /Users/xin/.local/mlx/include/mlx/types/complex.h:5:
warning: mlx-sys@0.2.0: In file included from /Users/xin/.local/mlx/include/mlx/types/half_types.h:32:
warning: mlx-sys@0.2.0: /Users/xin/.local/mlx/include/mlx/types/bf16.h:29:3: warning: definition of implicit copy assignment operator for '_MLX_BFloat16' is deprecated because it has a user-declared copy constructor [-Wdeprecated-copy]
warning: mlx-sys@0.2.0:    29 |   _MLX_BFloat16(_MLX_BFloat16 const&) = default;
warning: mlx-sys@0.2.0:       |   ^
warning: mlx-sys@0.2.0: /Users/xin/.local/mlx/include/mlx/types/bf16.h:38:19: note: in implicit copy assignment operator for 'mlx::core::_MLX_BFloat16' first required here
warning: mlx-sys@0.2.0:    38 |     return (*this = _MLX_BFloat16(x));
warning: mlx-sys@0.2.0:       |                   ^
warning: mlx-sys@0.2.0: In file included from shim/src/random.cc:1:
warning: mlx-sys@0.2.0: In file included from shim/include/cxx_mlx_shim/random.h:7:
warning: mlx-sys@0.2.0: In file included from /Users/xin/.local/mlx/include/mlx/array.h:12:
warning: mlx-sys@0.2.0: In file included from /Users/xin/.local/mlx/include/mlx/dtype.h:9:
warning: mlx-sys@0.2.0: In file included from /Users/xin/.local/mlx/include/mlx/types/complex.h:5:
warning: mlx-sys@0.2.0: In file included from /Users/xin/.local/mlx/include/mlx/types/half_types.h:32:
warning: mlx-sys@0.2.0: /Users/xin/.local/mlx/include/mlx/types/bf16.h:29:3: warning: definition of implicit copy assignment operator for '_MLX_BFloat16' is deprecated because it has a user-declared copy constructor [-Wdeprecated-copy]
warning: mlx-sys@0.2.0:    29 |   _MLX_BFloat16(_MLX_BFloat16 const&) = default;
warning: mlx-sys@0.2.0:       |   ^
warning: mlx-sys@0.2.0: /Users/xin/.local/mlx/include/mlx/types/bf16.h:38:19: note: in implicit copy assignment operator for 'mlx::core::_MLX_BFloat16' first required here
warning: mlx-sys@0.2.0:    38 |     return (*this = _MLX_BFloat16(x));
warning: mlx-sys@0.2.0:       |                   ^
warning: mlx-sys@0.2.0: 61 warnings generated.
warning: mlx-sys@0.2.0: 61 warnings generated.
warning: mlx-sys@0.2.0: 4 warnings generated.
warning: mlx-sys@0.2.0: 4 warnings generated.
warning: mlx-sys@0.2.0: 4 warnings generated.
warning: mlx-sys@0.2.0: 77 warnings generated.
   Compiling ironmlx-runtime v0.2.0 (/Users/xin/workspace/perf-dflash2-cache-miss-prefill/ironmlx-runtime)
   Compiling ironmlx v0.2.0 (/Users/xin/workspace/perf-dflash2-cache-miss-prefill/ironmlx)
    Finished `release` profile [optimized] target(s) in 27.94s
exit=0
