{"event":"turboquant_decoder_layer_stage","stage":"decode_layer_input","elapsed_us":191,"layer_idx":0,"attn_kind":"linear","batch":1,"seq":1,"hidden_size":2560}
{"event":"turboquant_decoder_layer_stage","stage":"decode_input_norm","elapsed_us":157,"layer_idx":0,"attn_kind":"linear","batch":1,"seq":1,"hidden_size":2560}
{"event":"turboquant_decoder_layer_stage","stage":"decode_attention_path","elapsed_us":2160,"layer_idx":0,"attn_kind":"linear","batch":1,"seq":1,"hidden_size":2560}
{"event":"turboquant_decoder_layer_stage","stage":"decode_attention_residual","elapsed_us":143,"layer_idx":0,"attn_kind":"linear","batch":1,"seq":1,"hidden_size":2560}
{"event":"turboquant_decoder_layer_stage","stage":"decode_post_attention_norm","elapsed_us":136,"layer_idx":0,"attn_kind":"linear","batch":1,"seq":1,"hidden_size":2560}
{"event":"turboquant_decoder_layer_stage","stage":"decode_mlp_path","elapsed_us":1010,"layer_idx":0,"attn_kind":"linear","batch":1,"seq":1,"hidden_size":2560}
{"event":"turboquant_decoder_layer_stage","stage":"decode_layer_output","elapsed_us":172,"layer_idx":0,"attn_kind":"linear","batch":1,"seq":1,"hidden_size":2560}
{"event":"turboquant_decoder_layer_stage","stage":"decode_layer_input","elapsed_us":0,"layer_idx":1,"attn_kind":"linear","batch":1,"seq":1,"hidden_size":2560}
{"event":"turboquant_decoder_layer_stage","stage":"decode_input_norm","elapsed_us":177,"layer_idx":1,"attn_kind":"linear","batch":1,"seq":1,"hidden_size":2560}
{"event":"turboquant_decoder_layer_stage","stage":"decode_attention_path","elapsed_us":1461,"layer_idx":1,"attn_kind":"linear","batch":1,"seq":1,"hidden_size":2560}
{"event":"turboquant_decoder_layer_stage","stage":"decode_attention_residual","elapsed_us":158,"layer_idx":1,"attn_kind":"linear","batch":1,"seq":1,"hidden_size":2560}
{"event":"turboquant_decoder_layer_stage","stage":"decode_post_attention_norm","elapsed_us":180,"layer_idx":1,"attn_kind":"linear","batch":1,"seq":1,"hidden_size":2560}
{"event":"turboquant_decoder_layer_stage","stage":"decode_mlp_path","elapsed_us":897,"layer_idx":1,"attn_kind":"linear","batch":1,"seq":1,"hidden_size":2560}
{"event":"turboquant_decoder_layer_stage","stage":"decode_layer_output","elapsed_us":142,"layer_idx":1,"attn_kind":"linear","batch":1,"seq":1,"hidden_size":2560}
{"event":"turboquant_decoder_layer_stage","stage":"decode_layer_input","elapsed_us":0,"layer_idx":2,"attn_kind":"linear","batch":1,"seq":1,"hidden_size":2560}
{"event":"turboquant_decoder_layer_stage","stage":"decode_input_norm","elapsed_us":151,"layer_idx":2,"attn_kind":"linear","batch":1,"seq":1,"hidden_size":2560}
{"event":"turboquant_decoder_layer_stage","stage":"decode_attention_path","elapsed_us":1690,"layer_idx":2,"attn_kind":"linear","batch":1,"seq":1,"hidden_size":2560}
{"event":"turboquant_decoder_layer_stage","stage":"decode_attention_residual","elapsed_us":169,"layer_idx":2,"attn_kind":"linear","batch":1,"seq":1,"hidden_size":2560}
{"event":"turboquant_decoder_layer_stage","stage":"decode_post_attention_norm","elapsed_us":150,"layer_idx":2,"attn_kind":"linear","batch":1,"seq":1,"hidden_size":2560}
{"event":"turboquant_decoder_layer_stage","stage":"decode_mlp_path","elapsed_us":1095,"layer_idx":2,"attn_kind":"linear","batch":1,"seq":1,"hidden_size":2560}
{"event":"turboquant_decoder_layer_stage","stage":"decode_layer_output","elapsed_us":197,"layer_idx":2,"attn_kind":"linear","batch":1,"seq":1,"hidden_size":2560}
{"event":"turboquant_decoder_layer_stage","stage":"decode_layer_input","elapsed_us":0,"layer_idx":3,"attn_kind":"full","batch":1,"seq":1,"hidden_size":2560}
{"event":"turboquant_decoder_layer_stage","stage":"decode_input_norm","elapsed_us":141,"layer_idx":3,"attn_kind":"full","batch":1,"seq":1,"hidden_size":2560}
{"event":"turboquant_gated_attention_stage","stage":"decode_attention_input","elapsed_us":0,"layer_idx":3,"batch":1,"seq":1,"q_heads":16,"kv_heads":4,"head_dim":256}
{"event":"turboquant_gated_attention_stage","stage":"decode_qkv_proj","elapsed_us":475,"layer_idx":3,"batch":1,"seq":1,"q_heads":16,"kv_heads":4,"head_dim":256}
{"event":"turboquant_gated_attention_stage","stage":"decode_q_split_norm_reshape","elapsed_us":204,"layer_idx":3,"batch":1,"seq":1,"q_heads":16,"kv_heads":4,"head_dim":256}
{"event":"turboquant_decoder_layer_stage","stage":"decode_attention_path","elapsed_us":930,"layer_idx":3,"attn_kind":"full","batch":1,"seq":1,"hidden_size":2560}
{"event":"turboquant_decoder_layer_stage","stage":"decode_attention_residual","elapsed_us":173,"layer_idx":3,"attn_kind":"full","batch":1,"seq":1,"hidden_size":2560}
{"event":"turboquant_decoder_layer_stage","stage":"decode_post_attention_norm","elapsed_us":153,"layer_idx":3,"attn_kind":"full","batch":1,"seq":1,"hidden_size":2560}
{"event":"turboquant_decoder_layer_stage","stage":"decode_mlp_path","elapsed_us":895,"layer_idx":3,"attn_kind":"full","batch":1,"seq":1,"hidden_size":2560}
{"event":"turboquant_decoder_layer_stage","stage":"decode_layer_output","elapsed_us":145,"layer_idx":3,"attn_kind":"full","batch":1,"seq":1,"hidden_size":2560}
{"event":"turboquant_decoder_layer_stage","stage":"decode_layer_input","elapsed_us":0,"layer_idx":4,"attn_kind":"linear","batch":1,"seq":1,"hidden_size":2560}
{"event":"turboquant_decoder_layer_stage","stage":"decode_input_norm","elapsed_us":140,"layer_idx":4,"attn_kind":"linear","batch":1,"seq":1,"hidden_size":2560}
{"event":"turboquant_decoder_layer_stage","stage":"decode_attention_path","elapsed_us":1422,"layer_idx":4,"attn_kind":"linear","batch":1,"seq":1,"hidden_size":2560}
{"event":"turboquant_decoder_layer_stage","stage":"decode_attention_residual","elapsed_us":171,"layer_idx":4,"attn_kind":"linear","batch":1,"seq":1,"hidden_size":2560}
{"event":"turboquant_decoder_layer_stage","stage":"decode_post_attention_norm","elapsed_us":141,"layer_idx":4,"attn_kind":"linear","batch":1,"seq":1,"hidden_size":2560}
{"event":"turboquant_decoder_layer_stage","stage":"decode_mlp_path","elapsed_us":896,"layer_idx":4,"attn_kind":"linear","batch":1,"seq":1,"hidden_size":2560}
{"event":"turboquant_decoder_layer_stage","stage":"decode_layer_output","elapsed_us":157,"layer_idx":4,"attn_kind":"linear","batch":1,"seq":1,"hidden_size":2560}
{"event":"turboquant_decoder_layer_stage","stage":"decode_layer_input","elapsed_us":0,"layer_idx":5,"attn_kind":"linear","batch":1,"seq":1,"hidden_size":2560}
{"event":"turboquant_decoder_layer_stage","stage":"decode_input_norm","elapsed_us":140,"layer_idx":5,"attn_kind":"linear","batch":1,"seq":1,"hidden_size":2560}
{"event":"turboquant_decoder_layer_stage","stage":"decode_attention_path","elapsed_us":1358,"layer_idx":5,"attn_kind":"linear","batch":1,"seq":1,"hidden_size":2560}
{"event":"turboquant_decoder_layer_stage","stage":"decode_attention_residual","elapsed_us":159,"layer_idx":5,"attn_kind":"linear","batch":1,"seq":1,"hidden_size":2560}
{"event":"turboquant_decoder_layer_stage","stage":"decode_post_attention_norm","elapsed_us":155,"layer_idx":5,"attn_kind":"linear","batch":1,"seq":1,"hidden_size":2560}
{"event":"turboquant_decoder_layer_stage","stage":"decode_mlp_path","elapsed_us":900,"layer_idx":5,"attn_kind":"linear","batch":1,"seq":1,"hidden_size":2560}
{"event":"turboquant_decoder_layer_stage","stage":"decode_layer_output","elapsed_us":133,"layer_idx":5,"attn_kind":"linear","batch":1,"seq":1,"hidden_size":2560}
{"event":"turboquant_decoder_layer_stage","stage":"decode_layer_input","elapsed_us":0,"layer_idx":6,"attn_kind":"linear","batch":1,"seq":1,"hidden_size":2560}
{"event":"turboquant_decoder_layer_stage","stage":"decode_input_norm","elapsed_us":187,"layer_idx":6,"attn_kind":"linear","batch":1,"seq":1,"hidden_size":2560}
{"event":"turboquant_decoder_layer_stage","stage":"decode_attention_path","elapsed_us":1304,"layer_idx":6,"attn_kind":"linear","batch":1,"seq":1,"hidden_size":2560}
{"event":"turboquant_decoder_layer_stage","stage":"decode_attention_residual","elapsed_us":179,"layer_idx":6,"attn_kind":"linear","batch":1,"seq":1,"hidden_size":2560}
{"event":"turboquant_decoder_layer_stage","stage":"decode_post_attention_norm","elapsed_us":144,"layer_idx":6,"attn_kind":"linear","batch":1,"seq":1,"hidden_size":2560}
{"event":"turboquant_decoder_layer_stage","stage":"decode_mlp_path","elapsed_us":898,"layer_idx":6,"attn_kind":"linear","batch":1,"seq":1,"hidden_size":2560}
{"event":"turboquant_decoder_layer_stage","stage":"decode_layer_output","elapsed_us":150,"layer_idx":6,"attn_kind":"linear","batch":1,"seq":1,"hidden_size":2560}
{"event":"turboquant_decoder_layer_stage","stage":"decode_layer_input","elapsed_us":0,"layer_idx":7,"attn_kind":"full","batch":1,"seq":1,"hidden_size":2560}
{"event":"turboquant_decoder_layer_stage","stage":"decode_input_norm","elapsed_us":155,"layer_idx":7,"attn_kind":"full","batch":1,"seq":1,"hidden_size":2560}
{"event":"turboquant_gated_attention_stage","stage":"decode_attention_input","elapsed_us":0,"layer_idx":7,"batch":1,"seq":1,"q_heads":16,"kv_heads":4,"head_dim":256}
{"event":"turboquant_gated_attention_stage","stage":"decode_qkv_proj","elapsed_us":436,"layer_idx":7,"batch":1,"seq":1,"q_heads":16,"kv_heads":4,"head_dim":256}
{"event":"turboquant_gated_attention_stage","stage":"decode_q_split_norm_reshape","elapsed_us":162,"layer_idx":7,"batch":1,"seq":1,"q_heads":16,"kv_heads":4,"head_dim":256}
{"event":"turboquant_decoder_layer_stage","stage":"decode_attention_path","elapsed_us":535,"layer_idx":7,"attn_kind":"full","batch":1,"seq":1,"hidden_size":2560}
{"event":"turboquant_decoder_layer_stage","stage":"decode_attention_residual","elapsed_us":166,"layer_idx":7,"attn_kind":"full","batch":1,"seq":1,"hidden_size":2560}
{"event":"turboquant_decoder_layer_stage","stage":"decode_post_attention_norm","elapsed_us":147,"layer_idx":7,"attn_kind":"full","batch":1,"seq":1,"hidden_size":2560}
{"event":"turboquant_decoder_layer_stage","stage":"decode_mlp_path","elapsed_us":1114,"layer_idx":7,"attn_kind":"full","batch":1,"seq":1,"hidden_size":2560}
{"event":"turboquant_decoder_layer_stage","stage":"decode_layer_output","elapsed_us":180,"layer_idx":7,"attn_kind":"full","batch":1,"seq":1,"hidden_size":2560}
{"event":"turboquant_decoder_layer_stage","stage":"decode_layer_input","elapsed_us":0,"layer_idx":8,"attn_kind":"linear","batch":1,"seq":1,"hidden_size":2560}
{"event":"turboquant_decoder_layer_stage","stage":"decode_input_norm","elapsed_us":160,"layer_idx":8,"attn_kind":"linear","batch":1,"seq":1,"hidden_size":2560}
{"event":"turboquant_decoder_layer_stage","stage":"decode_attention_path","elapsed_us":1293,"layer_idx":8,"attn_kind":"linear","batch":1,"seq":1,"hidden_size":2560}
{"event":"turboquant_decoder_layer_stage","stage":"decode_attention_residual","elapsed_us":155,"layer_idx":8,"attn_kind":"linear","batch":1,"seq":1,"hidden_size":2560}
{"event":"turboquant_decoder_layer_stage","stage":"decode_post_attention_norm","elapsed_us":151,"layer_idx":8,"attn_kind":"linear","batch":1,"seq":1,"hidden_size":2560}
{"event":"turboquant_decoder_layer_stage","stage":"decode_mlp_path","elapsed_us":950,"layer_idx":8,"attn_kind":"linear","batch":1,"seq":1,"hidden_size":2560}
{"event":"turboquant_decoder_layer_stage","stage":"decode_layer_output","elapsed_us":145,"layer_idx":8,"attn_kind":"linear","batch":1,"seq":1,"hidden_size":2560}
{"event":"turboquant_decoder_layer_stage","stage":"decode_layer_input","elapsed_us":0,"layer_idx":9,"attn_kind":"linear","batch":1,"seq":1,"hidden_size":2560}
{"event":"turboquant_decoder_layer_stage","stage":"decode_input_norm","elapsed_us":169,"layer_idx":9,"attn_kind":"linear","batch":1,"seq":1,"hidden_size":2560}
{"event":"turboquant_decoder_layer_stage","stage":"decode_attention_path","elapsed_us":1306,"layer_idx":9,"attn_kind":"linear","batch":1,"seq":1,"hidden_size":2560}
{"event":"turboquant_decoder_layer_stage","stage":"decode_attention_residual","elapsed_us":147,"layer_idx":9,"attn_kind":"linear","batch":1,"seq":1,"hidden_size":2560}
{"event":"turboquant_decoder_layer_stage","stage":"decode_post_attention_norm","elapsed_us":140,"layer_idx":9,"attn_kind":"linear","batch":1,"seq":1,"hidden_size":2560}
{"event":"turboquant_decoder_layer_stage","stage":"decode_mlp_path","elapsed_us":904,"layer_idx":9,"attn_kind":"linear","batch":1,"seq":1,"hidden_size":2560}
{"event":"turboquant_decoder_layer_stage","stage":"decode_layer_output","elapsed_us":176,"layer_idx":9,"attn_kind":"linear","batch":1,"seq":1,"hidden_size":2560}
{"event":"turboquant_decoder_layer_stage","stage":"decode_layer_input","elapsed_us":0,"layer_idx":10,"attn_kind":"linear","batch":1,"seq":1,"hidden_size":2560}
{"event":"turboquant_decoder_layer_stage","stage":"decode_input_norm","elapsed_us":178,"layer_idx":10,"attn_kind":"linear","batch":1,"seq":1,"hidden_size":2560}
{"event":"turboquant_decoder_layer_stage","stage":"decode_attention_path","elapsed_us":1499,"layer_idx":10,"attn_kind":"linear","batch":1,"seq":1,"hidden_size":2560}
{"event":"turboquant_decoder_layer_stage","stage":"decode_attention_residual","elapsed_us":184,"layer_idx":10,"attn_kind":"linear","batch":1,"seq":1,"hidden_size":2560}
{"event":"turboquant_decoder_layer_stage","stage":"decode_post_attention_norm","elapsed_us":197,"layer_idx":10,"attn_kind":"linear","batch":1,"seq":1,"hidden_size":2560}
{"event":"turboquant_decoder_layer_stage","stage":"decode_mlp_path","elapsed_us":878,"layer_idx":10,"attn_kind":"linear","batch":1,"seq":1,"hidden_size":2560}
{"event":"turboquant_decoder_layer_stage","stage":"decode_layer_output","elapsed_us":192,"layer_idx":10,"attn_kind":"linear","batch":1,"seq":1,"hidden_size":2560}
{"event":"turboquant_decoder_layer_stage","stage":"decode_layer_input","elapsed_us":0,"layer_idx":11,"attn_kind":"full","batch":1,"seq":1,"hidden_size":2560}
{"event":"turboquant_decoder_layer_stage","stage":"decode_input_norm","elapsed_us":184,"layer_idx":11,"attn_kind":"full","batch":1,"seq":1,"hidden_size":2560}
{"event":"turboquant_gated_attention_stage","stage":"decode_attention_input","elapsed_us":0,"layer_idx":11,"batch":1,"seq":1,"q_heads":16,"kv_heads":4,"head_dim":256}
{"event":"turboquant_gated_attention_stage","stage":"decode_qkv_proj","elapsed_us":436,"layer_idx":11,"batch":1,"seq":1,"q_heads":16,"kv_heads":4,"head_dim":256}
{"event":"turboquant_gated_attention_stage","stage":"decode_q_split_norm_reshape","elapsed_us":154,"layer_idx":11,"batch":1,"seq":1,"q_heads":16,"kv_heads":4,"head_dim":256}
{"event":"turboquant_decoder_layer_stage","stage":"decode_attention_path","elapsed_us":527,"layer_idx":11,"attn_kind":"full","batch":1,"seq":1,"hidden_size":2560}
{"event":"turboquant_decoder_layer_stage","stage":"decode_attention_residual","elapsed_us":151,"layer_idx":11,"attn_kind":"full","batch":1,"seq":1,"hidden_size":2560}
{"event":"turboquant_decoder_layer_stage","stage":"decode_post_attention_norm","elapsed_us":164,"layer_idx":11,"attn_kind":"full","batch":1,"seq":1,"hidden_size":2560}
{"event":"turboquant_decoder_layer_stage","stage":"decode_mlp_path","elapsed_us":979,"layer_idx":11,"attn_kind":"full","batch":1,"seq":1,"hidden_size":2560}
{"event":"turboquant_decoder_layer_stage","stage":"decode_layer_output","elapsed_us":167,"layer_idx":11,"attn_kind":"full","batch":1,"seq":1,"hidden_size":2560}
{"event":"turboquant_decoder_layer_stage","stage":"decode_layer_input","elapsed_us":0,"layer_idx":12,"attn_kind":"linear","batch":1,"seq":1,"hidden_size":2560}
{"event":"turboquant_decoder_layer_stage","stage":"decode_input_norm","elapsed_us":173,"layer_idx":12,"attn_kind":"linear","batch":1,"seq":1,"hidden_size":2560}
{"event":"turboquant_decoder_layer_stage","stage":"decode_attention_path","elapsed_us":1442,"layer_idx":12,"attn_kind":"linear","batch":1,"seq":1,"hidden_size":2560}
{"event":"turboquant_decoder_layer_stage","stage":"decode_attention_residual","elapsed_us":149,"layer_idx":12,"attn_kind":"linear","batch":1,"seq":1,"hidden_size":2560}
{"event":"turboquant_decoder_layer_stage","stage":"decode_post_attention_norm","elapsed_us":174,"layer_idx":12,"attn_kind":"linear","batch":1,"seq":1,"hidden_size":2560}
{"event":"turboquant_decoder_layer_stage","stage":"decode_mlp_path","elapsed_us":867,"layer_idx":12,"attn_kind":"linear","batch":1,"seq":1,"hidden_size":2560}
{"event":"turboquant_decoder_layer_stage","stage":"decode_layer_output","elapsed_us":165,"layer_idx":12,"attn_kind":"linear","batch":1,"seq":1,"hidden_size":2560}
{"event":"turboquant_decoder_layer_stage","stage":"decode_layer_input","elapsed_us":0,"layer_idx":13,"attn_kind":"linear","batch":1,"seq":1,"hidden_size":2560}
{"event":"turboquant_decoder_layer_stage","stage":"decode_input_norm","elapsed_us":164,"layer_idx":13,"attn_kind":"linear","batch":1,"seq":1,"hidden_size":2560}
{"event":"turboquant_decoder_layer_stage","stage":"decode_attention_path","elapsed_us":1301,"layer_idx":13,"attn_kind":"linear","batch":1,"seq":1,"hidden_size":2560}
{"event":"turboquant_decoder_layer_stage","stage":"decode_attention_residual","elapsed_us":165,"layer_idx":13,"attn_kind":"linear","batch":1,"seq":1,"hidden_size":2560}
{"event":"turboquant_decoder_layer_stage","stage":"decode_post_attention_norm","elapsed_us":142,"layer_idx":13,"attn_kind":"linear","batch":1,"seq":1,"hidden_size":2560}
{"event":"turboquant_decoder_layer_stage","stage":"decode_mlp_path","elapsed_us":882,"layer_idx":13,"attn_kind":"linear","batch":1,"seq":1,"hidden_size":2560}
{"event":"turboquant_decoder_layer_stage","stage":"decode_layer_output","elapsed_us":160,"layer_idx":13,"attn_kind":"linear","batch":1,"seq":1,"hidden_size":2560}
{"event":"turboquant_decoder_layer_stage","stage":"decode_layer_input","elapsed_us":0,"layer_idx":14,"attn_kind":"linear","batch":1,"seq":1,"hidden_size":2560}
{"event":"turboquant_decoder_layer_stage","stage":"decode_input_norm","elapsed_us":139,"layer_idx":14,"attn_kind":"linear","batch":1,"seq":1,"hidden_size":2560}
{"event":"turboquant_decoder_layer_stage","stage":"decode_attention_path","elapsed_us":1366,"layer_idx":14,"attn_kind":"linear","batch":1,"seq":1,"hidden_size":2560}
{"event":"turboquant_decoder_layer_stage","stage":"decode_attention_residual","elapsed_us":212,"layer_idx":14,"attn_kind":"linear","batch":1,"seq":1,"hidden_size":2560}
{"event":"turboquant_decoder_layer_stage","stage":"decode_post_attention_norm","elapsed_us":171,"layer_idx":14,"attn_kind":"linear","batch":1,"seq":1,"hidden_size":2560}
{"event":"turboquant_decoder_layer_stage","stage":"decode_mlp_path","elapsed_us":896,"layer_idx":14,"attn_kind":"linear","batch":1,"seq":1,"hidden_size":2560}
{"event":"turboquant_decoder_layer_stage","stage":"decode_layer_output","elapsed_us":138,"layer_idx":14,"attn_kind":"linear","batch":1,"seq":1,"hidden_size":2560}
{"event":"turboquant_decoder_layer_stage","stage":"decode_layer_input","elapsed_us":0,"layer_idx":15,"attn_kind":"full","batch":1,"seq":1,"hidden_size":2560}
{"event":"turboquant_decoder_layer_stage","stage":"decode_input_norm","elapsed_us":189,"layer_idx":15,"attn_kind":"full","batch":1,"seq":1,"hidden_size":2560}
{"event":"turboquant_gated_attention_stage","stage":"decode_attention_input","elapsed_us":0,"layer_idx":15,"batch":1,"seq":1,"q_heads":16,"kv_heads":4,"head_dim":256}
{"event":"turboquant_gated_attention_stage","stage":"decode_qkv_proj","elapsed_us":459,"layer_idx":15,"batch":1,"seq":1,"q_heads":16,"kv_heads":4,"head_dim":256}
{"event":"turboquant_gated_attention_stage","stage":"decode_q_split_norm_reshape","elapsed_us":189,"layer_idx":15,"batch":1,"seq":1,"q_heads":16,"kv_heads":4,"head_dim":256}
{"event":"turboquant_decoder_layer_stage","stage":"decode_attention_path","elapsed_us":556,"layer_idx":15,"attn_kind":"full","batch":1,"seq":1,"hidden_size":2560}
{"event":"turboquant_decoder_layer_stage","stage":"decode_attention_residual","elapsed_us":197,"layer_idx":15,"attn_kind":"full","batch":1,"seq":1,"hidden_size":2560}
{"event":"turboquant_decoder_layer_stage","stage":"decode_post_attention_norm","elapsed_us":170,"layer_idx":15,"attn_kind":"full","batch":1,"seq":1,"hidden_size":2560}
{"event":"turboquant_decoder_layer_stage","stage":"decode_mlp_path","elapsed_us":894,"layer_idx":15,"attn_kind":"full","batch":1,"seq":1,"hidden_size":2560}
{"event":"turboquant_decoder_layer_stage","stage":"decode_layer_output","elapsed_us":146,"layer_idx":15,"attn_kind":"full","batch":1,"seq":1,"hidden_size":2560}
{"event":"turboquant_decoder_layer_stage","stage":"decode_layer_input","elapsed_us":0,"layer_idx":16,"attn_kind":"linear","batch":1,"seq":1,"hidden_size":2560}
{"event":"turboquant_decoder_layer_stage","stage":"decode_input_norm","elapsed_us":155,"layer_idx":16,"attn_kind":"linear","batch":1,"seq":1,"hidden_size":2560}
{"event":"turboquant_decoder_layer_stage","stage":"decode_attention_path","elapsed_us":2935,"layer_idx":16,"attn_kind":"linear","batch":1,"seq":1,"hidden_size":2560}
{"event":"turboquant_decoder_layer_stage","stage":"decode_attention_residual","elapsed_us":145,"layer_idx":16,"attn_kind":"linear","batch":1,"seq":1,"hidden_size":2560}
{"event":"turboquant_decoder_layer_stage","stage":"decode_post_attention_norm","elapsed_us":148,"layer_idx":16,"attn_kind":"linear","batch":1,"seq":1,"hidden_size":2560}
{"event":"turboquant_decoder_layer_stage","stage":"decode_mlp_path","elapsed_us":960,"layer_idx":16,"attn_kind":"linear","batch":1,"seq":1,"hidden_size":2560}
{"event":"turboquant_decoder_layer_stage","stage":"decode_layer_output","elapsed_us":168,"layer_idx":16,"attn_kind":"linear","batch":1,"seq":1,"hidden_size":2560}
{"event":"turboquant_decoder_layer_stage","stage":"decode_layer_input","elapsed_us":0,"layer_idx":17,"attn_kind":"linear","batch":1,"seq":1,"hidden_size":2560}
{"event":"turboquant_decoder_layer_stage","stage":"decode_input_norm","elapsed_us":111,"layer_idx":17,"attn_kind":"linear","batch":1,"seq":1,"hidden_size":2560}
{"event":"turboquant_decoder_layer_stage","stage":"decode_attention_path","elapsed_us":1378,"layer_idx":17,"attn_kind":"linear","batch":1,"seq":1,"hidden_size":2560}
{"event":"turboquant_decoder_layer_stage","stage":"decode_attention_residual","elapsed_us":195,"layer_idx":17,"attn_kind":"linear","batch":1,"seq":1,"hidden_size":2560}
{"event":"turboquant_decoder_layer_stage","stage":"decode_post_attention_norm","elapsed_us":186,"layer_idx":17,"attn_kind":"linear","batch":1,"seq":1,"hidden_size":2560}
{"event":"turboquant_decoder_layer_stage","stage":"decode_mlp_path","elapsed_us":888,"layer_idx":17,"attn_kind":"linear","batch":1,"seq":1,"hidden_size":2560}
{"event":"turboquant_decoder_layer_stage","stage":"decode_layer_output","elapsed_us":151,"layer_idx":17,"attn_kind":"linear","batch":1,"seq":1,"hidden_size":2560}
{"event":"turboquant_decoder_layer_stage","stage":"decode_layer_input","elapsed_us":0,"layer_idx":18,"attn_kind":"linear","batch":1,"seq":1,"hidden_size":2560}
{"event":"turboquant_decoder_layer_stage","stage":"decode_input_norm","elapsed_us":144,"layer_idx":18,"attn_kind":"linear","batch":1,"seq":1,"hidden_size":2560}
{"event":"turboquant_decoder_layer_stage","stage":"decode_attention_path","elapsed_us":1326,"layer_idx":18,"attn_kind":"linear","batch":1,"seq":1,"hidden_size":2560}
{"event":"turboquant_decoder_layer_stage","stage":"decode_attention_residual","elapsed_us":161,"layer_idx":18,"attn_kind":"linear","batch":1,"seq":1,"hidden_size":2560}
{"event":"turboquant_decoder_layer_stage","stage":"decode_post_attention_norm","elapsed_us":169,"layer_idx":18,"attn_kind":"linear","batch":1,"seq":1,"hidden_size":2560}
{"event":"turboquant_decoder_layer_stage","stage":"decode_mlp_path","elapsed_us":878,"layer_idx":18,"attn_kind":"linear","batch":1,"seq":1,"hidden_size":2560}
{"event":"turboquant_decoder_layer_stage","stage":"decode_layer_output","elapsed_us":171,"layer_idx":18,"attn_kind":"linear","batch":1,"seq":1,"hidden_size":2560}
{"event":"turboquant_decoder_layer_stage","stage":"decode_layer_input","elapsed_us":0,"layer_idx":19,"attn_kind":"full","batch":1,"seq":1,"hidden_size":2560}
{"event":"turboquant_decoder_layer_stage","stage":"decode_input_norm","elapsed_us":149,"layer_idx":19,"attn_kind":"full","batch":1,"seq":1,"hidden_size":2560}
{"event":"turboquant_gated_attention_stage","stage":"decode_attention_input","elapsed_us":0,"layer_idx":19,"batch":1,"seq":1,"q_heads":16,"kv_heads":4,"head_dim":256}
{"event":"turboquant_gated_attention_stage","stage":"decode_qkv_proj","elapsed_us":436,"layer_idx":19,"batch":1,"seq":1,"q_heads":16,"kv_heads":4,"head_dim":256}
{"event":"turboquant_gated_attention_stage","stage":"decode_q_split_norm_reshape","elapsed_us":176,"layer_idx":19,"batch":1,"seq":1,"q_heads":16,"kv_heads":4,"head_dim":256}
{"event":"turboquant_decoder_layer_stage","stage":"decode_attention_path","elapsed_us":683,"layer_idx":19,"attn_kind":"full","batch":1,"seq":1,"hidden_size":2560}
{"event":"turboquant_decoder_layer_stage","stage":"decode_attention_residual","elapsed_us":192,"layer_idx":19,"attn_kind":"full","batch":1,"seq":1,"hidden_size":2560}
{"event":"turboquant_decoder_layer_stage","stage":"decode_post_attention_norm","elapsed_us":163,"layer_idx":19,"attn_kind":"full","batch":1,"seq":1,"hidden_size":2560}
{"event":"turboquant_decoder_layer_stage","stage":"decode_mlp_path","elapsed_us":899,"layer_idx":19,"attn_kind":"full","batch":1,"seq":1,"hidden_size":2560}
{"event":"turboquant_decoder_layer_stage","stage":"decode_layer_output","elapsed_us":191,"layer_idx":19,"attn_kind":"full","batch":1,"seq":1,"hidden_size":2560}
{"event":"turboquant_decoder_layer_stage","stage":"decode_layer_input","elapsed_us":0,"layer_idx":20,"attn_kind":"linear","batch":1,"seq":1,"hidden_size":2560}
{"event":"turboquant_decoder_layer_stage","stage":"decode_input_norm","elapsed_us":176,"layer_idx":20,"attn_kind":"linear","batch":1,"seq":1,"hidden_size":2560}
{"event":"turboquant_decoder_layer_stage","stage":"decode_attention_path","elapsed_us":1467,"layer_idx":20,"attn_kind":"linear","batch":1,"seq":1,"hidden_size":2560}
{"event":"turboquant_decoder_layer_stage","stage":"decode_attention_residual","elapsed_us":157,"layer_idx":20,"attn_kind":"linear","batch":1,"seq":1,"hidden_size":2560}
{"event":"turboquant_decoder_layer_stage","stage":"decode_post_attention_norm","elapsed_us":171,"layer_idx":20,"attn_kind":"linear","batch":1,"seq":1,"hidden_size":2560}
{"event":"turboquant_decoder_layer_stage","stage":"decode_mlp_path","elapsed_us":599,"layer_idx":20,"attn_kind":"linear","batch":1,"seq":1,"hidden_size":2560}
{"event":"turboquant_decoder_layer_stage","stage":"decode_layer_output","elapsed_us":162,"layer_idx":20,"attn_kind":"linear","batch":1,"seq":1,"hidden_size":2560}
{"event":"turboquant_decoder_layer_stage","stage":"decode_layer_input","elapsed_us":0,"layer_idx":21,"attn_kind":"linear","batch":1,"seq":1,"hidden_size":2560}
{"event":"turboquant_decoder_layer_stage","stage":"decode_input_norm","elapsed_us":151,"layer_idx":21,"attn_kind":"linear","batch":1,"seq":1,"hidden_size":2560}
{"event":"turboquant_decoder_layer_stage","stage":"decode_attention_path","elapsed_us":419,"layer_idx":21,"attn_kind":"linear","batch":1,"seq":1,"hidden_size":2560}
{"event":"turboquant_decoder_layer_stage","stage":"decode_attention_residual","elapsed_us":180,"layer_idx":21,"attn_kind":"linear","batch":1,"seq":1,"hidden_size":2560}
{"event":"turboquant_decoder_layer_stage","stage":"decode_post_attention_norm","elapsed_us":147,"layer_idx":21,"attn_kind":"linear","batch":1,"seq":1,"hidden_size":2560}
{"event":"turboquant_decoder_layer_stage","stage":"decode_mlp_path","elapsed_us":450,"layer_idx":21,"attn_kind":"linear","batch":1,"seq":1,"hidden_size":2560}
{"event":"turboquant_decoder_layer_stage","stage":"decode_layer_output","elapsed_us":160,"layer_idx":21,"attn_kind":"linear","batch":1,"seq":1,"hidden_size":2560}
{"event":"turboquant_decoder_layer_stage","stage":"decode_layer_input","elapsed_us":0,"layer_idx":22,"attn_kind":"linear","batch":1,"seq":1,"hidden_size":2560}
{"event":"turboquant_decoder_layer_stage","stage":"decode_input_norm","elapsed_us":145,"layer_idx":22,"attn_kind":"linear","batch":1,"seq":1,"hidden_size":2560}
{"event":"turboquant_decoder_layer_stage","stage":"decode_attention_path","elapsed_us":418,"layer_idx":22,"attn_kind":"linear","batch":1,"seq":1,"hidden_size":2560}
{"event":"turboquant_decoder_layer_stage","stage":"decode_attention_residual","elapsed_us":201,"layer_idx":22,"attn_kind":"linear","batch":1,"seq":1,"hidden_size":2560}
{"event":"turboquant_decoder_layer_stage","stage":"decode_post_attention_norm","elapsed_us":159,"layer_idx":22,"attn_kind":"linear","batch":1,"seq":1,"hidden_size":2560}
{"event":"turboquant_decoder_layer_stage","stage":"decode_mlp_path","elapsed_us":474,"layer_idx":22,"attn_kind":"linear","batch":1,"seq":1,"hidden_size":2560}
{"event":"turboquant_decoder_layer_stage","stage":"decode_layer_output","elapsed_us":203,"layer_idx":22,"attn_kind":"linear","batch":1,"seq":1,"hidden_size":2560}
{"event":"turboquant_decoder_layer_stage","stage":"decode_layer_input","elapsed_us":0,"layer_idx":23,"attn_kind":"full","batch":1,"seq":1,"hidden_size":2560}
{"event":"turboquant_decoder_layer_stage","stage":"decode_input_norm","elapsed_us":148,"layer_idx":23,"attn_kind":"full","batch":1,"seq":1,"hidden_size":2560}
{"event":"turboquant_gated_attention_stage","stage":"decode_attention_input","elapsed_us":0,"layer_idx":23,"batch":1,"seq":1,"q_heads":16,"kv_heads":4,"head_dim":256}
{"event":"turboquant_gated_attention_stage","stage":"decode_qkv_proj","elapsed_us":264,"layer_idx":23,"batch":1,"seq":1,"q_heads":16,"kv_heads":4,"head_dim":256}
{"event":"turboquant_gated_attention_stage","stage":"decode_q_split_norm_reshape","elapsed_us":147,"layer_idx":23,"batch":1,"seq":1,"q_heads":16,"kv_heads":4,"head_dim":256}
{"event":"turboquant_decoder_layer_stage","stage":"decode_attention_path","elapsed_us":311,"layer_idx":23,"attn_kind":"full","batch":1,"seq":1,"hidden_size":2560}
{"event":"turboquant_decoder_layer_stage","stage":"decode_attention_residual","elapsed_us":108,"layer_idx":23,"attn_kind":"full","batch":1,"seq":1,"hidden_size":2560}
{"event":"turboquant_decoder_layer_stage","stage":"decode_post_attention_norm","elapsed_us":191,"layer_idx":23,"attn_kind":"full","batch":1,"seq":1,"hidden_size":2560}
{"event":"turboquant_decoder_layer_stage","stage":"decode_mlp_path","elapsed_us":466,"layer_idx":23,"attn_kind":"full","batch":1,"seq":1,"hidden_size":2560}
{"event":"turboquant_decoder_layer_stage","stage":"decode_layer_output","elapsed_us":212,"layer_idx":23,"attn_kind":"full","batch":1,"seq":1,"hidden_size":2560}
{"event":"turboquant_decoder_layer_stage","stage":"decode_layer_input","elapsed_us":0,"layer_idx":24,"attn_kind":"linear","batch":1,"seq":1,"hidden_size":2560}
{"event":"turboquant_decoder_layer_stage","stage":"decode_input_norm","elapsed_us":146,"layer_idx":24,"attn_kind":"linear","batch":1,"seq":1,"hidden_size":2560}
{"event":"turboquant_decoder_layer_stage","stage":"decode_attention_path","elapsed_us":390,"layer_idx":24,"attn_kind":"linear","batch":1,"seq":1,"hidden_size":2560}
{"event":"turboquant_decoder_layer_stage","stage":"decode_attention_residual","elapsed_us":163,"layer_idx":24,"attn_kind":"linear","batch":1,"seq":1,"hidden_size":2560}
{"event":"turboquant_decoder_layer_stage","stage":"decode_post_attention_norm","elapsed_us":164,"layer_idx":24,"attn_kind":"linear","batch":1,"seq":1,"hidden_size":2560}
{"event":"turboquant_decoder_layer_stage","stage":"decode_mlp_path","elapsed_us":501,"layer_idx":24,"attn_kind":"linear","batch":1,"seq":1,"hidden_size":2560}
{"event":"turboquant_decoder_layer_stage","stage":"decode_layer_output","elapsed_us":189,"layer_idx":24,"attn_kind":"linear","batch":1,"seq":1,"hidden_size":2560}
{"event":"turboquant_decoder_layer_stage","stage":"decode_layer_input","elapsed_us":0,"layer_idx":25,"attn_kind":"linear","batch":1,"seq":1,"hidden_size":2560}
{"event":"turboquant_decoder_layer_stage","stage":"decode_input_norm","elapsed_us":152,"layer_idx":25,"attn_kind":"linear","batch":1,"seq":1,"hidden_size":2560}
{"event":"turboquant_decoder_layer_stage","stage":"decode_attention_path","elapsed_us":389,"layer_idx":25,"attn_kind":"linear","batch":1,"seq":1,"hidden_size":2560}
{"event":"turboquant_decoder_layer_stage","stage":"decode_attention_residual","elapsed_us":162,"layer_idx":25,"attn_kind":"linear","batch":1,"seq":1,"hidden_size":2560}
{"event":"turboquant_decoder_layer_stage","stage":"decode_post_attention_norm","elapsed_us":143,"layer_idx":25,"attn_kind":"linear","batch":1,"seq":1,"hidden_size":2560}
{"event":"turboquant_decoder_layer_stage","stage":"decode_mlp_path","elapsed_us":468,"layer_idx":25,"attn_kind":"linear","batch":1,"seq":1,"hidden_size":2560}
{"event":"turboquant_decoder_layer_stage","stage":"decode_layer_output","elapsed_us":174,"layer_idx":25,"attn_kind":"linear","batch":1,"seq":1,"hidden_size":2560}
{"event":"turboquant_decoder_layer_stage","stage":"decode_layer_input","elapsed_us":0,"layer_idx":26,"attn_kind":"linear","batch":1,"seq":1,"hidden_size":2560}
{"event":"turboquant_decoder_layer_stage","stage":"decode_input_norm","elapsed_us":131,"layer_idx":26,"attn_kind":"linear","batch":1,"seq":1,"hidden_size":2560}
{"event":"turboquant_decoder_layer_stage","stage":"decode_attention_path","elapsed_us":381,"layer_idx":26,"attn_kind":"linear","batch":1,"seq":1,"hidden_size":2560}
{"event":"turboquant_decoder_layer_stage","stage":"decode_attention_residual","elapsed_us":164,"layer_idx":26,"attn_kind":"linear","batch":1,"seq":1,"hidden_size":2560}
{"event":"turboquant_decoder_layer_stage","stage":"decode_post_attention_norm","elapsed_us":154,"layer_idx":26,"attn_kind":"linear","batch":1,"seq":1,"hidden_size":2560}
{"event":"turboquant_decoder_layer_stage","stage":"decode_mlp_path","elapsed_us":451,"layer_idx":26,"attn_kind":"linear","batch":1,"seq":1,"hidden_size":2560}
{"event":"turboquant_decoder_layer_stage","stage":"decode_layer_output","elapsed_us":140,"layer_idx":26,"attn_kind":"linear","batch":1,"seq":1,"hidden_size":2560}
{"event":"turboquant_decoder_layer_stage","stage":"decode_layer_input","elapsed_us":0,"layer_idx":27,"attn_kind":"full","batch":1,"seq":1,"hidden_size":2560}
{"event":"turboquant_decoder_layer_stage","stage":"decode_input_norm","elapsed_us":165,"layer_idx":27,"attn_kind":"full","batch":1,"seq":1,"hidden_size":2560}
{"event":"turboquant_gated_attention_stage","stage":"decode_attention_input","elapsed_us":0,"layer_idx":27,"batch":1,"seq":1,"q_heads":16,"kv_heads":4,"head_dim":256}
{"event":"turboquant_gated_attention_stage","stage":"decode_qkv_proj","elapsed_us":269,"layer_idx":27,"batch":1,"seq":1,"q_heads":16,"kv_heads":4,"head_dim":256}
{"event":"turboquant_gated_attention_stage","stage":"decode_q_split_norm_reshape","elapsed_us":188,"layer_idx":27,"batch":1,"seq":1,"q_heads":16,"kv_heads":4,"head_dim":256}
{"event":"turboquant_decoder_layer_stage","stage":"decode_attention_path","elapsed_us":327,"layer_idx":27,"attn_kind":"full","batch":1,"seq":1,"hidden_size":2560}
{"event":"turboquant_decoder_layer_stage","stage":"decode_attention_residual","elapsed_us":169,"layer_idx":27,"attn_kind":"full","batch":1,"seq":1,"hidden_size":2560}
{"event":"turboquant_decoder_layer_stage","stage":"decode_post_attention_norm","elapsed_us":140,"layer_idx":27,"attn_kind":"full","batch":1,"seq":1,"hidden_size":2560}
{"event":"turboquant_decoder_layer_stage","stage":"decode_mlp_path","elapsed_us":452,"layer_idx":27,"attn_kind":"full","batch":1,"seq":1,"hidden_size":2560}
{"event":"turboquant_decoder_layer_stage","stage":"decode_layer_output","elapsed_us":197,"layer_idx":27,"attn_kind":"full","batch":1,"seq":1,"hidden_size":2560}
{"event":"turboquant_decoder_layer_stage","stage":"decode_layer_input","elapsed_us":0,"layer_idx":28,"attn_kind":"linear","batch":1,"seq":1,"hidden_size":2560}
{"event":"turboquant_decoder_layer_stage","stage":"decode_input_norm","elapsed_us":159,"layer_idx":28,"attn_kind":"linear","batch":1,"seq":1,"hidden_size":2560}
{"event":"turboquant_decoder_layer_stage","stage":"decode_attention_path","elapsed_us":387,"layer_idx":28,"attn_kind":"linear","batch":1,"seq":1,"hidden_size":2560}
{"event":"turboquant_decoder_layer_stage","stage":"decode_attention_residual","elapsed_us":155,"layer_idx":28,"attn_kind":"linear","batch":1,"seq":1,"hidden_size":2560}
{"event":"turboquant_decoder_layer_stage","stage":"decode_post_attention_norm","elapsed_us":164,"layer_idx":28,"attn_kind":"linear","batch":1,"seq":1,"hidden_size":2560}
{"event":"turboquant_decoder_layer_stage","stage":"decode_mlp_path","elapsed_us":515,"layer_idx":28,"attn_kind":"linear","batch":1,"seq":1,"hidden_size":2560}
{"event":"turboquant_decoder_layer_stage","stage":"decode_layer_output","elapsed_us":188,"layer_idx":28,"attn_kind":"linear","batch":1,"seq":1,"hidden_size":2560}
{"event":"turboquant_decoder_layer_stage","stage":"decode_layer_input","elapsed_us":0,"layer_idx":29,"attn_kind":"linear","batch":1,"seq":1,"hidden_size":2560}
{"event":"turboquant_decoder_layer_stage","stage":"decode_input_norm","elapsed_us":189,"layer_idx":29,"attn_kind":"linear","batch":1,"seq":1,"hidden_size":2560}
{"event":"turboquant_decoder_layer_stage","stage":"decode_attention_path","elapsed_us":386,"layer_idx":29,"attn_kind":"linear","batch":1,"seq":1,"hidden_size":2560}
{"event":"turboquant_decoder_layer_stage","stage":"decode_attention_residual","elapsed_us":157,"layer_idx":29,"attn_kind":"linear","batch":1,"seq":1,"hidden_size":2560}
{"event":"turboquant_decoder_layer_stage","stage":"decode_post_attention_norm","elapsed_us":186,"layer_idx":29,"attn_kind":"linear","batch":1,"seq":1,"hidden_size":2560}
{"event":"turboquant_decoder_layer_stage","stage":"decode_mlp_path","elapsed_us":502,"layer_idx":29,"attn_kind":"linear","batch":1,"seq":1,"hidden_size":2560}
{"event":"turboquant_decoder_layer_stage","stage":"decode_layer_output","elapsed_us":177,"layer_idx":29,"attn_kind":"linear","batch":1,"seq":1,"hidden_size":2560}
{"event":"turboquant_decoder_layer_stage","stage":"decode_layer_input","elapsed_us":0,"layer_idx":30,"attn_kind":"linear","batch":1,"seq":1,"hidden_size":2560}
{"event":"turboquant_decoder_layer_stage","stage":"decode_input_norm","elapsed_us":148,"layer_idx":30,"attn_kind":"linear","batch":1,"seq":1,"hidden_size":2560}
{"event":"turboquant_decoder_layer_stage","stage":"decode_attention_path","elapsed_us":382,"layer_idx":30,"attn_kind":"linear","batch":1,"seq":1,"hidden_size":2560}
{"event":"turboquant_decoder_layer_stage","stage":"decode_attention_residual","elapsed_us":185,"layer_idx":30,"attn_kind":"linear","batch":1,"seq":1,"hidden_size":2560}
{"event":"turboquant_decoder_layer_stage","stage":"decode_post_attention_norm","elapsed_us":147,"layer_idx":30,"attn_kind":"linear","batch":1,"seq":1,"hidden_size":2560}
{"event":"turboquant_decoder_layer_stage","stage":"decode_mlp_path","elapsed_us":504,"layer_idx":30,"attn_kind":"linear","batch":1,"seq":1,"hidden_size":2560}
{"event":"turboquant_decoder_layer_stage","stage":"decode_layer_output","elapsed_us":177,"layer_idx":30,"attn_kind":"linear","batch":1,"seq":1,"hidden_size":2560}
{"event":"turboquant_decoder_layer_stage","stage":"decode_layer_input","elapsed_us":0,"layer_idx":31,"attn_kind":"full","batch":1,"seq":1,"hidden_size":2560}
{"event":"turboquant_decoder_layer_stage","stage":"decode_input_norm","elapsed_us":177,"layer_idx":31,"attn_kind":"full","batch":1,"seq":1,"hidden_size":2560}
{"event":"turboquant_gated_attention_stage","stage":"decode_attention_input","elapsed_us":0,"layer_idx":31,"batch":1,"seq":1,"q_heads":16,"kv_heads":4,"head_dim":256}
{"event":"turboquant_gated_attention_stage","stage":"decode_qkv_proj","elapsed_us":270,"layer_idx":31,"batch":1,"seq":1,"q_heads":16,"kv_heads":4,"head_dim":256}
{"event":"turboquant_gated_attention_stage","stage":"decode_q_split_norm_reshape","elapsed_us":168,"layer_idx":31,"batch":1,"seq":1,"q_heads":16,"kv_heads":4,"head_dim":256}
{"event":"turboquant_decoder_layer_stage","stage":"decode_attention_path","elapsed_us":306,"layer_idx":31,"attn_kind":"full","batch":1,"seq":1,"hidden_size":2560}
{"event":"turboquant_decoder_layer_stage","stage":"decode_attention_residual","elapsed_us":199,"layer_idx":31,"attn_kind":"full","batch":1,"seq":1,"hidden_size":2560}
{"event":"turboquant_decoder_layer_stage","stage":"decode_post_attention_norm","elapsed_us":143,"layer_idx":31,"attn_kind":"full","batch":1,"seq":1,"hidden_size":2560}
{"event":"turboquant_decoder_layer_stage","stage":"decode_mlp_path","elapsed_us":483,"layer_idx":31,"attn_kind":"full","batch":1,"seq":1,"hidden_size":2560}
{"event":"turboquant_decoder_layer_stage","stage":"decode_layer_output","elapsed_us":261,"layer_idx":31,"attn_kind":"full","batch":1,"seq":1,"hidden_size":2560}
{"event":"turboquant_decoder_layer_stage","stage":"decode_layer_input","elapsed_us":167,"layer_idx":0,"attn_kind":"linear","batch":1,"seq":1,"hidden_size":2560}
{"event":"turboquant_decoder_layer_stage","stage":"decode_input_norm","elapsed_us":104,"layer_idx":0,"attn_kind":"linear","batch":1,"seq":1,"hidden_size":2560}
{"event":"turboquant_decoder_layer_stage","stage":"decode_attention_path","elapsed_us":407,"layer_idx":0,"attn_kind":"linear","batch":1,"seq":1,"hidden_size":2560}
{"event":"turboquant_decoder_layer_stage","stage":"decode_attention_residual","elapsed_us":146,"layer_idx":0,"attn_kind":"linear","batch":1,"seq":1,"hidden_size":2560}
{"event":"turboquant_decoder_layer_stage","stage":"decode_post_attention_norm","elapsed_us":139,"layer_idx":0,"attn_kind":"linear","batch":1,"seq":1,"hidden_size":2560}
{"event":"turboquant_decoder_layer_stage","stage":"decode_mlp_path","elapsed_us":514,"layer_idx":0,"attn_kind":"linear","batch":1,"seq":1,"hidden_size":2560}
{"event":"turboquant_decoder_layer_stage","stage":"decode_layer_output","elapsed_us":184,"layer_idx":0,"attn_kind":"linear","batch":1,"seq":1,"hidden_size":2560}
{"event":"turboquant_decoder_layer_stage","stage":"decode_layer_input","elapsed_us":0,"layer_idx":1,"attn_kind":"linear","batch":1,"seq":1,"hidden_size":2560}
{"event":"turboquant_decoder_layer_stage","stage":"decode_input_norm","elapsed_us":172,"layer_idx":1,"attn_kind":"linear","batch":1,"seq":1,"hidden_size":2560}
{"event":"turboquant_decoder_layer_stage","stage":"decode_attention_path","elapsed_us":404,"layer_idx":1,"attn_kind":"linear","batch":1,"seq":1,"hidden_size":2560}
{"event":"turboquant_decoder_layer_stage","stage":"decode_attention_residual","elapsed_us":156,"layer_idx":1,"attn_kind":"linear","batch":1,"seq":1,"hidden_size":2560}
{"event":"turboquant_decoder_layer_stage","stage":"decode_post_attention_norm","elapsed_us":175,"layer_idx":1,"attn_kind":"linear","batch":1,"seq":1,"hidden_size":2560}
{"event":"turboquant_decoder_layer_stage","stage":"decode_mlp_path","elapsed_us":424,"layer_idx":1,"attn_kind":"linear","batch":1,"seq":1,"hidden_size":2560}
{"event":"turboquant_decoder_layer_stage","stage":"decode_layer_output","elapsed_us":198,"layer_idx":1,"attn_kind":"linear","batch":1,"seq":1,"hidden_size":2560}
{"event":"turboquant_decoder_layer_stage","stage":"decode_layer_input","elapsed_us":0,"layer_idx":2,"attn_kind":"linear","batch":1,"seq":1,"hidden_size":2560}
{"event":"turboquant_decoder_layer_stage","stage":"decode_input_norm","elapsed_us":142,"layer_idx":2,"attn_kind":"linear","batch":1,"seq":1,"hidden_size":2560}
{"event":"turboquant_decoder_layer_stage","stage":"decode_attention_path","elapsed_us":476,"layer_idx":2,"attn_kind":"linear","batch":1,"seq":1,"hidden_size":2560}
{"event":"turboquant_decoder_layer_stage","stage":"decode_attention_residual","elapsed_us":181,"layer_idx":2,"attn_kind":"linear","batch":1,"seq":1,"hidden_size":2560}
{"event":"turboquant_decoder_layer_stage","stage":"decode_post_attention_norm","elapsed_us":145,"layer_idx":2,"attn_kind":"linear","batch":1,"seq":1,"hidden_size":2560}
{"event":"turboquant_decoder_layer_stage","stage":"decode_mlp_path","elapsed_us":521,"layer_idx":2,"attn_kind":"linear","batch":1,"seq":1,"hidden_size":2560}
{"event":"turboquant_decoder_layer_stage","stage":"decode_layer_output","elapsed_us":182,"layer_idx":2,"attn_kind":"linear","batch":1,"seq":1,"hidden_size":2560}
{"event":"turboquant_decoder_layer_stage","stage":"decode_layer_input","elapsed_us":0,"layer_idx":3,"attn_kind":"full","batch":1,"seq":1,"hidden_size":2560}
{"event":"turboquant_decoder_layer_stage","stage":"decode_input_norm","elapsed_us":138,"layer_idx":3,"attn_kind":"full","batch":1,"seq":1,"hidden_size":2560}
{"event":"turboquant_gated_attention_stage","stage":"decode_attention_input","elapsed_us":0,"layer_idx":3,"batch":1,"seq":1,"q_heads":16,"kv_heads":4,"head_dim":256}
{"event":"turboquant_gated_attention_stage","stage":"decode_qkv_proj","elapsed_us":263,"layer_idx":3,"batch":1,"seq":1,"q_heads":16,"kv_heads":4,"head_dim":256}
{"event":"turboquant_gated_attention_stage","stage":"decode_q_split_norm_reshape","elapsed_us":179,"layer_idx":3,"batch":1,"seq":1,"q_heads":16,"kv_heads":4,"head_dim":256}
{"event":"turboquant_decoder_layer_stage","stage":"decode_attention_path","elapsed_us":361,"layer_idx":3,"attn_kind":"full","batch":1,"seq":1,"hidden_size":2560}
{"event":"turboquant_decoder_layer_stage","stage":"decode_attention_residual","elapsed_us":161,"layer_idx":3,"attn_kind":"full","batch":1,"seq":1,"hidden_size":2560}
{"event":"turboquant_decoder_layer_stage","stage":"decode_post_attention_norm","elapsed_us":139,"layer_idx":3,"attn_kind":"full","batch":1,"seq":1,"hidden_size":2560}
{"event":"turboquant_decoder_layer_stage","stage":"decode_mlp_path","elapsed_us":439,"layer_idx":3,"attn_kind":"full","batch":1,"seq":1,"hidden_size":2560}
{"event":"turboquant_decoder_layer_stage","stage":"decode_layer_output","elapsed_us":185,"layer_idx":3,"attn_kind":"full","batch":1,"seq":1,"hidden_size":2560}
{"event":"turboquant_decoder_layer_stage","stage":"decode_layer_input","elapsed_us":0,"layer_idx":4,"attn_kind":"linear","batch":1,"seq":1,"hidden_size":2560}
{"event":"turboquant_decoder_layer_stage","stage":"decode_input_norm","elapsed_us":213,"layer_idx":4,"attn_kind":"linear","batch":1,"seq":1,"hidden_size":2560}
{"event":"turboquant_decoder_layer_stage","stage":"decode_attention_path","elapsed_us":380,"layer_idx":4,"attn_kind":"linear","batch":1,"seq":1,"hidden_size":2560}
{"event":"turboquant_decoder_layer_stage","stage":"decode_attention_residual","elapsed_us":167,"layer_idx":4,"attn_kind":"linear","batch":1,"seq":1,"hidden_size":2560}
{"event":"turboquant_decoder_layer_stage","stage":"decode_post_attention_norm","elapsed_us":157,"layer_idx":4,"attn_kind":"linear","batch":1,"seq":1,"hidden_size":2560}
{"event":"turboquant_decoder_layer_stage","stage":"decode_mlp_path","elapsed_us":458,"layer_idx":4,"attn_kind":"linear","batch":1,"seq":1,"hidden_size":2560}
{"event":"turboquant_decoder_layer_stage","stage":"decode_layer_output","elapsed_us":156,"layer_idx":4,"attn_kind":"linear","batch":1,"seq":1,"hidden_size":2560}
{"event":"turboquant_decoder_layer_stage","stage":"decode_layer_input","elapsed_us":0,"layer_idx":5,"attn_kind":"linear","batch":1,"seq":1,"hidden_size":2560}
{"event":"turboquant_decoder_layer_stage","stage":"decode_input_norm","elapsed_us":148,"layer_idx":5,"attn_kind":"linear","batch":1,"seq":1,"hidden_size":2560}
{"event":"turboquant_decoder_layer_stage","stage":"decode_attention_path","elapsed_us":374,"layer_idx":5,"attn_kind":"linear","batch":1,"seq":1,"hidden_size":2560}
{"event":"turboquant_decoder_layer_stage","stage":"decode_attention_residual","elapsed_us":151,"layer_idx":5,"attn_kind":"linear","batch":1,"seq":1,"hidden_size":2560}
{"event":"turboquant_decoder_layer_stage","stage":"decode_post_attention_norm","elapsed_us":192,"layer_idx":5,"attn_kind":"linear","batch":1,"seq":1,"hidden_size":2560}
{"event":"turboquant_decoder_layer_stage","stage":"decode_mlp_path","elapsed_us":485,"layer_idx":5,"attn_kind":"linear","batch":1,"seq":1,"hidden_size":2560}
{"event":"turboquant_decoder_layer_stage","stage":"decode_layer_output","elapsed_us":222,"layer_idx":5,"attn_kind":"linear","batch":1,"seq":1,"hidden_size":2560}
{"event":"turboquant_decoder_layer_stage","stage":"decode_layer_input","elapsed_us":0,"layer_idx":6,"attn_kind":"linear","batch":1,"seq":1,"hidden_size":2560}
{"event":"turboquant_decoder_layer_stage","stage":"decode_input_norm","elapsed_us":147,"layer_idx":6,"attn_kind":"linear","batch":1,"seq":1,"hidden_size":2560}
{"event":"turboquant_decoder_layer_stage","stage":"decode_attention_path","elapsed_us":378,"layer_idx":6,"attn_kind":"linear","batch":1,"seq":1,"hidden_size":2560}
{"event":"turboquant_decoder_layer_stage","stage":"decode_attention_residual","elapsed_us":148,"layer_idx":6,"attn_kind":"linear","batch":1,"seq":1,"hidden_size":2560}
{"event":"turboquant_decoder_layer_stage","stage":"decode_post_attention_norm","elapsed_us":146,"layer_idx":6,"attn_kind":"linear","batch":1,"seq":1,"hidden_size":2560}
{"event":"turboquant_decoder_layer_stage","stage":"decode_mlp_path","elapsed_us":502,"layer_idx":6,"attn_kind":"linear","batch":1,"seq":1,"hidden_size":2560}
{"event":"turboquant_decoder_layer_stage","stage":"decode_layer_output","elapsed_us":174,"layer_idx":6,"attn_kind":"linear","batch":1,"seq":1,"hidden_size":2560}
{"event":"turboquant_decoder_layer_stage","stage":"decode_layer_input","elapsed_us":0,"layer_idx":7,"attn_kind":"full","batch":1,"seq":1,"hidden_size":2560}
{"event":"turboquant_decoder_layer_stage","stage":"decode_input_norm","elapsed_us":173,"layer_idx":7,"attn_kind":"full","batch":1,"seq":1,"hidden_size":2560}
{"event":"turboquant_gated_attention_stage","stage":"decode_attention_input","elapsed_us":0,"layer_idx":7,"batch":1,"seq":1,"q_heads":16,"kv_heads":4,"head_dim":256}
{"event":"turboquant_gated_attention_stage","stage":"decode_qkv_proj","elapsed_us":260,"layer_idx":7,"batch":1,"seq":1,"q_heads":16,"kv_heads":4,"head_dim":256}
{"event":"turboquant_gated_attention_stage","stage":"decode_q_split_norm_reshape","elapsed_us":154,"layer_idx":7,"batch":1,"seq":1,"q_heads":16,"kv_heads":4,"head_dim":256}
{"event":"turboquant_decoder_layer_stage","stage":"decode_attention_path","elapsed_us":338,"layer_idx":7,"attn_kind":"full","batch":1,"seq":1,"hidden_size":2560}
{"event":"turboquant_decoder_layer_stage","stage":"decode_attention_residual","elapsed_us":157,"layer_idx":7,"attn_kind":"full","batch":1,"seq":1,"hidden_size":2560}
{"event":"turboquant_decoder_layer_stage","stage":"decode_post_attention_norm","elapsed_us":150,"layer_idx":7,"attn_kind":"full","batch":1,"seq":1,"hidden_size":2560}
{"event":"turboquant_decoder_layer_stage","stage":"decode_mlp_path","elapsed_us":489,"layer_idx":7,"attn_kind":"full","batch":1,"seq":1,"hidden_size":2560}
{"event":"turboquant_decoder_layer_stage","stage":"decode_layer_output","elapsed_us":180,"layer_idx":7,"attn_kind":"full","batch":1,"seq":1,"hidden_size":2560}
{"event":"turboquant_decoder_layer_stage","stage":"decode_layer_input","elapsed_us":0,"layer_idx":8,"attn_kind":"linear","batch":1,"seq":1,"hidden_size":2560}
{"event":"turboquant_decoder_layer_stage","stage":"decode_input_norm","elapsed_us":189,"layer_idx":8,"attn_kind":"linear","batch":1,"seq":1,"hidden_size":2560}
{"event":"turboquant_decoder_layer_stage","stage":"decode_attention_path","elapsed_us":376,"layer_idx":8,"attn_kind":"linear","batch":1,"seq":1,"hidden_size":2560}
{"event":"turboquant_decoder_layer_stage","stage":"decode_attention_residual","elapsed_us":203,"layer_idx":8,"attn_kind":"linear","batch":1,"seq":1,"hidden_size":2560}
{"event":"turboquant_decoder_layer_stage","stage":"decode_post_attention_norm","elapsed_us":159,"layer_idx":8,"attn_kind":"linear","batch":1,"seq":1,"hidden_size":2560}
{"event":"turboquant_decoder_layer_stage","stage":"decode_mlp_path","elapsed_us":480,"layer_idx":8,"attn_kind":"linear","batch":1,"seq":1,"hidden_size":2560}
{"event":"turboquant_decoder_layer_stage","stage":"decode_layer_output","elapsed_us":181,"layer_idx":8,"attn_kind":"linear","batch":1,"seq":1,"hidden_size":2560}
{"event":"turboquant_decoder_layer_stage","stage":"decode_layer_input","elapsed_us":0,"layer_idx":9,"attn_kind":"linear","batch":1,"seq":1,"hidden_size":2560}
{"event":"turboquant_decoder_layer_stage","stage":"decode_input_norm","elapsed_us":135,"layer_idx":9,"attn_kind":"linear","batch":1,"seq":1,"hidden_size":2560}
{"event":"turboquant_decoder_layer_stage","stage":"decode_attention_path","elapsed_us":394,"layer_idx":9,"attn_kind":"linear","batch":1,"seq":1,"hidden_size":2560}
{"event":"turboquant_decoder_layer_stage","stage":"decode_attention_residual","elapsed_us":150,"layer_idx":9,"attn_kind":"linear","batch":1,"seq":1,"hidden_size":2560}
{"event":"turboquant_decoder_layer_stage","stage":"decode_post_attention_norm","elapsed_us":146,"layer_idx":9,"attn_kind":"linear","batch":1,"seq":1,"hidden_size":2560}
{"event":"turboquant_decoder_layer_stage","stage":"decode_mlp_path","elapsed_us":410,"layer_idx":9,"attn_kind":"linear","batch":1,"seq":1,"hidden_size":2560}
{"event":"turboquant_decoder_layer_stage","stage":"decode_layer_output","elapsed_us":104,"layer_idx":9,"attn_kind":"linear","batch":1,"seq":1,"hidden_size":2560}
{"event":"turboquant_decoder_layer_stage","stage":"decode_layer_input","elapsed_us":0,"layer_idx":10,"attn_kind":"linear","batch":1,"seq":1,"hidden_size":2560}
{"event":"turboquant_decoder_layer_stage","stage":"decode_input_norm","elapsed_us":195,"layer_idx":10,"attn_kind":"linear","batch":1,"seq":1,"hidden_size":2560}
{"event":"turboquant_decoder_layer_stage","stage":"decode_attention_path","elapsed_us":393,"layer_idx":10,"attn_kind":"linear","batch":1,"seq":1,"hidden_size":2560}
{"event":"turboquant_decoder_layer_stage","stage":"decode_attention_residual","elapsed_us":151,"layer_idx":10,"attn_kind":"linear","batch":1,"seq":1,"hidden_size":2560}
{"event":"turboquant_decoder_layer_stage","stage":"decode_post_attention_norm","elapsed_us":150,"layer_idx":10,"attn_kind":"linear","batch":1,"seq":1,"hidden_size":2560}
{"event":"turboquant_decoder_layer_stage","stage":"decode_mlp_path","elapsed_us":407,"layer_idx":10,"attn_kind":"linear","batch":1,"seq":1,"hidden_size":2560}
{"event":"turboquant_decoder_layer_stage","stage":"decode_layer_output","elapsed_us":197,"layer_idx":10,"attn_kind":"linear","batch":1,"seq":1,"hidden_size":2560}
{"event":"turboquant_decoder_layer_stage","stage":"decode_layer_input","elapsed_us":0,"layer_idx":11,"attn_kind":"full","batch":1,"seq":1,"hidden_size":2560}
{"event":"turboquant_decoder_layer_stage","stage":"decode_input_norm","elapsed_us":151,"layer_idx":11,"attn_kind":"full","batch":1,"seq":1,"hidden_size":2560}
{"event":"turboquant_gated_attention_stage","stage":"decode_attention_input","elapsed_us":0,"layer_idx":11,"batch":1,"seq":1,"q_heads":16,"kv_heads":4,"head_dim":256}
{"event":"turboquant_gated_attention_stage","stage":"decode_qkv_proj","elapsed_us":257,"layer_idx":11,"batch":1,"seq":1,"q_heads":16,"kv_heads":4,"head_dim":256}
{"event":"turboquant_gated_attention_stage","stage":"decode_q_split_norm_reshape","elapsed_us":161,"layer_idx":11,"batch":1,"seq":1,"q_heads":16,"kv_heads":4,"head_dim":256}
{"event":"turboquant_decoder_layer_stage","stage":"decode_attention_path","elapsed_us":299,"layer_idx":11,"attn_kind":"full","batch":1,"seq":1,"hidden_size":2560}
{"event":"turboquant_decoder_layer_stage","stage":"decode_attention_residual","elapsed_us":164,"layer_idx":11,"attn_kind":"full","batch":1,"seq":1,"hidden_size":2560}
{"event":"turboquant_decoder_layer_stage","stage":"decode_post_attention_norm","elapsed_us":156,"layer_idx":11,"attn_kind":"full","batch":1,"seq":1,"hidden_size":2560}
{"event":"turboquant_decoder_layer_stage","stage":"decode_mlp_path","elapsed_us":428,"layer_idx":11,"attn_kind":"full","batch":1,"seq":1,"hidden_size":2560}
{"event":"turboquant_decoder_layer_stage","stage":"decode_layer_output","elapsed_us":169,"layer_idx":11,"attn_kind":"full","batch":1,"seq":1,"hidden_size":2560}
{"event":"turboquant_decoder_layer_stage","stage":"decode_layer_input","elapsed_us":0,"layer_idx":12,"attn_kind":"linear","batch":1,"seq":1,"hidden_size":2560}
{"event":"turboquant_decoder_layer_stage","stage":"decode_input_norm","elapsed_us":140,"layer_idx":12,"attn_kind":"linear","batch":1,"seq":1,"hidden_size":2560}
{"event":"turboquant_decoder_layer_stage","stage":"decode_attention_path","elapsed_us":475,"layer_idx":12,"attn_kind":"linear","batch":1,"seq":1,"hidden_size":2560}
{"event":"turboquant_decoder_layer_stage","stage":"decode_attention_residual","elapsed_us":185,"layer_idx":12,"attn_kind":"linear","batch":1,"seq":1,"hidden_size":2560}
{"event":"turboquant_decoder_layer_stage","stage":"decode_post_attention_norm","elapsed_us":136,"layer_idx":12,"attn_kind":"linear","batch":1,"seq":1,"hidden_size":2560}
{"event":"turboquant_decoder_layer_stage","stage":"decode_mlp_path","elapsed_us":515,"layer_idx":12,"attn_kind":"linear","batch":1,"seq":1,"hidden_size":2560}
{"event":"turboquant_decoder_layer_stage","stage":"decode_layer_output","elapsed_us":186,"layer_idx":12,"attn_kind":"linear","batch":1,"seq":1,"hidden_size":2560}
{"event":"turboquant_decoder_layer_stage","stage":"decode_layer_input","elapsed_us":0,"layer_idx":13,"attn_kind":"linear","batch":1,"seq":1,"hidden_size":2560}
{"event":"turboquant_decoder_layer_stage","stage":"decode_input_norm","elapsed_us":149,"layer_idx":13,"attn_kind":"linear","batch":1,"seq":1,"hidden_size":2560}
{"event":"turboquant_decoder_layer_stage","stage":"decode_attention_path","elapsed_us":370,"layer_idx":13,"attn_kind":"linear","batch":1,"seq":1,"hidden_size":2560}
{"event":"turboquant_decoder_layer_stage","stage":"decode_attention_residual","elapsed_us":152,"layer_idx":13,"attn_kind":"linear","batch":1,"seq":1,"hidden_size":2560}
{"event":"turboquant_decoder_layer_stage","stage":"decode_post_attention_norm","elapsed_us":139,"layer_idx":13,"attn_kind":"linear","batch":1,"seq":1,"hidden_size":2560}
{"event":"turboquant_decoder_layer_stage","stage":"decode_mlp_path","elapsed_us":486,"layer_idx":13,"attn_kind":"linear","batch":1,"seq":1,"hidden_size":2560}
{"event":"turboquant_decoder_layer_stage","stage":"decode_layer_output","elapsed_us":176,"layer_idx":13,"attn_kind":"linear","batch":1,"seq":1,"hidden_size":2560}
{"event":"turboquant_decoder_layer_stage","stage":"decode_layer_input","elapsed_us":0,"layer_idx":14,"attn_kind":"linear","batch":1,"seq":1,"hidden_size":2560}
{"event":"turboquant_decoder_layer_stage","stage":"decode_input_norm","elapsed_us":197,"layer_idx":14,"attn_kind":"linear","batch":1,"seq":1,"hidden_size":2560}
{"event":"turboquant_decoder_layer_stage","stage":"decode_attention_path","elapsed_us":380,"layer_idx":14,"attn_kind":"linear","batch":1,"seq":1,"hidden_size":2560}
{"event":"turboquant_decoder_layer_stage","stage":"decode_attention_residual","elapsed_us":198,"layer_idx":14,"attn_kind":"linear","batch":1,"seq":1,"hidden_size":2560}
{"event":"turboquant_decoder_layer_stage","stage":"decode_post_attention_norm","elapsed_us":148,"layer_idx":14,"attn_kind":"linear","batch":1,"seq":1,"hidden_size":2560}
{"event":"turboquant_decoder_layer_stage","stage":"decode_mlp_path","elapsed_us":498,"layer_idx":14,"attn_kind":"linear","batch":1,"seq":1,"hidden_size":2560}
{"event":"turboquant_decoder_layer_stage","stage":"decode_layer_output","elapsed_us":188,"layer_idx":14,"attn_kind":"linear","batch":1,"seq":1,"hidden_size":2560}
{"event":"turboquant_decoder_layer_stage","stage":"decode_layer_input","elapsed_us":0,"layer_idx":15,"attn_kind":"full","batch":1,"seq":1,"hidden_size":2560}
{"event":"turboquant_decoder_layer_stage","stage":"decode_input_norm","elapsed_us":134,"layer_idx":15,"attn_kind":"full","batch":1,"seq":1,"hidden_size":2560}
{"event":"turboquant_gated_attention_stage","stage":"decode_attention_input","elapsed_us":0,"layer_idx":15,"batch":1,"seq":1,"q_heads":16,"kv_heads":4,"head_dim":256}
{"event":"turboquant_gated_attention_stage","stage":"decode_qkv_proj","elapsed_us":236,"layer_idx":15,"batch":1,"seq":1,"q_heads":16,"kv_heads":4,"head_dim":256}
{"event":"turboquant_gated_attention_stage","stage":"decode_q_split_norm_reshape","elapsed_us":165,"layer_idx":15,"batch":1,"seq":1,"q_heads":16,"kv_heads":4,"head_dim":256}
{"event":"turboquant_decoder_layer_stage","stage":"decode_attention_path","elapsed_us":307,"layer_idx":15,"attn_kind":"full","batch":1,"seq":1,"hidden_size":2560}
{"event":"turboquant_decoder_layer_stage","stage":"decode_attention_residual","elapsed_us":155,"layer_idx":15,"attn_kind":"full","batch":1,"seq":1,"hidden_size":2560}
{"event":"turboquant_decoder_layer_stage","stage":"decode_post_attention_norm","elapsed_us":144,"layer_idx":15,"attn_kind":"full","batch":1,"seq":1,"hidden_size":2560}
{"event":"turboquant_decoder_layer_stage","stage":"decode_mlp_path","elapsed_us":480,"layer_idx":15,"attn_kind":"full","batch":1,"seq":1,"hidden_size":2560}
{"event":"turboquant_decoder_layer_stage","stage":"decode_layer_output","elapsed_us":169,"layer_idx":15,"attn_kind":"full","batch":1,"seq":1,"hidden_size":2560}
{"event":"turboquant_decoder_layer_stage","stage":"decode_layer_input","elapsed_us":0,"layer_idx":16,"attn_kind":"linear","batch":1,"seq":1,"hidden_size":2560}
{"event":"turboquant_decoder_layer_stage","stage":"decode_input_norm","elapsed_us":174,"layer_idx":16,"attn_kind":"linear","batch":1,"seq":1,"hidden_size":2560}
{"event":"turboquant_decoder_layer_stage","stage":"decode_attention_path","elapsed_us":374,"layer_idx":16,"attn_kind":"linear","batch":1,"seq":1,"hidden_size":2560}
{"event":"turboquant_decoder_layer_stage","stage":"decode_attention_residual","elapsed_us":147,"layer_idx":16,"attn_kind":"linear","batch":1,"seq":1,"hidden_size":2560}
{"event":"turboquant_decoder_layer_stage","stage":"decode_post_attention_norm","elapsed_us":142,"layer_idx":16,"attn_kind":"linear","batch":1,"seq":1,"hidden_size":2560}
{"event":"turboquant_decoder_layer_stage","stage":"decode_mlp_path","elapsed_us":506,"layer_idx":16,"attn_kind":"linear","batch":1,"seq":1,"hidden_size":2560}
{"event":"turboquant_decoder_layer_stage","stage":"decode_layer_output","elapsed_us":197,"layer_idx":16,"attn_kind":"linear","batch":1,"seq":1,"hidden_size":2560}
{"event":"turboquant_decoder_layer_stage","stage":"decode_layer_input","elapsed_us":0,"layer_idx":17,"attn_kind":"linear","batch":1,"seq":1,"hidden_size":2560}
{"event":"turboquant_decoder_layer_stage","stage":"decode_input_norm","elapsed_us":150,"layer_idx":17,"attn_kind":"linear","batch":1,"seq":1,"hidden_size":2560}
{"event":"turboquant_decoder_layer_stage","stage":"decode_attention_path","elapsed_us":372,"layer_idx":17,"attn_kind":"linear","batch":1,"seq":1,"hidden_size":2560}
{"event":"turboquant_decoder_layer_stage","stage":"decode_attention_residual","elapsed_us":148,"layer_idx":17,"attn_kind":"linear","batch":1,"seq":1,"hidden_size":2560}
{"event":"turboquant_decoder_layer_stage","stage":"decode_post_attention_norm","elapsed_us":200,"layer_idx":17,"attn_kind":"linear","batch":1,"seq":1,"hidden_size":2560}
{"event":"turboquant_decoder_layer_stage","stage":"decode_mlp_path","elapsed_us":433,"layer_idx":17,"attn_kind":"linear","batch":1,"seq":1,"hidden_size":2560}
{"event":"turboquant_decoder_layer_stage","stage":"decode_layer_output","elapsed_us":151,"layer_idx":17,"attn_kind":"linear","batch":1,"seq":1,"hidden_size":2560}
{"event":"turboquant_decoder_layer_stage","stage":"decode_layer_input","elapsed_us":0,"layer_idx":18,"attn_kind":"linear","batch":1,"seq":1,"hidden_size":2560}
{"event":"turboquant_decoder_layer_stage","stage":"decode_input_norm","elapsed_us":158,"layer_idx":18,"attn_kind":"linear","batch":1,"seq":1,"hidden_size":2560}
{"event":"turboquant_decoder_layer_stage","stage":"decode_attention_path","elapsed_us":390,"layer_idx":18,"attn_kind":"linear","batch":1,"seq":1,"hidden_size":2560}
{"event":"turboquant_decoder_layer_stage","stage":"decode_attention_residual","elapsed_us":206,"layer_idx":18,"attn_kind":"linear","batch":1,"seq":1,"hidden_size":2560}
{"event":"turboquant_decoder_layer_stage","stage":"decode_post_attention_norm","elapsed_us":148,"layer_idx":18,"attn_kind":"linear","batch":1,"seq":1,"hidden_size":2560}
{"event":"turboquant_decoder_layer_stage","stage":"decode_mlp_path","elapsed_us":463,"layer_idx":18,"attn_kind":"linear","batch":1,"seq":1,"hidden_size":2560}
{"event":"turboquant_decoder_layer_stage","stage":"decode_layer_output","elapsed_us":162,"layer_idx":18,"attn_kind":"linear","batch":1,"seq":1,"hidden_size":2560}
{"event":"turboquant_decoder_layer_stage","stage":"decode_layer_input","elapsed_us":0,"layer_idx":19,"attn_kind":"full","batch":1,"seq":1,"hidden_size":2560}
{"event":"turboquant_decoder_layer_stage","stage":"decode_input_norm","elapsed_us":146,"layer_idx":19,"attn_kind":"full","batch":1,"seq":1,"hidden_size":2560}
{"event":"turboquant_gated_attention_stage","stage":"decode_attention_input","elapsed_us":0,"layer_idx":19,"batch":1,"seq":1,"q_heads":16,"kv_heads":4,"head_dim":256}
{"event":"turboquant_gated_attention_stage","stage":"decode_qkv_proj","elapsed_us":274,"layer_idx":19,"batch":1,"seq":1,"q_heads":16,"kv_heads":4,"head_dim":256}
{"event":"turboquant_gated_attention_stage","stage":"decode_q_split_norm_reshape","elapsed_us":148,"layer_idx":19,"batch":1,"seq":1,"q_heads":16,"kv_heads":4,"head_dim":256}
{"event":"turboquant_decoder_layer_stage","stage":"decode_attention_path","elapsed_us":324,"layer_idx":19,"attn_kind":"full","batch":1,"seq":1,"hidden_size":2560}
{"event":"turboquant_decoder_layer_stage","stage":"decode_attention_residual","elapsed_us":179,"layer_idx":19,"attn_kind":"full","batch":1,"seq":1,"hidden_size":2560}
{"event":"turboquant_decoder_layer_stage","stage":"decode_post_attention_norm","elapsed_us":143,"layer_idx":19,"attn_kind":"full","batch":1,"seq":1,"hidden_size":2560}
{"event":"turboquant_decoder_layer_stage","stage":"decode_mlp_path","elapsed_us":542,"layer_idx":19,"attn_kind":"full","batch":1,"seq":1,"hidden_size":2560}
{"event":"turboquant_decoder_layer_stage","stage":"decode_layer_output","elapsed_us":206,"layer_idx":19,"attn_kind":"full","batch":1,"seq":1,"hidden_size":2560}
{"event":"turboquant_decoder_layer_stage","stage":"decode_layer_input","elapsed_us":0,"layer_idx":20,"attn_kind":"linear","batch":1,"seq":1,"hidden_size":2560}
{"event":"turboquant_decoder_layer_stage","stage":"decode_input_norm","elapsed_us":171,"layer_idx":20,"attn_kind":"linear","batch":1,"seq":1,"hidden_size":2560}
{"event":"turboquant_decoder_layer_stage","stage":"decode_attention_path","elapsed_us":366,"layer_idx":20,"attn_kind":"linear","batch":1,"seq":1,"hidden_size":2560}
{"event":"turboquant_decoder_layer_stage","stage":"decode_attention_residual","elapsed_us":144,"layer_idx":20,"attn_kind":"linear","batch":1,"seq":1,"hidden_size":2560}
{"event":"turboquant_decoder_layer_stage","stage":"decode_post_attention_norm","elapsed_us":168,"layer_idx":20,"attn_kind":"linear","batch":1,"seq":1,"hidden_size":2560}
{"event":"turboquant_decoder_layer_stage","stage":"decode_mlp_path","elapsed_us":502,"layer_idx":20,"attn_kind":"linear","batch":1,"seq":1,"hidden_size":2560}
{"event":"turboquant_decoder_layer_stage","stage":"decode_layer_output","elapsed_us":205,"layer_idx":20,"attn_kind":"linear","batch":1,"seq":1,"hidden_size":2560}
{"event":"turboquant_decoder_layer_stage","stage":"decode_layer_input","elapsed_us":0,"layer_idx":21,"attn_kind":"linear","batch":1,"seq":1,"hidden_size":2560}
{"event":"turboquant_decoder_layer_stage","stage":"decode_input_norm","elapsed_us":137,"layer_idx":21,"attn_kind":"linear","batch":1,"seq":1,"hidden_size":2560}
{"event":"turboquant_decoder_layer_stage","stage":"decode_attention_path","elapsed_us":376,"layer_idx":21,"attn_kind":"linear","batch":1,"seq":1,"hidden_size":2560}
{"event":"turboquant_decoder_layer_stage","stage":"decode_attention_residual","elapsed_us":141,"layer_idx":21,"attn_kind":"linear","batch":1,"seq":1,"hidden_size":2560}
{"event":"turboquant_decoder_layer_stage","stage":"decode_post_attention_norm","elapsed_us":139,"layer_idx":21,"attn_kind":"linear","batch":1,"seq":1,"hidden_size":2560}
{"event":"turboquant_decoder_layer_stage","stage":"decode_mlp_path","elapsed_us":494,"layer_idx":21,"attn_kind":"linear","batch":1,"seq":1,"hidden_size":2560}
{"event":"turboquant_decoder_layer_stage","stage":"decode_layer_output","elapsed_us":189,"layer_idx":21,"attn_kind":"linear","batch":1,"seq":1,"hidden_size":2560}
{"event":"turboquant_decoder_layer_stage","stage":"decode_layer_input","elapsed_us":0,"layer_idx":22,"attn_kind":"linear","batch":1,"seq":1,"hidden_size":2560}
{"event":"turboquant_decoder_layer_stage","stage":"decode_input_norm","elapsed_us":138,"layer_idx":22,"attn_kind":"linear","batch":1,"seq":1,"hidden_size":2560}
{"event":"turboquant_decoder_layer_stage","stage":"decode_attention_path","elapsed_us":365,"layer_idx":22,"attn_kind":"linear","batch":1,"seq":1,"hidden_size":2560}
{"event":"turboquant_decoder_layer_stage","stage":"decode_attention_residual","elapsed_us":158,"layer_idx":22,"attn_kind":"linear","batch":1,"seq":1,"hidden_size":2560}
{"event":"turboquant_decoder_layer_stage","stage":"decode_post_attention_norm","elapsed_us":151,"layer_idx":22,"attn_kind":"linear","batch":1,"seq":1,"hidden_size":2560}
{"event":"turboquant_decoder_layer_stage","stage":"decode_mlp_path","elapsed_us":476,"layer_idx":22,"attn_kind":"linear","batch":1,"seq":1,"hidden_size":2560}
{"event":"turboquant_decoder_layer_stage","stage":"decode_layer_output","elapsed_us":184,"layer_idx":22,"attn_kind":"linear","batch":1,"seq":1,"hidden_size":2560}
{"event":"turboquant_decoder_layer_stage","stage":"decode_layer_input","elapsed_us":0,"layer_idx":23,"attn_kind":"full","batch":1,"seq":1,"hidden_size":2560}
{"event":"turboquant_decoder_layer_stage","stage":"decode_input_norm","elapsed_us":160,"layer_idx":23,"attn_kind":"full","batch":1,"seq":1,"hidden_size":2560}
{"event":"turboquant_gated_attention_stage","stage":"decode_attention_input","elapsed_us":0,"layer_idx":23,"batch":1,"seq":1,"q_heads":16,"kv_heads":4,"head_dim":256}
{"event":"turboquant_gated_attention_stage","stage":"decode_qkv_proj","elapsed_us":294,"layer_idx":23,"batch":1,"seq":1,"q_heads":16,"kv_heads":4,"head_dim":256}
{"event":"turboquant_gated_attention_stage","stage":"decode_q_split_norm_reshape","elapsed_us":176,"layer_idx":23,"batch":1,"seq":1,"q_heads":16,"kv_heads":4,"head_dim":256}
{"event":"turboquant_decoder_layer_stage","stage":"decode_attention_path","elapsed_us":335,"layer_idx":23,"attn_kind":"full","batch":1,"seq":1,"hidden_size":2560}
{"event":"turboquant_decoder_layer_stage","stage":"decode_attention_residual","elapsed_us":213,"layer_idx":23,"attn_kind":"full","batch":1,"seq":1,"hidden_size":2560}
{"event":"turboquant_decoder_layer_stage","stage":"decode_post_attention_norm","elapsed_us":155,"layer_idx":23,"attn_kind":"full","batch":1,"seq":1,"hidden_size":2560}
{"event":"turboquant_decoder_layer_stage","stage":"decode_mlp_path","elapsed_us":419,"layer_idx":23,"attn_kind":"full","batch":1,"seq":1,"hidden_size":2560}
{"event":"turboquant_decoder_layer_stage","stage":"decode_layer_output","elapsed_us":183,"layer_idx":23,"attn_kind":"full","batch":1,"seq":1,"hidden_size":2560}
{"event":"turboquant_decoder_layer_stage","stage":"decode_layer_input","elapsed_us":0,"layer_idx":24,"attn_kind":"linear","batch":1,"seq":1,"hidden_size":2560}
{"event":"turboquant_decoder_layer_stage","stage":"decode_input_norm","elapsed_us":170,"layer_idx":24,"attn_kind":"linear","batch":1,"seq":1,"hidden_size":2560}
{"event":"turboquant_decoder_layer_stage","stage":"decode_attention_path","elapsed_us":415,"layer_idx":24,"attn_kind":"linear","batch":1,"seq":1,"hidden_size":2560}
{"event":"turboquant_decoder_layer_stage","stage":"decode_attention_residual","elapsed_us":154,"layer_idx":24,"attn_kind":"linear","batch":1,"seq":1,"hidden_size":2560}
{"event":"turboquant_decoder_layer_stage","stage":"decode_post_attention_norm","elapsed_us":164,"layer_idx":24,"attn_kind":"linear","batch":1,"seq":1,"hidden_size":2560}
{"event":"turboquant_decoder_layer_stage","stage":"decode_mlp_path","elapsed_us":447,"layer_idx":24,"attn_kind":"linear","batch":1,"seq":1,"hidden_size":2560}
{"event":"turboquant_decoder_layer_stage","stage":"decode_layer_output","elapsed_us":142,"layer_idx":24,"attn_kind":"linear","batch":1,"seq":1,"hidden_size":2560}
{"event":"turboquant_decoder_layer_stage","stage":"decode_layer_input","elapsed_us":0,"layer_idx":25,"attn_kind":"linear","batch":1,"seq":1,"hidden_size":2560}
{"event":"turboquant_decoder_layer_stage","stage":"decode_input_norm","elapsed_us":177,"layer_idx":25,"attn_kind":"linear","batch":1,"seq":1,"hidden_size":2560}
{"event":"turboquant_decoder_layer_stage","stage":"decode_attention_path","elapsed_us":376,"layer_idx":25,"attn_kind":"linear","batch":1,"seq":1,"hidden_size":2560}
{"event":"turboquant_decoder_layer_stage","stage":"decode_attention_residual","elapsed_us":188,"layer_idx":25,"attn_kind":"linear","batch":1,"seq":1,"hidden_size":2560}
{"event":"turboquant_decoder_layer_stage","stage":"decode_post_attention_norm","elapsed_us":182,"layer_idx":25,"attn_kind":"linear","batch":1,"seq":1,"hidden_size":2560}
{"event":"turboquant_decoder_layer_stage","stage":"decode_mlp_path","elapsed_us":434,"layer_idx":25,"attn_kind":"linear","batch":1,"seq":1,"hidden_size":2560}
{"event":"turboquant_decoder_layer_stage","stage":"decode_layer_output","elapsed_us":183,"layer_idx":25,"attn_kind":"linear","batch":1,"seq":1,"hidden_size":2560}
{"event":"turboquant_decoder_layer_stage","stage":"decode_layer_input","elapsed_us":0,"layer_idx":26,"attn_kind":"linear","batch":1,"seq":1,"hidden_size":2560}
{"event":"turboquant_decoder_layer_stage","stage":"decode_input_norm","elapsed_us":147,"layer_idx":26,"attn_kind":"linear","batch":1,"seq":1,"hidden_size":2560}
{"event":"turboquant_decoder_layer_stage","stage":"decode_attention_path","elapsed_us":403,"layer_idx":26,"attn_kind":"linear","batch":1,"seq":1,"hidden_size":2560}
{"event":"turboquant_decoder_layer_stage","stage":"decode_attention_residual","elapsed_us":171,"layer_idx":26,"attn_kind":"linear","batch":1,"seq":1,"hidden_size":2560}
{"event":"turboquant_decoder_layer_stage","stage":"decode_post_attention_norm","elapsed_us":149,"layer_idx":26,"attn_kind":"linear","batch":1,"seq":1,"hidden_size":2560}
{"event":"turboquant_decoder_layer_stage","stage":"decode_mlp_path","elapsed_us":435,"layer_idx":26,"attn_kind":"linear","batch":1,"seq":1,"hidden_size":2560}
{"event":"turboquant_decoder_layer_stage","stage":"decode_layer_output","elapsed_us":158,"layer_idx":26,"attn_kind":"linear","batch":1,"seq":1,"hidden_size":2560}
{"event":"turboquant_decoder_layer_stage","stage":"decode_layer_input","elapsed_us":0,"layer_idx":27,"attn_kind":"full","batch":1,"seq":1,"hidden_size":2560}
{"event":"turboquant_decoder_layer_stage","stage":"decode_input_norm","elapsed_us":177,"layer_idx":27,"attn_kind":"full","batch":1,"seq":1,"hidden_size":2560}
{"event":"turboquant_gated_attention_stage","stage":"decode_attention_input","elapsed_us":0,"layer_idx":27,"batch":1,"seq":1,"q_heads":16,"kv_heads":4,"head_dim":256}
{"event":"turboquant_gated_attention_stage","stage":"decode_qkv_proj","elapsed_us":258,"layer_idx":27,"batch":1,"seq":1,"q_heads":16,"kv_heads":4,"head_dim":256}
{"event":"turboquant_gated_attention_stage","stage":"decode_q_split_norm_reshape","elapsed_us":163,"layer_idx":27,"batch":1,"seq":1,"q_heads":16,"kv_heads":4,"head_dim":256}
{"event":"turboquant_decoder_layer_stage","stage":"decode_attention_path","elapsed_us":301,"layer_idx":27,"attn_kind":"full","batch":1,"seq":1,"hidden_size":2560}
{"event":"turboquant_decoder_layer_stage","stage":"decode_attention_residual","elapsed_us":158,"layer_idx":27,"attn_kind":"full","batch":1,"seq":1,"hidden_size":2560}
{"event":"turboquant_decoder_layer_stage","stage":"decode_post_attention_norm","elapsed_us":188,"layer_idx":27,"attn_kind":"full","batch":1,"seq":1,"hidden_size":2560}
{"event":"turboquant_decoder_layer_stage","stage":"decode_mlp_path","elapsed_us":499,"layer_idx":27,"attn_kind":"full","batch":1,"seq":1,"hidden_size":2560}
{"event":"turboquant_decoder_layer_stage","stage":"decode_layer_output","elapsed_us":212,"layer_idx":27,"attn_kind":"full","batch":1,"seq":1,"hidden_size":2560}
{"event":"turboquant_decoder_layer_stage","stage":"decode_layer_input","elapsed_us":0,"layer_idx":28,"attn_kind":"linear","batch":1,"seq":1,"hidden_size":2560}
{"event":"turboquant_decoder_layer_stage","stage":"decode_input_norm","elapsed_us":139,"layer_idx":28,"attn_kind":"linear","batch":1,"seq":1,"hidden_size":2560}
{"event":"turboquant_decoder_layer_stage","stage":"decode_attention_path","elapsed_us":407,"layer_idx":28,"attn_kind":"linear","batch":1,"seq":1,"hidden_size":2560}
{"event":"turboquant_decoder_layer_stage","stage":"decode_attention_residual","elapsed_us":174,"layer_idx":28,"attn_kind":"linear","batch":1,"seq":1,"hidden_size":2560}
{"event":"turboquant_decoder_layer_stage","stage":"decode_post_attention_norm","elapsed_us":143,"layer_idx":28,"attn_kind":"linear","batch":1,"seq":1,"hidden_size":2560}
{"event":"turboquant_decoder_layer_stage","stage":"decode_mlp_path","elapsed_us":457,"layer_idx":28,"attn_kind":"linear","batch":1,"seq":1,"hidden_size":2560}
{"event":"turboquant_decoder_layer_stage","stage":"decode_layer_output","elapsed_us":159,"layer_idx":28,"attn_kind":"linear","batch":1,"seq":1,"hidden_size":2560}
{"event":"turboquant_decoder_layer_stage","stage":"decode_layer_input","elapsed_us":0,"layer_idx":29,"attn_kind":"linear","batch":1,"seq":1,"hidden_size":2560}
{"event":"turboquant_decoder_layer_stage","stage":"decode_input_norm","elapsed_us":151,"layer_idx":29,"attn_kind":"linear","batch":1,"seq":1,"hidden_size":2560}
{"event":"turboquant_decoder_layer_stage","stage":"decode_attention_path","elapsed_us":365,"layer_idx":29,"attn_kind":"linear","batch":1,"seq":1,"hidden_size":2560}
{"event":"turboquant_decoder_layer_stage","stage":"decode_attention_residual","elapsed_us":148,"layer_idx":29,"attn_kind":"linear","batch":1,"seq":1,"hidden_size":2560}
{"event":"turboquant_decoder_layer_stage","stage":"decode_post_attention_norm","elapsed_us":146,"layer_idx":29,"attn_kind":"linear","batch":1,"seq":1,"hidden_size":2560}
{"event":"turboquant_decoder_layer_stage","stage":"decode_mlp_path","elapsed_us":528,"layer_idx":29,"attn_kind":"linear","batch":1,"seq":1,"hidden_size":2560}
{"event":"turboquant_decoder_layer_stage","stage":"decode_layer_output","elapsed_us":169,"layer_idx":29,"attn_kind":"linear","batch":1,"seq":1,"hidden_size":2560}
{"event":"turboquant_decoder_layer_stage","stage":"decode_layer_input","elapsed_us":0,"layer_idx":30,"attn_kind":"linear","batch":1,"seq":1,"hidden_size":2560}
{"event":"turboquant_decoder_layer_stage","stage":"decode_input_norm","elapsed_us":141,"layer_idx":30,"attn_kind":"linear","batch":1,"seq":1,"hidden_size":2560}
{"event":"turboquant_decoder_layer_stage","stage":"decode_attention_path","elapsed_us":383,"layer_idx":30,"attn_kind":"linear","batch":1,"seq":1,"hidden_size":2560}
{"event":"turboquant_decoder_layer_stage","stage":"decode_attention_residual","elapsed_us":209,"layer_idx":30,"attn_kind":"linear","batch":1,"seq":1,"hidden_size":2560}
{"event":"turboquant_decoder_layer_stage","stage":"decode_post_attention_norm","elapsed_us":147,"layer_idx":30,"attn_kind":"linear","batch":1,"seq":1,"hidden_size":2560}
{"event":"turboquant_decoder_layer_stage","stage":"decode_mlp_path","elapsed_us":462,"layer_idx":30,"attn_kind":"linear","batch":1,"seq":1,"hidden_size":2560}
{"event":"turboquant_decoder_layer_stage","stage":"decode_layer_output","elapsed_us":161,"layer_idx":30,"attn_kind":"linear","batch":1,"seq":1,"hidden_size":2560}
{"event":"turboquant_decoder_layer_stage","stage":"decode_layer_input","elapsed_us":0,"layer_idx":31,"attn_kind":"full","batch":1,"seq":1,"hidden_size":2560}
{"event":"turboquant_decoder_layer_stage","stage":"decode_input_norm","elapsed_us":161,"layer_idx":31,"attn_kind":"full","batch":1,"seq":1,"hidden_size":2560}
{"event":"turboquant_gated_attention_stage","stage":"decode_attention_input","elapsed_us":0,"layer_idx":31,"batch":1,"seq":1,"q_heads":16,"kv_heads":4,"head_dim":256}
{"event":"turboquant_gated_attention_stage","stage":"decode_qkv_proj","elapsed_us":264,"layer_idx":31,"batch":1,"seq":1,"q_heads":16,"kv_heads":4,"head_dim":256}
{"event":"turboquant_gated_attention_stage","stage":"decode_q_split_norm_reshape","elapsed_us":154,"layer_idx":31,"batch":1,"seq":1,"q_heads":16,"kv_heads":4,"head_dim":256}
{"event":"turboquant_decoder_layer_stage","stage":"decode_attention_path","elapsed_us":311,"layer_idx":31,"attn_kind":"full","batch":1,"seq":1,"hidden_size":2560}
{"event":"turboquant_decoder_layer_stage","stage":"decode_attention_residual","elapsed_us":180,"layer_idx":31,"attn_kind":"full","batch":1,"seq":1,"hidden_size":2560}
{"event":"turboquant_decoder_layer_stage","stage":"decode_post_attention_norm","elapsed_us":185,"layer_idx":31,"attn_kind":"full","batch":1,"seq":1,"hidden_size":2560}
{"event":"turboquant_decoder_layer_stage","stage":"decode_mlp_path","elapsed_us":432,"layer_idx":31,"attn_kind":"full","batch":1,"seq":1,"hidden_size":2560}
{"event":"turboquant_decoder_layer_stage","stage":"decode_layer_output","elapsed_us":146,"layer_idx":31,"attn_kind":"full","batch":1,"seq":1,"hidden_size":2560}
{"event":"turboquant_decoder_layer_stage","stage":"decode_layer_input","elapsed_us":166,"layer_idx":0,"attn_kind":"linear","batch":1,"seq":1,"hidden_size":2560}
{"event":"turboquant_decoder_layer_stage","stage":"decode_input_norm","elapsed_us":164,"layer_idx":0,"attn_kind":"linear","batch":1,"seq":1,"hidden_size":2560}
{"event":"turboquant_decoder_layer_stage","stage":"decode_attention_path","elapsed_us":365,"layer_idx":0,"attn_kind":"linear","batch":1,"seq":1,"hidden_size":2560}
{"event":"turboquant_decoder_layer_stage","stage":"decode_attention_residual","elapsed_us":190,"layer_idx":0,"attn_kind":"linear","batch":1,"seq":1,"hidden_size":2560}
{"event":"turboquant_decoder_layer_stage","stage":"decode_post_attention_norm","elapsed_us":183,"layer_idx":0,"attn_kind":"linear","batch":1,"seq":1,"hidden_size":2560}
{"event":"turboquant_decoder_layer_stage","stage":"decode_mlp_path","elapsed_us":434,"layer_idx":0,"attn_kind":"linear","batch":1,"seq":1,"hidden_size":2560}
{"event":"turboquant_decoder_layer_stage","stage":"decode_layer_output","elapsed_us":153,"layer_idx":0,"attn_kind":"linear","batch":1,"seq":1,"hidden_size":2560}
{"event":"turboquant_decoder_layer_stage","stage":"decode_layer_input","elapsed_us":0,"layer_idx":1,"attn_kind":"linear","batch":1,"seq":1,"hidden_size":2560}
{"event":"turboquant_decoder_layer_stage","stage":"decode_input_norm","elapsed_us":199,"layer_idx":1,"attn_kind":"linear","batch":1,"seq":1,"hidden_size":2560}
{"event":"turboquant_decoder_layer_stage","stage":"decode_attention_path","elapsed_us":367,"layer_idx":1,"attn_kind":"linear","batch":1,"seq":1,"hidden_size":2560}
{"event":"turboquant_decoder_layer_stage","stage":"decode_attention_residual","elapsed_us":186,"layer_idx":1,"attn_kind":"linear","batch":1,"seq":1,"hidden_size":2560}
{"event":"turboquant_decoder_layer_stage","stage":"decode_post_attention_norm","elapsed_us":165,"layer_idx":1,"attn_kind":"linear","batch":1,"seq":1,"hidden_size":2560}
{"event":"turboquant_decoder_layer_stage","stage":"decode_mlp_path","elapsed_us":406,"layer_idx":1,"attn_kind":"linear","batch":1,"seq":1,"hidden_size":2560}
{"event":"turboquant_decoder_layer_stage","stage":"decode_layer_output","elapsed_us":116,"layer_idx":1,"attn_kind":"linear","batch":1,"seq":1,"hidden_size":2560}
{"event":"turboquant_decoder_layer_stage","stage":"decode_layer_input","elapsed_us":0,"layer_idx":2,"attn_kind":"linear","batch":1,"seq":1,"hidden_size":2560}
{"event":"turboquant_decoder_layer_stage","stage":"decode_input_norm","elapsed_us":153,"layer_idx":2,"attn_kind":"linear","batch":1,"seq":1,"hidden_size":2560}
{"event":"turboquant_decoder_layer_stage","stage":"decode_attention_path","elapsed_us":387,"layer_idx":2,"attn_kind":"linear","batch":1,"seq":1,"hidden_size":2560}
{"event":"turboquant_decoder_layer_stage","stage":"decode_attention_residual","elapsed_us":180,"layer_idx":2,"attn_kind":"linear","batch":1,"seq":1,"hidden_size":2560}
{"event":"turboquant_decoder_layer_stage","stage":"decode_post_attention_norm","elapsed_us":146,"layer_idx":2,"attn_kind":"linear","batch":1,"seq":1,"hidden_size":2560}
{"event":"turboquant_decoder_layer_stage","stage":"decode_mlp_path","elapsed_us":491,"layer_idx":2,"attn_kind":"linear","batch":1,"seq":1,"hidden_size":2560}
{"event":"turboquant_decoder_layer_stage","stage":"decode_layer_output","elapsed_us":178,"layer_idx":2,"attn_kind":"linear","batch":1,"seq":1,"hidden_size":2560}
{"event":"turboquant_decoder_layer_stage","stage":"decode_layer_input","elapsed_us":0,"layer_idx":3,"attn_kind":"full","batch":1,"seq":1,"hidden_size":2560}
{"event":"turboquant_decoder_layer_stage","stage":"decode_input_norm","elapsed_us":182,"layer_idx":3,"attn_kind":"full","batch":1,"seq":1,"hidden_size":2560}
{"event":"turboquant_gated_attention_stage","stage":"decode_attention_input","elapsed_us":0,"layer_idx":3,"batch":1,"seq":1,"q_heads":16,"kv_heads":4,"head_dim":256}
{"event":"turboquant_gated_attention_stage","stage":"decode_qkv_proj","elapsed_us":259,"layer_idx":3,"batch":1,"seq":1,"q_heads":16,"kv_heads":4,"head_dim":256}
{"event":"turboquant_gated_attention_stage","stage":"decode_q_split_norm_reshape","elapsed_us":148,"layer_idx":3,"batch":1,"seq":1,"q_heads":16,"kv_heads":4,"head_dim":256}
{"event":"turboquant_decoder_layer_stage","stage":"decode_attention_path","elapsed_us":367,"layer_idx":3,"attn_kind":"full","batch":1,"seq":1,"hidden_size":2560}
{"event":"turboquant_decoder_layer_stage","stage":"decode_attention_residual","elapsed_us":153,"layer_idx":3,"attn_kind":"full","batch":1,"seq":1,"hidden_size":2560}
{"event":"turboquant_decoder_layer_stage","stage":"decode_post_attention_norm","elapsed_us":192,"layer_idx":3,"attn_kind":"full","batch":1,"seq":1,"hidden_size":2560}
{"event":"turboquant_decoder_layer_stage","stage":"decode_mlp_path","elapsed_us":485,"layer_idx":3,"attn_kind":"full","batch":1,"seq":1,"hidden_size":2560}
{"event":"turboquant_decoder_layer_stage","stage":"decode_layer_output","elapsed_us":194,"layer_idx":3,"attn_kind":"full","batch":1,"seq":1,"hidden_size":2560}
{"event":"turboquant_decoder_layer_stage","stage":"decode_layer_input","elapsed_us":0,"layer_idx":4,"attn_kind":"linear","batch":1,"seq":1,"hidden_size":2560}
{"event":"turboquant_decoder_layer_stage","stage":"decode_input_norm","elapsed_us":149,"layer_idx":4,"attn_kind":"linear","batch":1,"seq":1,"hidden_size":2560}
{"event":"turboquant_decoder_layer_stage","stage":"decode_attention_path","elapsed_us":374,"layer_idx":4,"attn_kind":"linear","batch":1,"seq":1,"hidden_size":2560}
{"event":"turboquant_decoder_layer_stage","stage":"decode_attention_residual","elapsed_us":208,"layer_idx":4,"attn_kind":"linear","batch":1,"seq":1,"hidden_size":2560}
{"event":"turboquant_decoder_layer_stage","stage":"decode_post_attention_norm","elapsed_us":146,"layer_idx":4,"attn_kind":"linear","batch":1,"seq":1,"hidden_size":2560}
{"event":"turboquant_decoder_layer_stage","stage":"decode_mlp_path","elapsed_us":551,"layer_idx":4,"attn_kind":"linear","batch":1,"seq":1,"hidden_size":2560}
{"event":"turboquant_decoder_layer_stage","stage":"decode_layer_output","elapsed_us":187,"layer_idx":4,"attn_kind":"linear","batch":1,"seq":1,"hidden_size":2560}
{"event":"turboquant_decoder_layer_stage","stage":"decode_layer_input","elapsed_us":0,"layer_idx":5,"attn_kind":"linear","batch":1,"seq":1,"hidden_size":2560}
{"event":"turboquant_decoder_layer_stage","stage":"decode_input_norm","elapsed_us":154,"layer_idx":5,"attn_kind":"linear","batch":1,"seq":1,"hidden_size":2560}
{"event":"turboquant_decoder_layer_stage","stage":"decode_attention_path","elapsed_us":373,"layer_idx":5,"attn_kind":"linear","batch":1,"seq":1,"hidden_size":2560}
{"event":"turboquant_decoder_layer_stage","stage":"decode_attention_residual","elapsed_us":155,"layer_idx":5,"attn_kind":"linear","batch":1,"seq":1,"hidden_size":2560}
{"event":"turboquant_decoder_layer_stage","stage":"decode_post_attention_norm","elapsed_us":157,"layer_idx":5,"attn_kind":"linear","batch":1,"seq":1,"hidden_size":2560}
{"event":"turboquant_decoder_layer_stage","stage":"decode_mlp_path","elapsed_us":480,"layer_idx":5,"attn_kind":"linear","batch":1,"seq":1,"hidden_size":2560}
{"event":"turboquant_decoder_layer_stage","stage":"decode_layer_output","elapsed_us":186,"layer_idx":5,"attn_kind":"linear","batch":1,"seq":1,"hidden_size":2560}
{"event":"turboquant_decoder_layer_stage","stage":"decode_layer_input","elapsed_us":0,"layer_idx":6,"attn_kind":"linear","batch":1,"seq":1,"hidden_size":2560}
{"event":"turboquant_decoder_layer_stage","stage":"decode_input_norm","elapsed_us":150,"layer_idx":6,"attn_kind":"linear","batch":1,"seq":1,"hidden_size":2560}
{"event":"turboquant_decoder_layer_stage","stage":"decode_attention_path","elapsed_us":374,"layer_idx":6,"attn_kind":"linear","batch":1,"seq":1,"hidden_size":2560}
{"event":"turboquant_decoder_layer_stage","stage":"decode_attention_residual","elapsed_us":141,"layer_idx":6,"attn_kind":"linear","batch":1,"seq":1,"hidden_size":2560}
{"event":"turboquant_decoder_layer_stage","stage":"decode_post_attention_norm","elapsed_us":182,"layer_idx":6,"attn_kind":"linear","batch":1,"seq":1,"hidden_size":2560}
{"event":"turboquant_decoder_layer_stage","stage":"decode_mlp_path","elapsed_us":420,"layer_idx":6,"attn_kind":"linear","batch":1,"seq":1,"hidden_size":2560}
{"event":"turboquant_decoder_layer_stage","stage":"decode_layer_output","elapsed_us":180,"layer_idx":6,"attn_kind":"linear","batch":1,"seq":1,"hidden_size":2560}
{"event":"turboquant_decoder_layer_stage","stage":"decode_layer_input","elapsed_us":0,"layer_idx":7,"attn_kind":"full","batch":1,"seq":1,"hidden_size":2560}
{"event":"turboquant_decoder_layer_stage","stage":"decode_input_norm","elapsed_us":144,"layer_idx":7,"attn_kind":"full","batch":1,"seq":1,"hidden_size":2560}
{"event":"turboquant_gated_attention_stage","stage":"decode_attention_input","elapsed_us":0,"layer_idx":7,"batch":1,"seq":1,"q_heads":16,"kv_heads":4,"head_dim":256}
{"event":"turboquant_gated_attention_stage","stage":"decode_qkv_proj","elapsed_us":263,"layer_idx":7,"batch":1,"seq":1,"q_heads":16,"kv_heads":4,"head_dim":256}
{"event":"turboquant_gated_attention_stage","stage":"decode_q_split_norm_reshape","elapsed_us":172,"layer_idx":7,"batch":1,"seq":1,"q_heads":16,"kv_heads":4,"head_dim":256}
{"event":"turboquant_decoder_layer_stage","stage":"decode_attention_path","elapsed_us":327,"layer_idx":7,"attn_kind":"full","batch":1,"seq":1,"hidden_size":2560}
{"event":"turboquant_decoder_layer_stage","stage":"decode_attention_residual","elapsed_us":142,"layer_idx":7,"attn_kind":"full","batch":1,"seq":1,"hidden_size":2560}
{"event":"turboquant_decoder_layer_stage","stage":"decode_post_attention_norm","elapsed_us":174,"layer_idx":7,"attn_kind":"full","batch":1,"seq":1,"hidden_size":2560}
{"event":"turboquant_decoder_layer_stage","stage":"decode_mlp_path","elapsed_us":440,"layer_idx":7,"attn_kind":"full","batch":1,"seq":1,"hidden_size":2560}
{"event":"turboquant_decoder_layer_stage","stage":"decode_layer_output","elapsed_us":149,"layer_idx":7,"attn_kind":"full","batch":1,"seq":1,"hidden_size":2560}
{"event":"turboquant_decoder_layer_stage","stage":"decode_layer_input","elapsed_us":0,"layer_idx":8,"attn_kind":"linear","batch":1,"seq":1,"hidden_size":2560}
{"event":"turboquant_decoder_layer_stage","stage":"decode_input_norm","elapsed_us":170,"layer_idx":8,"attn_kind":"linear","batch":1,"seq":1,"hidden_size":2560}
{"event":"turboquant_decoder_layer_stage","stage":"decode_attention_path","elapsed_us":363,"layer_idx":8,"attn_kind":"linear","batch":1,"seq":1,"hidden_size":2560}
{"event":"turboquant_decoder_layer_stage","stage":"decode_attention_residual","elapsed_us":150,"layer_idx":8,"attn_kind":"linear","batch":1,"seq":1,"hidden_size":2560}
{"event":"turboquant_decoder_layer_stage","stage":"decode_post_attention_norm","elapsed_us":161,"layer_idx":8,"attn_kind":"linear","batch":1,"seq":1,"hidden_size":2560}
{"event":"turboquant_decoder_layer_stage","stage":"decode_mlp_path","elapsed_us":490,"layer_idx":8,"attn_kind":"linear","batch":1,"seq":1,"hidden_size":2560}
{"event":"turboquant_decoder_layer_stage","stage":"decode_layer_output","elapsed_us":182,"layer_idx":8,"attn_kind":"linear","batch":1,"seq":1,"hidden_size":2560}
{"event":"turboquant_decoder_layer_stage","stage":"decode_layer_input","elapsed_us":0,"layer_idx":9,"attn_kind":"linear","batch":1,"seq":1,"hidden_size":2560}
{"event":"turboquant_decoder_layer_stage","stage":"decode_input_norm","elapsed_us":157,"layer_idx":9,"attn_kind":"linear","batch":1,"seq":1,"hidden_size":2560}
{"event":"turboquant_decoder_layer_stage","stage":"decode_attention_path","elapsed_us":388,"layer_idx":9,"attn_kind":"linear","batch":1,"seq":1,"hidden_size":2560}
{"event":"turboquant_decoder_layer_stage","stage":"decode_attention_residual","elapsed_us":162,"layer_idx":9,"attn_kind":"linear","batch":1,"seq":1,"hidden_size":2560}
{"event":"turboquant_decoder_layer_stage","stage":"decode_post_attention_norm","elapsed_us":205,"layer_idx":9,"attn_kind":"linear","batch":1,"seq":1,"hidden_size":2560}
{"event":"turboquant_decoder_layer_stage","stage":"decode_mlp_path","elapsed_us":511,"layer_idx":9,"attn_kind":"linear","batch":1,"seq":1,"hidden_size":2560}
{"event":"turboquant_decoder_layer_stage","stage":"decode_layer_output","elapsed_us":196,"layer_idx":9,"attn_kind":"linear","batch":1,"seq":1,"hidden_size":2560}
{"event":"turboquant_decoder_layer_stage","stage":"decode_layer_input","elapsed_us":0,"layer_idx":10,"attn_kind":"linear","batch":1,"seq":1,"hidden_size":2560}
{"event":"turboquant_decoder_layer_stage","stage":"decode_input_norm","elapsed_us":142,"layer_idx":10,"attn_kind":"linear","batch":1,"seq":1,"hidden_size":2560}
{"event":"turboquant_decoder_layer_stage","stage":"decode_attention_path","elapsed_us":366,"layer_idx":10,"attn_kind":"linear","batch":1,"seq":1,"hidden_size":2560}
{"event":"turboquant_decoder_layer_stage","stage":"decode_attention_residual","elapsed_us":179,"layer_idx":10,"attn_kind":"linear","batch":1,"seq":1,"hidden_size":2560}
{"event":"turboquant_decoder_layer_stage","stage":"decode_post_attention_norm","elapsed_us":179,"layer_idx":10,"attn_kind":"linear","batch":1,"seq":1,"hidden_size":2560}
{"event":"turboquant_decoder_layer_stage","stage":"decode_mlp_path","elapsed_us":505,"layer_idx":10,"attn_kind":"linear","batch":1,"seq":1,"hidden_size":2560}
{"event":"turboquant_decoder_layer_stage","stage":"decode_layer_output","elapsed_us":180,"layer_idx":10,"attn_kind":"linear","batch":1,"seq":1,"hidden_size":2560}
{"event":"turboquant_decoder_layer_stage","stage":"decode_layer_input","elapsed_us":0,"layer_idx":11,"attn_kind":"full","batch":1,"seq":1,"hidden_size":2560}
{"event":"turboquant_decoder_layer_stage","stage":"decode_input_norm","elapsed_us":153,"layer_idx":11,"attn_kind":"full","batch":1,"seq":1,"hidden_size":2560}
{"event":"turboquant_gated_attention_stage","stage":"decode_attention_input","elapsed_us":0,"layer_idx":11,"batch":1,"seq":1,"q_heads":16,"kv_heads":4,"head_dim":256}
{"event":"turboquant_gated_attention_stage","stage":"decode_qkv_proj","elapsed_us":264,"layer_idx":11,"batch":1,"seq":1,"q_heads":16,"kv_heads":4,"head_dim":256}
{"event":"turboquant_gated_attention_stage","stage":"decode_q_split_norm_reshape","elapsed_us":160,"layer_idx":11,"batch":1,"seq":1,"q_heads":16,"kv_heads":4,"head_dim":256}
{"event":"turboquant_decoder_layer_stage","stage":"decode_attention_path","elapsed_us":328,"layer_idx":11,"attn_kind":"full","batch":1,"seq":1,"hidden_size":2560}
{"event":"turboquant_decoder_layer_stage","stage":"decode_attention_residual","elapsed_us":144,"layer_idx":11,"attn_kind":"full","batch":1,"seq":1,"hidden_size":2560}
{"event":"turboquant_decoder_layer_stage","stage":"decode_post_attention_norm","elapsed_us":175,"layer_idx":11,"attn_kind":"full","batch":1,"seq":1,"hidden_size":2560}
{"event":"turboquant_decoder_layer_stage","stage":"decode_mlp_path","elapsed_us":434,"layer_idx":11,"attn_kind":"full","batch":1,"seq":1,"hidden_size":2560}
{"event":"turboquant_decoder_layer_stage","stage":"decode_layer_output","elapsed_us":162,"layer_idx":11,"attn_kind":"full","batch":1,"seq":1,"hidden_size":2560}
{"event":"turboquant_decoder_layer_stage","stage":"decode_layer_input","elapsed_us":0,"layer_idx":12,"attn_kind":"linear","batch":1,"seq":1,"hidden_size":2560}
{"event":"turboquant_decoder_layer_stage","stage":"decode_input_norm","elapsed_us":154,"layer_idx":12,"attn_kind":"linear","batch":1,"seq":1,"hidden_size":2560}
{"event":"turboquant_decoder_layer_stage","stage":"decode_attention_path","elapsed_us":374,"layer_idx":12,"attn_kind":"linear","batch":1,"seq":1,"hidden_size":2560}
{"event":"turboquant_decoder_layer_stage","stage":"decode_attention_residual","elapsed_us":200,"layer_idx":12,"attn_kind":"linear","batch":1,"seq":1,"hidden_size":2560}
{"event":"turboquant_decoder_layer_stage","stage":"decode_post_attention_norm","elapsed_us":183,"layer_idx":12,"attn_kind":"linear","batch":1,"seq":1,"hidden_size":2560}
{"event":"turboquant_decoder_layer_stage","stage":"decode_mlp_path","elapsed_us":517,"layer_idx":12,"attn_kind":"linear","batch":1,"seq":1,"hidden_size":2560}
{"event":"turboquant_decoder_layer_stage","stage":"decode_layer_output","elapsed_us":198,"layer_idx":12,"attn_kind":"linear","batch":1,"seq":1,"hidden_size":2560}
{"event":"turboquant_decoder_layer_stage","stage":"decode_layer_input","elapsed_us":0,"layer_idx":13,"attn_kind":"linear","batch":1,"seq":1,"hidden_size":2560}
{"event":"turboquant_decoder_layer_stage","stage":"decode_input_norm","elapsed_us":150,"layer_idx":13,"attn_kind":"linear","batch":1,"seq":1,"hidden_size":2560}
{"event":"turboquant_decoder_layer_stage","stage":"decode_attention_path","elapsed_us":381,"layer_idx":13,"attn_kind":"linear","batch":1,"seq":1,"hidden_size":2560}
{"event":"turboquant_decoder_layer_stage","stage":"decode_attention_residual","elapsed_us":186,"layer_idx":13,"attn_kind":"linear","batch":1,"seq":1,"hidden_size":2560}
{"event":"turboquant_decoder_layer_stage","stage":"decode_post_attention_norm","elapsed_us":148,"layer_idx":13,"attn_kind":"linear","batch":1,"seq":1,"hidden_size":2560}
{"event":"turboquant_decoder_layer_stage","stage":"decode_mlp_path","elapsed_us":457,"layer_idx":13,"attn_kind":"linear","batch":1,"seq":1,"hidden_size":2560}
{"event":"turboquant_decoder_layer_stage","stage":"decode_layer_output","elapsed_us":187,"layer_idx":13,"attn_kind":"linear","batch":1,"seq":1,"hidden_size":2560}
{"event":"turboquant_decoder_layer_stage","stage":"decode_layer_input","elapsed_us":0,"layer_idx":14,"attn_kind":"linear","batch":1,"seq":1,"hidden_size":2560}
{"event":"turboquant_decoder_layer_stage","stage":"decode_input_norm","elapsed_us":133,"layer_idx":14,"attn_kind":"linear","batch":1,"seq":1,"hidden_size":2560}
{"event":"turboquant_decoder_layer_stage","stage":"decode_attention_path","elapsed_us":366,"layer_idx":14,"attn_kind":"linear","batch":1,"seq":1,"hidden_size":2560}
{"event":"turboquant_decoder_layer_stage","stage":"decode_attention_residual","elapsed_us":157,"layer_idx":14,"attn_kind":"linear","batch":1,"seq":1,"hidden_size":2560}
{"event":"turboquant_decoder_layer_stage","stage":"decode_post_attention_norm","elapsed_us":132,"layer_idx":14,"attn_kind":"linear","batch":1,"seq":1,"hidden_size":2560}
{"event":"turboquant_decoder_layer_stage","stage":"decode_mlp_path","elapsed_us":495,"layer_idx":14,"attn_kind":"linear","batch":1,"seq":1,"hidden_size":2560}
{"event":"turboquant_decoder_layer_stage","stage":"decode_layer_output","elapsed_us":152,"layer_idx":14,"attn_kind":"linear","batch":1,"seq":1,"hidden_size":2560}
{"event":"turboquant_decoder_layer_stage","stage":"decode_layer_input","elapsed_us":0,"layer_idx":15,"attn_kind":"full","batch":1,"seq":1,"hidden_size":2560}
{"event":"turboquant_decoder_layer_stage","stage":"decode_input_norm","elapsed_us":138,"layer_idx":15,"attn_kind":"full","batch":1,"seq":1,"hidden_size":2560}
{"event":"turboquant_gated_attention_stage","stage":"decode_attention_input","elapsed_us":0,"layer_idx":15,"batch":1,"seq":1,"q_heads":16,"kv_heads":4,"head_dim":256}
{"event":"turboquant_gated_attention_stage","stage":"decode_qkv_proj","elapsed_us":254,"layer_idx":15,"batch":1,"seq":1,"q_heads":16,"kv_heads":4,"head_dim":256}
{"event":"turboquant_gated_attention_stage","stage":"decode_q_split_norm_reshape","elapsed_us":144,"layer_idx":15,"batch":1,"seq":1,"q_heads":16,"kv_heads":4,"head_dim":256}
{"event":"turboquant_decoder_layer_stage","stage":"decode_attention_path","elapsed_us":331,"layer_idx":15,"attn_kind":"full","batch":1,"seq":1,"hidden_size":2560}
{"event":"turboquant_decoder_layer_stage","stage":"decode_attention_residual","elapsed_us":153,"layer_idx":15,"attn_kind":"full","batch":1,"seq":1,"hidden_size":2560}
{"event":"turboquant_decoder_layer_stage","stage":"decode_post_attention_norm","elapsed_us":147,"layer_idx":15,"attn_kind":"full","batch":1,"seq":1,"hidden_size":2560}
{"event":"turboquant_decoder_layer_stage","stage":"decode_mlp_path","elapsed_us":450,"layer_idx":15,"attn_kind":"full","batch":1,"seq":1,"hidden_size":2560}
{"event":"turboquant_decoder_layer_stage","stage":"decode_layer_output","elapsed_us":154,"layer_idx":15,"attn_kind":"full","batch":1,"seq":1,"hidden_size":2560}
{"event":"turboquant_decoder_layer_stage","stage":"decode_layer_input","elapsed_us":0,"layer_idx":16,"attn_kind":"linear","batch":1,"seq":1,"hidden_size":2560}
{"event":"turboquant_decoder_layer_stage","stage":"decode_input_norm","elapsed_us":164,"layer_idx":16,"attn_kind":"linear","batch":1,"seq":1,"hidden_size":2560}
{"event":"turboquant_decoder_layer_stage","stage":"decode_attention_path","elapsed_us":476,"layer_idx":16,"attn_kind":"linear","batch":1,"seq":1,"hidden_size":2560}
{"event":"turboquant_decoder_layer_stage","stage":"decode_attention_residual","elapsed_us":184,"layer_idx":16,"attn_kind":"linear","batch":1,"seq":1,"hidden_size":2560}
{"event":"turboquant_decoder_layer_stage","stage":"decode_post_attention_norm","elapsed_us":190,"layer_idx":16,"attn_kind":"linear","batch":1,"seq":1,"hidden_size":2560}
{"event":"turboquant_decoder_layer_stage","stage":"decode_mlp_path","elapsed_us":461,"layer_idx":16,"attn_kind":"linear","batch":1,"seq":1,"hidden_size":2560}
{"event":"turboquant_decoder_layer_stage","stage":"decode_layer_output","elapsed_us":164,"layer_idx":16,"attn_kind":"linear","batch":1,"seq":1,"hidden_size":2560}
{"event":"turboquant_decoder_layer_stage","stage":"decode_layer_input","elapsed_us":0,"layer_idx":17,"attn_kind":"linear","batch":1,"seq":1,"hidden_size":2560}
{"event":"turboquant_decoder_layer_stage","stage":"decode_input_norm","elapsed_us":164,"layer_idx":17,"attn_kind":"linear","batch":1,"seq":1,"hidden_size":2560}
{"event":"turboquant_decoder_layer_stage","stage":"decode_attention_path","elapsed_us":387,"layer_idx":17,"attn_kind":"linear","batch":1,"seq":1,"hidden_size":2560}
{"event":"turboquant_decoder_layer_stage","stage":"decode_attention_residual","elapsed_us":155,"layer_idx":17,"attn_kind":"linear","batch":1,"seq":1,"hidden_size":2560}
{"event":"turboquant_decoder_layer_stage","stage":"decode_post_attention_norm","elapsed_us":170,"layer_idx":17,"attn_kind":"linear","batch":1,"seq":1,"hidden_size":2560}
{"event":"turboquant_decoder_layer_stage","stage":"decode_mlp_path","elapsed_us":441,"layer_idx":17,"attn_kind":"linear","batch":1,"seq":1,"hidden_size":2560}
{"event":"turboquant_decoder_layer_stage","stage":"decode_layer_output","elapsed_us":145,"layer_idx":17,"attn_kind":"linear","batch":1,"seq":1,"hidden_size":2560}
{"event":"turboquant_decoder_layer_stage","stage":"decode_layer_input","elapsed_us":0,"layer_idx":18,"attn_kind":"linear","batch":1,"seq":1,"hidden_size":2560}
{"event":"turboquant_decoder_layer_stage","stage":"decode_input_norm","elapsed_us":174,"layer_idx":18,"attn_kind":"linear","batch":1,"seq":1,"hidden_size":2560}
{"event":"turboquant_decoder_layer_stage","stage":"decode_attention_path","elapsed_us":409,"layer_idx":18,"attn_kind":"linear","batch":1,"seq":1,"hidden_size":2560}
{"event":"turboquant_decoder_layer_stage","stage":"decode_attention_residual","elapsed_us":164,"layer_idx":18,"attn_kind":"linear","batch":1,"seq":1,"hidden_size":2560}
{"event":"turboquant_decoder_layer_stage","stage":"decode_post_attention_norm","elapsed_us":183,"layer_idx":18,"attn_kind":"linear","batch":1,"seq":1,"hidden_size":2560}
{"event":"turboquant_decoder_layer_stage","stage":"decode_mlp_path","elapsed_us":473,"layer_idx":18,"attn_kind":"linear","batch":1,"seq":1,"hidden_size":2560}
{"event":"turboquant_decoder_layer_stage","stage":"decode_layer_output","elapsed_us":186,"layer_idx":18,"attn_kind":"linear","batch":1,"seq":1,"hidden_size":2560}
{"event":"turboquant_decoder_layer_stage","stage":"decode_layer_input","elapsed_us":0,"layer_idx":19,"attn_kind":"full","batch":1,"seq":1,"hidden_size":2560}
{"event":"turboquant_decoder_layer_stage","stage":"decode_input_norm","elapsed_us":146,"layer_idx":19,"attn_kind":"full","batch":1,"seq":1,"hidden_size":2560}
{"event":"turboquant_gated_attention_stage","stage":"decode_attention_input","elapsed_us":0,"layer_idx":19,"batch":1,"seq":1,"q_heads":16,"kv_heads":4,"head_dim":256}
{"event":"turboquant_gated_attention_stage","stage":"decode_qkv_proj","elapsed_us":300,"layer_idx":19,"batch":1,"seq":1,"q_heads":16,"kv_heads":4,"head_dim":256}
{"event":"turboquant_gated_attention_stage","stage":"decode_q_split_norm_reshape","elapsed_us":156,"layer_idx":19,"batch":1,"seq":1,"q_heads":16,"kv_heads":4,"head_dim":256}
{"event":"turboquant_decoder_layer_stage","stage":"decode_attention_path","elapsed_us":339,"layer_idx":19,"attn_kind":"full","batch":1,"seq":1,"hidden_size":2560}
{"event":"turboquant_decoder_layer_stage","stage":"decode_attention_residual","elapsed_us":150,"layer_idx":19,"attn_kind":"full","batch":1,"seq":1,"hidden_size":2560}
{"event":"turboquant_decoder_layer_stage","stage":"decode_post_attention_norm","elapsed_us":135,"layer_idx":19,"attn_kind":"full","batch":1,"seq":1,"hidden_size":2560}
{"event":"turboquant_decoder_layer_stage","stage":"decode_mlp_path","elapsed_us":516,"layer_idx":19,"attn_kind":"full","batch":1,"seq":1,"hidden_size":2560}
{"event":"turboquant_decoder_layer_stage","stage":"decode_layer_output","elapsed_us":191,"layer_idx":19,"attn_kind":"full","batch":1,"seq":1,"hidden_size":2560}
{"event":"turboquant_decoder_layer_stage","stage":"decode_layer_input","elapsed_us":0,"layer_idx":20,"attn_kind":"linear","batch":1,"seq":1,"hidden_size":2560}
{"event":"turboquant_decoder_layer_stage","stage":"decode_input_norm","elapsed_us":157,"layer_idx":20,"attn_kind":"linear","batch":1,"seq":1,"hidden_size":2560}
{"event":"turboquant_decoder_layer_stage","stage":"decode_attention_path","elapsed_us":329,"layer_idx":20,"attn_kind":"linear","batch":1,"seq":1,"hidden_size":2560}
{"event":"turboquant_decoder_layer_stage","stage":"decode_attention_residual","elapsed_us":174,"layer_idx":20,"attn_kind":"linear","batch":1,"seq":1,"hidden_size":2560}
{"event":"turboquant_decoder_layer_stage","stage":"decode_post_attention_norm","elapsed_us":143,"layer_idx":20,"attn_kind":"linear","batch":1,"seq":1,"hidden_size":2560}
{"event":"turboquant_decoder_layer_stage","stage":"decode_mlp_path","elapsed_us":427,"layer_idx":20,"attn_kind":"linear","batch":1,"seq":1,"hidden_size":2560}
{"event":"turboquant_decoder_layer_stage","stage":"decode_layer_output","elapsed_us":184,"layer_idx":20,"attn_kind":"linear","batch":1,"seq":1,"hidden_size":2560}
{"event":"turboquant_decoder_layer_stage","stage":"decode_layer_input","elapsed_us":0,"layer_idx":21,"attn_kind":"linear","batch":1,"seq":1,"hidden_size":2560}
{"event":"turboquant_decoder_layer_stage","stage":"decode_input_norm","elapsed_us":148,"layer_idx":21,"attn_kind":"linear","batch":1,"seq":1,"hidden_size":2560}
{"event":"turboquant_decoder_layer_stage","stage":"decode_attention_path","elapsed_us":470,"layer_idx":21,"attn_kind":"linear","batch":1,"seq":1,"hidden_size":2560}
{"event":"turboquant_decoder_layer_stage","stage":"decode_attention_residual","elapsed_us":190,"layer_idx":21,"attn_kind":"linear","batch":1,"seq":1,"hidden_size":2560}
{"event":"turboquant_decoder_layer_stage","stage":"decode_post_attention_norm","elapsed_us":171,"layer_idx":21,"attn_kind":"linear","batch":1,"seq":1,"hidden_size":2560}
{"event":"turboquant_decoder_layer_stage","stage":"decode_mlp_path","elapsed_us":430,"layer_idx":21,"attn_kind":"linear","batch":1,"seq":1,"hidden_size":2560}
{"event":"turboquant_decoder_layer_stage","stage":"decode_layer_output","elapsed_us":158,"layer_idx":21,"attn_kind":"linear","batch":1,"seq":1,"hidden_size":2560}
{"event":"turboquant_decoder_layer_stage","stage":"decode_layer_input","elapsed_us":0,"layer_idx":22,"attn_kind":"linear","batch":1,"seq":1,"hidden_size":2560}
{"event":"turboquant_decoder_layer_stage","stage":"decode_input_norm","elapsed_us":171,"layer_idx":22,"attn_kind":"linear","batch":1,"seq":1,"hidden_size":2560}
{"event":"turboquant_decoder_layer_stage","stage":"decode_attention_path","elapsed_us":480,"layer_idx":22,"attn_kind":"linear","batch":1,"seq":1,"hidden_size":2560}
{"event":"turboquant_decoder_layer_stage","stage":"decode_attention_residual","elapsed_us":182,"layer_idx":22,"attn_kind":"linear","batch":1,"seq":1,"hidden_size":2560}
{"event":"turboquant_decoder_layer_stage","stage":"decode_post_attention_norm","elapsed_us":195,"layer_idx":22,"attn_kind":"linear","batch":1,"seq":1,"hidden_size":2560}
{"event":"turboquant_decoder_layer_stage","stage":"decode_mlp_path","elapsed_us":500,"layer_idx":22,"attn_kind":"linear","batch":1,"seq":1,"hidden_size":2560}
{"event":"turboquant_decoder_layer_stage","stage":"decode_layer_output","elapsed_us":206,"layer_idx":22,"attn_kind":"linear","batch":1,"seq":1,"hidden_size":2560}
{"event":"turboquant_decoder_layer_stage","stage":"decode_layer_input","elapsed_us":0,"layer_idx":23,"attn_kind":"full","batch":1,"seq":1,"hidden_size":2560}
{"event":"turboquant_decoder_layer_stage","stage":"decode_input_norm","elapsed_us":179,"layer_idx":23,"attn_kind":"full","batch":1,"seq":1,"hidden_size":2560}
{"event":"turboquant_gated_attention_stage","stage":"decode_attention_input","elapsed_us":0,"layer_idx":23,"batch":1,"seq":1,"q_heads":16,"kv_heads":4,"head_dim":256}
{"event":"turboquant_gated_attention_stage","stage":"decode_qkv_proj","elapsed_us":250,"layer_idx":23,"batch":1,"seq":1,"q_heads":16,"kv_heads":4,"head_dim":256}
{"event":"turboquant_gated_attention_stage","stage":"decode_q_split_norm_reshape","elapsed_us":146,"layer_idx":23,"batch":1,"seq":1,"q_heads":16,"kv_heads":4,"head_dim":256}
{"event":"turboquant_decoder_layer_stage","stage":"decode_attention_path","elapsed_us":319,"layer_idx":23,"attn_kind":"full","batch":1,"seq":1,"hidden_size":2560}
{"event":"turboquant_decoder_layer_stage","stage":"decode_attention_residual","elapsed_us":158,"layer_idx":23,"attn_kind":"full","batch":1,"seq":1,"hidden_size":2560}
{"event":"turboquant_decoder_layer_stage","stage":"decode_post_attention_norm","elapsed_us":197,"layer_idx":23,"attn_kind":"full","batch":1,"seq":1,"hidden_size":2560}
{"event":"turboquant_decoder_layer_stage","stage":"decode_mlp_path","elapsed_us":509,"layer_idx":23,"attn_kind":"full","batch":1,"seq":1,"hidden_size":2560}
{"event":"turboquant_decoder_layer_stage","stage":"decode_layer_output","elapsed_us":190,"layer_idx":23,"attn_kind":"full","batch":1,"seq":1,"hidden_size":2560}
{"event":"turboquant_decoder_layer_stage","stage":"decode_layer_input","elapsed_us":0,"layer_idx":24,"attn_kind":"linear","batch":1,"seq":1,"hidden_size":2560}
{"event":"turboquant_decoder_layer_stage","stage":"decode_input_norm","elapsed_us":145,"layer_idx":24,"attn_kind":"linear","batch":1,"seq":1,"hidden_size":2560}
{"event":"turboquant_decoder_layer_stage","stage":"decode_attention_path","elapsed_us":394,"layer_idx":24,"attn_kind":"linear","batch":1,"seq":1,"hidden_size":2560}
{"event":"turboquant_decoder_layer_stage","stage":"decode_attention_residual","elapsed_us":150,"layer_idx":24,"attn_kind":"linear","batch":1,"seq":1,"hidden_size":2560}
{"event":"turboquant_decoder_layer_stage","stage":"decode_post_attention_norm","elapsed_us":147,"layer_idx":24,"attn_kind":"linear","batch":1,"seq":1,"hidden_size":2560}
{"event":"turboquant_decoder_layer_stage","stage":"decode_mlp_path","elapsed_us":465,"layer_idx":24,"attn_kind":"linear","batch":1,"seq":1,"hidden_size":2560}
{"event":"turboquant_decoder_layer_stage","stage":"decode_layer_output","elapsed_us":188,"layer_idx":24,"attn_kind":"linear","batch":1,"seq":1,"hidden_size":2560}
{"event":"turboquant_decoder_layer_stage","stage":"decode_layer_input","elapsed_us":0,"layer_idx":25,"attn_kind":"linear","batch":1,"seq":1,"hidden_size":2560}
{"event":"turboquant_decoder_layer_stage","stage":"decode_input_norm","elapsed_us":141,"layer_idx":25,"attn_kind":"linear","batch":1,"seq":1,"hidden_size":2560}
{"event":"turboquant_decoder_layer_stage","stage":"decode_attention_path","elapsed_us":388,"layer_idx":25,"attn_kind":"linear","batch":1,"seq":1,"hidden_size":2560}
{"event":"turboquant_decoder_layer_stage","stage":"decode_attention_residual","elapsed_us":153,"layer_idx":25,"attn_kind":"linear","batch":1,"seq":1,"hidden_size":2560}
{"event":"turboquant_decoder_layer_stage","stage":"decode_post_attention_norm","elapsed_us":144,"layer_idx":25,"attn_kind":"linear","batch":1,"seq":1,"hidden_size":2560}
{"event":"turboquant_decoder_layer_stage","stage":"decode_mlp_path","elapsed_us":500,"layer_idx":25,"attn_kind":"linear","batch":1,"seq":1,"hidden_size":2560}
{"event":"turboquant_decoder_layer_stage","stage":"decode_layer_output","elapsed_us":217,"layer_idx":25,"attn_kind":"linear","batch":1,"seq":1,"hidden_size":2560}
{"event":"turboquant_decoder_layer_stage","stage":"decode_layer_input","elapsed_us":0,"layer_idx":26,"attn_kind":"linear","batch":1,"seq":1,"hidden_size":2560}
{"event":"turboquant_decoder_layer_stage","stage":"decode_input_norm","elapsed_us":114,"layer_idx":26,"attn_kind":"linear","batch":1,"seq":1,"hidden_size":2560}
{"event":"turboquant_decoder_layer_stage","stage":"decode_attention_path","elapsed_us":387,"layer_idx":26,"attn_kind":"linear","batch":1,"seq":1,"hidden_size":2560}
{"event":"turboquant_decoder_layer_stage","stage":"decode_attention_residual","elapsed_us":153,"layer_idx":26,"attn_kind":"linear","batch":1,"seq":1,"hidden_size":2560}
{"event":"turboquant_decoder_layer_stage","stage":"decode_post_attention_norm","elapsed_us":190,"layer_idx":26,"attn_kind":"linear","batch":1,"seq":1,"hidden_size":2560}
{"event":"turboquant_decoder_layer_stage","stage":"decode_mlp_path","elapsed_us":503,"layer_idx":26,"attn_kind":"linear","batch":1,"seq":1,"hidden_size":2560}
{"event":"turboquant_decoder_layer_stage","stage":"decode_layer_output","elapsed_us":182,"layer_idx":26,"attn_kind":"linear","batch":1,"seq":1,"hidden_size":2560}
{"event":"turboquant_decoder_layer_stage","stage":"decode_layer_input","elapsed_us":0,"layer_idx":27,"attn_kind":"full","batch":1,"seq":1,"hidden_size":2560}
{"event":"turboquant_decoder_layer_stage","stage":"decode_input_norm","elapsed_us":180,"layer_idx":27,"attn_kind":"full","batch":1,"seq":1,"hidden_size":2560}
{"event":"turboquant_gated_attention_stage","stage":"decode_attention_input","elapsed_us":0,"layer_idx":27,"batch":1,"seq":1,"q_heads":16,"kv_heads":4,"head_dim":256}
{"event":"turboquant_gated_attention_stage","stage":"decode_qkv_proj","elapsed_us":244,"layer_idx":27,"batch":1,"seq":1,"q_heads":16,"kv_heads":4,"head_dim":256}
{"event":"turboquant_gated_attention_stage","stage":"decode_q_split_norm_reshape","elapsed_us":169,"layer_idx":27,"batch":1,"seq":1,"q_heads":16,"kv_heads":4,"head_dim":256}
{"event":"turboquant_decoder_layer_stage","stage":"decode_attention_path","elapsed_us":332,"layer_idx":27,"attn_kind":"full","batch":1,"seq":1,"hidden_size":2560}
{"event":"turboquant_decoder_layer_stage","stage":"decode_attention_residual","elapsed_us":152,"layer_idx":27,"attn_kind":"full","batch":1,"seq":1,"hidden_size":2560}
{"event":"turboquant_decoder_layer_stage","stage":"decode_post_attention_norm","elapsed_us":165,"layer_idx":27,"attn_kind":"full","batch":1,"seq":1,"hidden_size":2560}
{"event":"turboquant_decoder_layer_stage","stage":"decode_mlp_path","elapsed_us":509,"layer_idx":27,"attn_kind":"full","batch":1,"seq":1,"hidden_size":2560}
{"event":"turboquant_decoder_layer_stage","stage":"decode_layer_output","elapsed_us":182,"layer_idx":27,"attn_kind":"full","batch":1,"seq":1,"hidden_size":2560}
{"event":"turboquant_decoder_layer_stage","stage":"decode_layer_input","elapsed_us":0,"layer_idx":28,"attn_kind":"linear","batch":1,"seq":1,"hidden_size":2560}
{"event":"turboquant_decoder_layer_stage","stage":"decode_input_norm","elapsed_us":153,"layer_idx":28,"attn_kind":"linear","batch":1,"seq":1,"hidden_size":2560}
{"event":"turboquant_decoder_layer_stage","stage":"decode_attention_path","elapsed_us":380,"layer_idx":28,"attn_kind":"linear","batch":1,"seq":1,"hidden_size":2560}
{"event":"turboquant_decoder_layer_stage","stage":"decode_attention_residual","elapsed_us":143,"layer_idx":28,"attn_kind":"linear","batch":1,"seq":1,"hidden_size":2560}
{"event":"turboquant_decoder_layer_stage","stage":"decode_post_attention_norm","elapsed_us":144,"layer_idx":28,"attn_kind":"linear","batch":1,"seq":1,"hidden_size":2560}
{"event":"turboquant_decoder_layer_stage","stage":"decode_mlp_path","elapsed_us":436,"layer_idx":28,"attn_kind":"linear","batch":1,"seq":1,"hidden_size":2560}
{"event":"turboquant_decoder_layer_stage","stage":"decode_layer_output","elapsed_us":185,"layer_idx":28,"attn_kind":"linear","batch":1,"seq":1,"hidden_size":2560}
{"event":"turboquant_decoder_layer_stage","stage":"decode_layer_input","elapsed_us":0,"layer_idx":29,"attn_kind":"linear","batch":1,"seq":1,"hidden_size":2560}
{"event":"turboquant_decoder_layer_stage","stage":"decode_input_norm","elapsed_us":151,"layer_idx":29,"attn_kind":"linear","batch":1,"seq":1,"hidden_size":2560}
{"event":"turboquant_decoder_layer_stage","stage":"decode_attention_path","elapsed_us":368,"layer_idx":29,"attn_kind":"linear","batch":1,"seq":1,"hidden_size":2560}
{"event":"turboquant_decoder_layer_stage","stage":"decode_attention_residual","elapsed_us":155,"layer_idx":29,"attn_kind":"linear","batch":1,"seq":1,"hidden_size":2560}
{"event":"turboquant_decoder_layer_stage","stage":"decode_post_attention_norm","elapsed_us":155,"layer_idx":29,"attn_kind":"linear","batch":1,"seq":1,"hidden_size":2560}
{"event":"turboquant_decoder_layer_stage","stage":"decode_mlp_path","elapsed_us":495,"layer_idx":29,"attn_kind":"linear","batch":1,"seq":1,"hidden_size":2560}
{"event":"turboquant_decoder_layer_stage","stage":"decode_layer_output","elapsed_us":180,"layer_idx":29,"attn_kind":"linear","batch":1,"seq":1,"hidden_size":2560}
{"event":"turboquant_decoder_layer_stage","stage":"decode_layer_input","elapsed_us":0,"layer_idx":30,"attn_kind":"linear","batch":1,"seq":1,"hidden_size":2560}
{"event":"turboquant_decoder_layer_stage","stage":"decode_input_norm","elapsed_us":139,"layer_idx":30,"attn_kind":"linear","batch":1,"seq":1,"hidden_size":2560}
{"event":"turboquant_decoder_layer_stage","stage":"decode_attention_path","elapsed_us":413,"layer_idx":30,"attn_kind":"linear","batch":1,"seq":1,"hidden_size":2560}
{"event":"turboquant_decoder_layer_stage","stage":"decode_attention_residual","elapsed_us":149,"layer_idx":30,"attn_kind":"linear","batch":1,"seq":1,"hidden_size":2560}
{"event":"turboquant_decoder_layer_stage","stage":"decode_post_attention_norm","elapsed_us":166,"layer_idx":30,"attn_kind":"linear","batch":1,"seq":1,"hidden_size":2560}
{"event":"turboquant_decoder_layer_stage","stage":"decode_mlp_path","elapsed_us":437,"layer_idx":30,"attn_kind":"linear","batch":1,"seq":1,"hidden_size":2560}
{"event":"turboquant_decoder_layer_stage","stage":"decode_layer_output","elapsed_us":186,"layer_idx":30,"attn_kind":"linear","batch":1,"seq":1,"hidden_size":2560}
{"event":"turboquant_decoder_layer_stage","stage":"decode_layer_input","elapsed_us":0,"layer_idx":31,"attn_kind":"full","batch":1,"seq":1,"hidden_size":2560}
{"event":"turboquant_decoder_layer_stage","stage":"decode_input_norm","elapsed_us":134,"layer_idx":31,"attn_kind":"full","batch":1,"seq":1,"hidden_size":2560}
{"event":"turboquant_gated_attention_stage","stage":"decode_attention_input","elapsed_us":0,"layer_idx":31,"batch":1,"seq":1,"q_heads":16,"kv_heads":4,"head_dim":256}
{"event":"turboquant_gated_attention_stage","stage":"decode_qkv_proj","elapsed_us":279,"layer_idx":31,"batch":1,"seq":1,"q_heads":16,"kv_heads":4,"head_dim":256}
{"event":"turboquant_gated_attention_stage","stage":"decode_q_split_norm_reshape","elapsed_us":151,"layer_idx":31,"batch":1,"seq":1,"q_heads":16,"kv_heads":4,"head_dim":256}
{"event":"turboquant_decoder_layer_stage","stage":"decode_attention_path","elapsed_us":334,"layer_idx":31,"attn_kind":"full","batch":1,"seq":1,"hidden_size":2560}
{"event":"turboquant_decoder_layer_stage","stage":"decode_attention_residual","elapsed_us":155,"layer_idx":31,"attn_kind":"full","batch":1,"seq":1,"hidden_size":2560}
{"event":"turboquant_decoder_layer_stage","stage":"decode_post_attention_norm","elapsed_us":148,"layer_idx":31,"attn_kind":"full","batch":1,"seq":1,"hidden_size":2560}
{"event":"turboquant_decoder_layer_stage","stage":"decode_mlp_path","elapsed_us":507,"layer_idx":31,"attn_kind":"full","batch":1,"seq":1,"hidden_size":2560}
{"event":"turboquant_decoder_layer_stage","stage":"decode_layer_output","elapsed_us":178,"layer_idx":31,"attn_kind":"full","batch":1,"seq":1,"hidden_size":2560}
